,keyword
134,backward
135,backward
136,backward
137,backward
138,backward
150,backward
151,backward
152,backward
168,backward
169,backward
182,backward
183,backward
184,backward
185,backward
186,backward
297,backward
298,backward
299,backward
355,backward
356,backward
357,backward
358,backward
359,backward
360,backward
361,backward
362,backward
398,backward
399,backward
400,backward
401,backward
402,backward
403,backward
404,backward
405,backward
406,backward
453,backward
454,backward
455,backward
456,backward
457,backward
458,backward
459,backward
464,backward
465,backward
466,backward
467,backward
468,backward
537,backward
538,backward
562,backward
563,backward
564,backward
565,backward
566,backward
667,backward
690,backward
691,backward
692,backward
693,backward
694,backward
719,backward
720,backward
721,backward
722,backward
723,backward
769,backward
770,backward
771,backward
772,backward
773,backward
801,backward
829,backward
830,backward
831,backward
832,backward
833,backward
834,backward
835,backward
836,backward
881,backward
882,backward
883,backward
884,backward
885,backward
943,backward
960,backward
961,backward
962,backward
963,backward
964,backward
997,backward
998,backward
999,backward
1000,backward
1001,backward
1049,backward
1050,backward
1051,backward
1084,backward
1085,backward
1086,backward
1087,backward
1127,backward
1128,backward
1157,backward
1158,backward
1159,backward
1160,backward
1161,backward
1229,backward
1230,backward
1232,backward
1233,backward
1246,backward
1247,backward
1248,backward
1249,backward
1250,backward
1251,backward
1252,backward
1253,backward
1254,backward
1255,backward
1256,backward
1257,backward
1258,backward
1259,backward
1260,backward
1261,backward
1262,backward
1263,backward
1264,backward
1265,backward
1266,backward
1267,backward
1268,backward
1284,backward
1285,backward
1286,backward
1287,backward
1288,backward
1440,backward
1441,backward
1442,backward
1443,backward
1444,backward
1495,backward
1501,backward
1502,backward
1503,backward
1504,backward
1505,backward
1550,backward
1551,backward
1552,backward
1553,backward
1554,backward
1555,backward
1556,backward
1557,backward
1558,backward
1559,backward
1560,backward
1561,backward
1562,backward
1563,backward
1673,bed
1685,bed
1697,bed
1698,bed
1712,bed
1718,bed
1724,bed
1725,bed
1757,bed
1772,bed
1777,bed
1780,bed
1781,bed
1793,bed
1801,bed
1827,bed
1841,bed
1862,bed
1876,bed
1880,bed
1881,bed
1889,bed
1890,bed
1902,bed
1917,bed
1925,bed
1926,bed
1927,bed
1961,bed
1962,bed
1963,bed
1964,bed
1968,bed
1987,bed
2001,bed
2006,bed
2024,bed
2025,bed
2026,bed
2066,bed
2067,bed
2093,bed
2105,bed
2140,bed
2162,bed
2166,bed
2168,bed
2176,bed
2182,bed
2221,bed
2222,bed
2249,bed
2253,bed
2255,bed
2256,bed
2257,bed
2303,bed
2330,bed
2331,bed
2332,bed
2333,bed
2334,bed
2337,bed
2338,bed
2355,bed
2356,bed
2402,bed
2403,bed
2445,bed
2446,bed
2459,bed
2460,bed
2465,bed
2472,bed
2481,bed
2501,bed
2540,bed
2559,bed
2577,bed
2582,bed
2621,bed
2632,bed
2633,bed
2644,bed
2646,bed
2650,bed
2686,bed
2697,bed
2698,bed
2711,bed
2712,bed
2720,bed
2722,bed
2723,bed
2730,bed
2739,bed
2743,bed
2773,bed
2774,bed
2775,bed
2780,bed
2781,bed
2807,bed
2821,bed
2830,bed
2831,bed
2844,bed
2849,bed
2850,bed
2851,bed
2852,bed
2853,bed
2854,bed
2885,bed
2906,bed
2917,bed
2932,bed
2934,bed
2937,bed
2946,bed
2949,bed
2971,bed
2975,bed
2978,bed
2990,bed
2998,bed
2999,bed
3001,bed
3020,bed
3025,bed
3026,bed
3027,bed
3036,bed
3039,bed
3040,bed
3041,bed
3042,bed
3071,bed
3072,bed
3073,bed
3075,bed
3076,bed
3078,bed
3079,bed
3094,bed
3100,bed
3119,bed
3167,bed
3168,bed
3186,bed
3187,bed
3188,bed
3189,bed
3190,bed
3191,bed
3203,bed
3204,bed
3220,bed
3236,bed
3289,bed
3290,bed
3294,bed
3295,bed
3303,bed
3304,bed
3313,bed
3323,bed
3324,bed
3325,bed
3339,bed
3350,bed
3351,bed
3368,bed
3372,bed
3373,bed
3375,bed
3381,bed
3382,bed
3383,bed
3385,bed
3386,bed
3422,bed
3434,bed
3499,bed
3506,bed
3521,bed
3524,bed
3525,bed
3533,bed
3569,bed
3577,bed
3578,bed
3593,bed
3600,bed
3619,bed
3620,bed
3639,bed
3640,bed
3641,bed
3646,bed
3662,bed
3673,bed
3687,bird
3705,bird
3714,bird
3758,bird
3759,bird
3782,bird
3786,bird
3787,bird
3795,bird
3796,bird
3811,bird
3841,bird
3860,bird
3871,bird
3892,bird
3896,bird
3904,bird
3926,bird
3937,bird
3938,bird
3975,bird
3976,bird
3977,bird
3978,bird
4012,bird
4018,bird
4039,bird
4040,bird
4043,bird
4077,bird
4083,bird
4087,bird
4088,bird
4098,bird
4099,bird
4105,bird
4131,bird
4146,bird
4168,bird
4176,bird
4177,bird
4178,bird
4179,bird
4191,bird
4195,bird
4203,bird
4211,bird
4215,bird
4222,bird
4223,bird
4224,bird
4226,bird
4227,bird
4228,bird
4307,bird
4308,bird
4320,bird
4356,bird
4379,bird
4385,bird
4407,bird
4408,bird
4447,bird
4448,bird
4449,bird
4480,bird
4489,bird
4492,bird
4493,bird
4494,bird
4495,bird
4513,bird
4518,bird
4531,bird
4554,bird
4570,bird
4571,bird
4589,bird
4626,bird
4633,bird
4635,bird
4636,bird
4637,bird
4638,bird
4661,bird
4686,bird
4687,bird
4706,bird
4708,bird
4737,bird
4738,bird
4751,bird
4752,bird
4773,bird
4774,bird
4777,bird
4778,bird
4783,bird
4796,bird
4798,bird
4831,bird
4832,bird
4836,bird
4856,bird
4857,bird
4860,bird
4861,bird
4862,bird
4870,bird
4871,bird
4880,bird
4881,bird
4888,bird
4889,bird
4894,bird
4896,bird
4932,bird
4944,bird
4965,bird
4967,bird
4974,bird
4981,bird
4989,bird
4991,bird
4992,bird
4993,bird
5007,bird
5023,bird
5024,bird
5029,bird
5030,bird
5035,bird
5038,bird
5039,bird
5040,bird
5057,bird
5064,bird
5065,bird
5087,bird
5094,bird
5097,bird
5110,bird
5126,bird
5128,bird
5129,bird
5130,bird
5160,bird
5223,bird
5224,bird
5240,bird
5241,bird
5242,bird
5243,bird
5244,bird
5245,bird
5246,bird
5266,bird
5267,bird
5268,bird
5290,bird
5350,bird
5361,bird
5379,bird
5398,bird
5399,bird
5406,bird
5407,bird
5425,bird
5432,bird
5437,bird
5438,bird
5439,bird
5455,bird
5456,bird
5470,bird
5485,bird
5486,bird
5487,bird
5488,bird
5489,bird
5500,bird
5502,bird
5507,bird
5559,bird
5564,bird
5575,bird
5581,bird
5583,bird
5584,bird
5592,bird
5595,bird
5596,bird
5629,bird
5630,bird
5638,bird
5639,bird
5652,bird
5683,bird
5684,bird
5685,bird
5701,bird
5705,bird
5711,bird
5720,bird
5739,bird
5740,bird
5757,cat
5766,cat
5767,cat
5783,cat
5799,cat
5800,cat
5815,cat
5851,cat
5852,cat
5859,cat
5867,cat
5868,cat
5869,cat
5870,cat
5871,cat
5880,cat
5887,cat
5888,cat
5913,cat
5918,cat
5954,cat
5955,cat
5957,cat
5993,cat
5999,cat
6000,cat
6001,cat
6010,cat
6042,cat
6047,cat
6075,cat
6076,cat
6077,cat
6080,cat
6105,cat
6106,cat
6107,cat
6108,cat
6114,cat
6115,cat
6116,cat
6133,cat
6161,cat
6169,cat
6173,cat
6174,cat
6187,cat
6188,cat
6189,cat
6197,cat
6218,cat
6226,cat
6257,cat
6266,cat
6286,cat
6290,cat
6301,cat
6302,cat
6303,cat
6329,cat
6330,cat
6355,cat
6357,cat
6358,cat
6402,cat
6473,cat
6502,cat
6512,cat
6531,cat
6536,cat
6546,cat
6548,cat
6570,cat
6584,cat
6610,cat
6617,cat
6633,cat
6635,cat
6636,cat
6637,cat
6641,cat
6651,cat
6676,cat
6686,cat
6697,cat
6698,cat
6711,cat
6712,cat
6722,cat
6723,cat
6725,cat
6764,cat
6765,cat
6776,cat
6777,cat
6796,cat
6799,cat
6800,cat
6803,cat
6804,cat
6805,cat
6806,cat
6809,cat
6818,cat
6819,cat
6820,cat
6821,cat
6822,cat
6838,cat
6839,cat
6862,cat
6863,cat
6902,cat
6908,cat
6912,cat
6914,cat
6919,cat
6920,cat
6930,cat
6931,cat
6963,cat
6964,cat
6977,cat
7000,cat
7001,cat
7003,cat
7004,cat
7006,cat
7016,cat
7028,cat
7043,cat
7044,cat
7045,cat
7058,cat
7059,cat
7064,cat
7085,cat
7089,cat
7090,cat
7091,cat
7092,cat
7120,cat
7133,cat
7136,cat
7137,cat
7142,cat
7157,cat
7158,cat
7171,cat
7174,cat
7175,cat
7177,cat
7178,cat
7198,cat
7199,cat
7217,cat
7223,cat
7268,cat
7276,cat
7277,cat
7310,cat
7367,cat
7368,cat
7379,cat
7394,cat
7416,cat
7449,cat
7455,cat
7458,cat
7466,cat
7469,cat
7475,cat
7495,cat
7501,cat
7511,cat
7512,cat
7513,cat
7514,cat
7515,cat
7516,cat
7530,cat
7533,cat
7534,cat
7539,cat
7540,cat
7585,cat
7595,cat
7614,cat
7642,cat
7643,cat
7660,cat
7661,cat
7662,cat
7689,cat
7693,cat
7694,cat
7713,cat
7732,cat
7735,cat
7742,cat
7743,cat
7752,cat
7770,cat
7788,dog
7789,dog
7807,dog
7808,dog
7826,dog
7836,dog
7837,dog
7846,dog
7875,dog
7902,dog
7903,dog
7904,dog
7905,dog
7910,dog
7911,dog
7912,dog
7915,dog
7916,dog
7917,dog
7918,dog
7919,dog
7934,dog
7938,dog
7942,dog
7947,dog
7976,dog
7997,dog
8018,dog
8023,dog
8030,dog
8031,dog
8062,dog
8067,dog
8068,dog
8080,dog
8106,dog
8107,dog
8108,dog
8112,dog
8113,dog
8134,dog
8135,dog
8149,dog
8152,dog
8175,dog
8185,dog
8201,dog
8208,dog
8215,dog
8216,dog
8230,dog
8236,dog
8237,dog
8255,dog
8257,dog
8274,dog
8304,dog
8319,dog
8337,dog
8338,dog
8342,dog
8348,dog
8349,dog
8357,dog
8364,dog
8391,dog
8392,dog
8417,dog
8418,dog
8420,dog
8474,dog
8498,dog
8513,dog
8576,dog
8577,dog
8579,dog
8580,dog
8581,dog
8606,dog
8611,dog
8625,dog
8643,dog
8644,dog
8686,dog
8697,dog
8698,dog
8711,dog
8712,dog
8715,dog
8725,dog
8726,dog
8727,dog
8728,dog
8729,dog
8760,dog
8761,dog
8762,dog
8769,dog
8785,dog
8798,dog
8799,dog
8800,dog
8801,dog
8810,dog
8812,dog
8854,dog
8855,dog
8870,dog
8871,dog
8872,dog
8887,dog
8891,dog
8892,dog
8899,dog
8900,dog
8904,dog
8943,dog
8977,dog
8981,dog
8985,dog
8994,dog
9002,dog
9003,dog
9005,dog
9006,dog
9009,dog
9011,dog
9018,dog
9056,dog
9086,dog
9093,dog
9097,dog
9106,dog
9114,dog
9126,dog
9136,dog
9141,dog
9147,dog
9149,dog
9150,dog
9165,dog
9176,dog
9177,dog
9197,dog
9201,dog
9204,dog
9205,dog
9214,dog
9215,dog
9216,dog
9244,dog
9245,dog
9250,dog
9251,dog
9294,dog
9340,dog
9341,dog
9354,dog
9379,dog
9391,dog
9397,dog
9404,dog
9463,dog
9481,dog
9505,dog
9527,dog
9534,dog
9535,dog
9544,dog
9566,dog
9569,dog
9570,dog
9581,dog
9598,dog
9599,dog
9600,dog
9622,dog
9624,dog
9625,dog
9626,dog
9641,dog
9644,dog
9653,dog
9686,dog
9697,dog
9706,dog
9715,dog
9727,dog
9737,dog
9743,dog
9746,dog
9772,dog
9784,dog
9785,dog
9786,dog
9790,dog
9816,dog
9841,dog
9842,dog
9843,dog
9844,dog
9845,dog
9853,dog
9854,dog
9855,dog
9856,dog
9859,dog
9865,dog
9877,dog
9878,dog
9897,dog
9898,dog
9955,down
9986,down
9987,down
9988,down
9989,down
9996,down
10057,down
10136,down
10137,down
10143,down
10169,down
10175,down
10176,down
10177,down
10178,down
10179,down
10192,down
10219,down
10220,down
10221,down
10222,down
10223,down
10238,down
10239,down
10240,down
10241,down
10244,down
10245,down
10246,down
10247,down
10266,down
10281,down
10282,down
10283,down
10294,down
10313,down
10314,down
10315,down
10320,down
10321,down
10322,down
10323,down
10324,down
10359,down
10424,down
10425,down
10426,down
10427,down
10428,down
10429,down
10453,down
10454,down
10455,down
10456,down
10457,down
10517,down
10518,down
10566,down
10571,down
10572,down
10582,down
10583,down
10584,down
10585,down
10595,down
10596,down
10597,down
10637,down
10638,down
10641,down
10668,down
10718,down
10719,down
10720,down
10736,down
10737,down
10738,down
10739,down
10740,down
10741,down
10746,down
10821,down
10822,down
10823,down
10824,down
10825,down
10829,down
10830,down
10831,down
10832,down
10866,down
10867,down
10868,down
10869,down
10870,down
10924,down
10937,down
10938,down
10946,down
10947,down
10958,down
10963,down
10964,down
10965,down
10966,down
10990,down
10991,down
10992,down
10993,down
10994,down
10995,down
11000,down
11001,down
11098,down
11109,down
11114,down
11115,down
11143,down
11144,down
11145,down
11157,down
11213,down
11214,down
11215,down
11216,down
11217,down
11251,down
11254,down
11302,down
11303,down
11372,down
11419,down
11420,down
11421,down
11449,down
11454,down
11465,down
11466,down
11467,down
11468,down
11469,down
11485,down
11489,down
11490,down
11491,down
11532,down
11555,down
11556,down
11557,down
11605,down
11606,down
11607,down
11608,down
11609,down
11653,down
11662,down
11669,down
11684,down
11685,down
11686,down
11708,down
11714,down
11715,down
11749,down
11771,down
11772,down
11773,down
11785,down
11787,down
11848,down
11849,down
11850,down
11851,down
11852,down
11853,down
11854,down
11855,down
11856,down
11879,down
11880,down
11881,down
11882,down
11883,down
11884,down
11921,down
11922,down
11923,down
11928,down
11940,down
11941,down
11947,down
11948,down
11949,down
11950,down
11953,down
11954,down
11955,down
12083,down
12092,down
12094,down
12095,down
12096,down
12097,down
12098,down
12107,down
12128,down
12134,down
12135,down
12136,down
12143,down
12144,down
12145,down
12146,down
12147,down
12148,down
12149,down
12150,down
12151,down
12161,down
12224,down
12225,down
12226,down
12227,down
12265,down
12304,down
12307,down
12308,down
12309,down
12310,down
12311,down
12312,down
12313,down
12315,down
12316,down
12317,down
12318,down
12319,down
12343,down
12344,down
12345,down
12346,down
12347,down
12349,down
12358,down
12361,down
12362,down
12363,down
12364,down
12365,down
12389,down
12415,down
12428,down
12429,down
12430,down
12431,down
12432,down
12454,down
12475,down
12482,down
12507,down
12529,down
12532,down
12534,down
12535,down
12575,down
12576,down
12607,down
12608,down
12609,down
12610,down
12611,down
12613,down
12614,down
12615,down
12623,down
12665,down
12707,down
12729,down
12730,down
12731,down
12732,down
12733,down
12822,down
12843,down
12858,down
12859,down
12860,down
12861,down
12862,down
12863,down
12864,down
12865,down
12866,down
12867,down
12868,down
12869,down
12870,down
12871,down
12917,down
12921,down
12937,down
12938,down
12939,down
12940,down
12959,down
12960,down
13070,down
13076,down
13089,down
13090,down
13136,down
13143,down
13166,down
13182,down
13228,down
13229,down
13230,down
13231,down
13232,down
13234,down
13236,down
13237,down
13251,down
13252,down
13253,down
13261,down
13290,down
13310,down
13311,down
13344,down
13345,down
13353,down
13354,down
13355,down
13356,down
13364,down
13442,down
13455,down
13456,down
13457,down
13458,down
13459,down
13460,down
13477,down
13478,down
13479,down
13480,down
13502,down
13504,down
13505,down
13506,down
13520,down
13521,down
13522,down
13523,down
13524,down
13527,down
13568,down
13592,down
13593,down
13594,down
13595,down
13596,down
13597,down
13598,down
13599,down
13600,down
13601,down
13602,down
13603,down
13604,down
13605,down
13606,down
13615,down
13616,down
13617,down
13649,down
13650,down
13651,down
13652,down
13653,down
13707,down
13708,down
13709,down
13710,down
13711,down
13712,down
13740,down
13741,down
13742,down
13783,down
13829,eight
13876,eight
13877,eight
13911,eight
13912,eight
13913,eight
13914,eight
13915,eight
13923,eight
13941,eight
13942,eight
14068,eight
14073,eight
14093,eight
14097,eight
14098,eight
14099,eight
14102,eight
14103,eight
14104,eight
14105,eight
14112,eight
14136,eight
14137,eight
14138,eight
14139,eight
14140,eight
14152,eight
14153,eight
14154,eight
14155,eight
14156,eight
14157,eight
14160,eight
14161,eight
14162,eight
14163,eight
14177,eight
14194,eight
14195,eight
14203,eight
14206,eight
14207,eight
14217,eight
14218,eight
14219,eight
14220,eight
14251,eight
14252,eight
14279,eight
14311,eight
14312,eight
14313,eight
14337,eight
14338,eight
14339,eight
14340,eight
14442,eight
14451,eight
14452,eight
14453,eight
14458,eight
14459,eight
14460,eight
14461,eight
14462,eight
14468,eight
14474,eight
14475,eight
14476,eight
14511,eight
14512,eight
14516,eight
14517,eight
14518,eight
14542,eight
14543,eight
14587,eight
14588,eight
14589,eight
14590,eight
14591,eight
14607,eight
14608,eight
14609,eight
14610,eight
14611,eight
14675,eight
14676,eight
14677,eight
14679,eight
14680,eight
14681,eight
14682,eight
14683,eight
14718,eight
14719,eight
14720,eight
14721,eight
14770,eight
14771,eight
14788,eight
14789,eight
14790,eight
14791,eight
14799,eight
14800,eight
14801,eight
14802,eight
14817,eight
14818,eight
14819,eight
14820,eight
14828,eight
14851,eight
14852,eight
14853,eight
14854,eight
14857,eight
14962,eight
14963,eight
14977,eight
14978,eight
14987,eight
15008,eight
15077,eight
15078,eight
15079,eight
15080,eight
15081,eight
15116,eight
15161,eight
15162,eight
15233,eight
15276,eight
15286,eight
15287,eight
15288,eight
15289,eight
15297,eight
15317,eight
15326,eight
15340,eight
15341,eight
15342,eight
15343,eight
15362,eight
15367,eight
15368,eight
15369,eight
15412,eight
15459,eight
15460,eight
15461,eight
15462,eight
15463,eight
15476,eight
15477,eight
15478,eight
15509,eight
15510,eight
15511,eight
15517,eight
15528,eight
15529,eight
15547,eight
15548,eight
15549,eight
15588,eight
15589,eight
15590,eight
15591,eight
15592,eight
15593,eight
15596,eight
15597,eight
15629,eight
15653,eight
15654,eight
15655,eight
15679,eight
15680,eight
15682,eight
15695,eight
15745,eight
15746,eight
15747,eight
15748,eight
15749,eight
15750,eight
15751,eight
15752,eight
15753,eight
15774,eight
15775,eight
15776,eight
15777,eight
15778,eight
15779,eight
15815,eight
15818,eight
15819,eight
15827,eight
15828,eight
15844,eight
15846,eight
15847,eight
15848,eight
15849,eight
15977,eight
15993,eight
15994,eight
15995,eight
15996,eight
15997,eight
16009,eight
16028,eight
16033,eight
16034,eight
16036,eight
16037,eight
16038,eight
16039,eight
16040,eight
16110,eight
16111,eight
16113,eight
16114,eight
16115,eight
16116,eight
16117,eight
16177,eight
16178,eight
16182,eight
16183,eight
16184,eight
16185,eight
16188,eight
16189,eight
16190,eight
16191,eight
16216,eight
16217,eight
16218,eight
16219,eight
16230,eight
16251,eight
16252,eight
16260,eight
16281,eight
16297,eight
16298,eight
16299,eight
16300,eight
16301,eight
16302,eight
16303,eight
16323,eight
16337,eight
16345,eight
16346,eight
16371,eight
16392,eight
16393,eight
16395,eight
16435,eight
16468,eight
16469,eight
16470,eight
16471,eight
16472,eight
16475,eight
16476,eight
16477,eight
16478,eight
16479,eight
16480,eight
16481,eight
16535,eight
16557,eight
16604,eight
16605,eight
16606,eight
16607,eight
16685,eight
16702,eight
16716,eight
16717,eight
16718,eight
16769,eight
16770,eight
16771,eight
16786,eight
16787,eight
16788,eight
16789,eight
16804,eight
16906,eight
16913,eight
16933,eight
16934,eight
16935,eight
16936,eight
17001,eight
17007,eight
17008,eight
17038,eight
17039,eight
17040,eight
17041,eight
17042,eight
17046,eight
17047,eight
17048,eight
17049,eight
17051,eight
17052,eight
17053,eight
17073,eight
17101,eight
17102,eight
17121,eight
17122,eight
17148,eight
17149,eight
17150,eight
17151,eight
17165,eight
17166,eight
17167,eight
17168,eight
17169,eight
17195,eight
17196,eight
17261,eight
17262,eight
17276,eight
17277,eight
17278,eight
17279,eight
17280,eight
17289,eight
17290,eight
17291,eight
17292,eight
17306,eight
17309,eight
17310,eight
17319,eight
17320,eight
17321,eight
17322,eight
17401,eight
17402,eight
17403,eight
17404,eight
17405,eight
17406,eight
17407,eight
17408,eight
17409,eight
17410,eight
17411,eight
17412,eight
17413,eight
17414,eight
17454,eight
17455,eight
17456,eight
17457,eight
17458,eight
17460,eight
17461,eight
17503,eight
17504,eight
17505,eight
17536,eight
17541,eight
17600,eight
17616,five
17641,five
17664,five
17693,five
17694,five
17695,five
17696,five
17697,five
17706,five
17707,five
17770,five
17868,five
17869,five
17870,five
17891,five
17893,five
17895,five
17896,five
17897,five
17898,five
17899,five
17942,five
17943,five
17944,five
17945,five
17946,five
17953,five
17954,five
17958,five
17959,five
17960,five
17961,five
17962,five
17997,five
18014,five
18015,five
18037,five
18038,five
18039,five
18040,five
18041,five
18101,five
18136,five
18137,five
18138,five
18163,five
18164,five
18165,five
18166,five
18211,five
18287,five
18288,five
18289,five
18306,five
18307,five
18308,five
18309,five
18310,five
18319,five
18327,five
18328,five
18329,five
18330,five
18331,five
18377,five
18378,five
18444,five
18445,five
18446,five
18461,five
18462,five
18463,five
18464,five
18465,five
18466,five
18467,five
18542,five
18543,five
18544,five
18545,five
18546,five
18549,five
18550,five
18551,five
18552,five
18553,five
18588,five
18589,five
18590,five
18591,five
18592,five
18643,five
18663,five
18675,five
18676,five
18677,five
18678,five
18693,five
18699,five
18700,five
18701,five
18704,five
18705,five
18706,five
18707,five
18708,five
18717,five
18730,five
18731,five
18732,five
18733,five
18734,five
18735,five
18740,five
18799,five
18800,five
18857,five
18858,five
18869,five
18870,five
18877,five
18906,five
18919,five
18971,five
18972,five
18973,five
18974,five
18975,five
19020,five
19021,five
19022,five
19077,five
19078,five
19156,five
19205,five
19206,five
19246,five
19255,five
19256,five
19257,five
19258,five
19259,five
19278,five
19279,five
19280,five
19281,five
19282,five
19335,five
19336,five
19410,five
19411,five
19412,five
19413,five
19414,five
19421,five
19422,five
19532,five
19533,five
19534,five
19535,five
19536,five
19549,five
19604,five
19605,five
19606,five
19624,five
19638,five
19688,five
19689,five
19690,five
19691,five
19692,five
19693,five
19694,five
19695,five
19696,five
19697,five
19722,five
19723,five
19724,five
19725,five
19726,five
19757,five
19762,five
19763,five
19766,five
19767,five
19783,five
19784,five
19785,five
19786,five
19788,five
19789,five
19790,five
19791,five
19792,five
19795,five
19870,five
19871,five
19942,five
19943,five
19953,five
19954,five
19955,five
19956,five
19970,five
19996,five
19997,five
19998,five
20008,five
20011,five
20012,five
20013,five
20014,five
20015,five
20027,five
20028,five
20029,five
20031,five
20102,five
20106,five
20107,five
20108,five
20109,five
20110,five
20140,five
20141,five
20160,five
20161,five
20163,five
20164,five
20165,five
20166,five
20170,five
20171,five
20172,five
20173,five
20200,five
20201,five
20202,five
20203,five
20204,five
20206,five
20212,five
20258,five
20259,five
20278,five
20279,five
20280,five
20281,five
20282,five
20322,five
20332,five
20333,five
20359,five
20377,five
20378,five
20379,five
20380,five
20382,five
20388,five
20389,five
20426,five
20427,five
20461,five
20462,five
20463,five
20464,five
20465,five
20468,five
20469,five
20481,five
20482,five
20483,five
20484,five
20523,five
20524,five
20543,five
20544,five
20570,five
20588,five
20589,five
20590,five
20630,five
20669,five
20693,five
20708,five
20709,five
20710,five
20711,five
20712,five
20713,five
20714,five
20715,five
20716,five
20717,five
20718,five
20719,five
20720,five
20721,five
20722,five
20723,five
20724,five
20725,five
20726,five
20794,five
20795,five
20796,five
20797,five
20798,five
20816,five
20932,five
20985,five
20987,five
20988,five
21003,five
21004,five
21008,five
21009,five
21019,five
21052,five
21053,five
21054,five
21055,five
21056,five
21057,five
21058,five
21059,five
21062,five
21083,five
21084,five
21088,five
21089,five
21112,five
21113,five
21137,five
21153,five
21154,five
21196,five
21197,five
21198,five
21199,five
21200,five
21265,five
21266,five
21292,five
21293,five
21294,five
21295,five
21296,five
21297,five
21311,five
21312,five
21313,five
21314,five
21315,five
21331,five
21332,five
21333,five
21351,five
21352,five
21353,five
21354,five
21355,five
21359,five
21360,five
21361,five
21362,five
21406,five
21430,five
21431,five
21432,five
21433,five
21434,five
21435,five
21436,five
21437,five
21438,five
21439,five
21440,five
21441,five
21442,five
21443,five
21444,five
21453,five
21454,five
21455,five
21487,five
21488,five
21489,five
21490,five
21491,five
21501,five
21541,five
21542,five
21543,five
21544,five
21545,five
21546,five
21576,five
21577,five
21578,five
21581,five
21582,five
21599,five
21651,five
21785,follow
21786,follow
21787,follow
21788,follow
21789,follow
21801,follow
21802,follow
21803,follow
21804,follow
21805,follow
21820,follow
21821,follow
21833,follow
21834,follow
21835,follow
21836,follow
21837,follow
21853,follow
21854,follow
21948,follow
21949,follow
21976,follow
21977,follow
21978,follow
22013,follow
22014,follow
22015,follow
22016,follow
22017,follow
22018,follow
22019,follow
22020,follow
22049,follow
22050,follow
22051,follow
22052,follow
22053,follow
22054,follow
22055,follow
22056,follow
22100,follow
22101,follow
22102,follow
22103,follow
22104,follow
22105,follow
22106,follow
22116,follow
22117,follow
22118,follow
22119,follow
22120,follow
22121,follow
22192,follow
22218,follow
22219,follow
22220,follow
22221,follow
22296,follow
22303,follow
22323,follow
22324,follow
22325,follow
22326,follow
22327,follow
22349,follow
22350,follow
22351,follow
22352,follow
22353,follow
22387,follow
22388,follow
22389,follow
22390,follow
22409,follow
22413,follow
22414,follow
22439,follow
22440,follow
22441,follow
22442,follow
22443,follow
22444,follow
22445,follow
22446,follow
22447,follow
22486,follow
22487,follow
22488,follow
22489,follow
22490,follow
22553,follow
22554,follow
22555,follow
22556,follow
22592,follow
22593,follow
22594,follow
22595,follow
22643,follow
22644,follow
22645,follow
22646,follow
22647,follow
22648,follow
22649,follow
22683,follow
22684,follow
22685,follow
22686,follow
22687,follow
22728,follow
22759,follow
22760,follow
22761,follow
22762,follow
22763,follow
22766,follow
22767,follow
22825,follow
22842,follow
22843,follow
22844,follow
22845,follow
22846,follow
22864,follow
22869,follow
22870,follow
22871,follow
22974,follow
23019,follow
23020,follow
23021,follow
23023,follow
23024,follow
23025,follow
23058,follow
23075,follow
23084,follow
23085,follow
23086,follow
23087,follow
23088,follow
23128,follow
23129,follow
23130,follow
23131,follow
23132,follow
23133,follow
23134,follow
23135,follow
23136,follow
23137,follow
23138,follow
23139,follow
23140,follow
23141,follow
23352,forward
23353,forward
23354,forward
23355,forward
23356,forward
23365,forward
23366,forward
23367,forward
23368,forward
23378,forward
23379,forward
23380,forward
23392,forward
23393,forward
23394,forward
23395,forward
23396,forward
23413,forward
23414,forward
23415,forward
23416,forward
23417,forward
23418,forward
23515,forward
23516,forward
23546,forward
23547,forward
23548,forward
23578,forward
23579,forward
23580,forward
23581,forward
23582,forward
23583,forward
23584,forward
23585,forward
23586,forward
23616,forward
23617,forward
23618,forward
23619,forward
23620,forward
23621,forward
23622,forward
23623,forward
23624,forward
23666,forward
23667,forward
23668,forward
23671,forward
23672,forward
23673,forward
23679,forward
23680,forward
23681,forward
23682,forward
23747,forward
23748,forward
23772,forward
23773,forward
23774,forward
23775,forward
23776,forward
23777,forward
23893,forward
23894,forward
23895,forward
23896,forward
23897,forward
23902,forward
23903,forward
23920,forward
23921,forward
23922,forward
23960,forward
23961,forward
23962,forward
23963,forward
23984,forward
23985,forward
23990,forward
24018,forward
24019,forward
24020,forward
24021,forward
24022,forward
24023,forward
24024,forward
24025,forward
24064,forward
24065,forward
24066,forward
24067,forward
24068,forward
24132,forward
24146,forward
24147,forward
24148,forward
24181,forward
24182,forward
24183,forward
24184,forward
24185,forward
24229,forward
24230,forward
24231,forward
24232,forward
24261,forward
24262,forward
24263,forward
24264,forward
24299,forward
24324,forward
24325,forward
24326,forward
24327,forward
24328,forward
24390,forward
24391,forward
24392,forward
24407,forward
24408,forward
24409,forward
24410,forward
24411,forward
24412,forward
24413,forward
24430,forward
24431,forward
24432,forward
24433,forward
24434,forward
24537,forward
24582,forward
24583,forward
24584,forward
24585,forward
24623,forward
24640,forward
24641,forward
24650,forward
24651,forward
24652,forward
24653,forward
24691,forward
24692,forward
24693,forward
24694,forward
24695,forward
24696,forward
24697,forward
24698,forward
24699,forward
24700,forward
24701,forward
24702,forward
24803,four
24821,four
24822,four
24872,four
24873,four
24874,four
24875,four
24876,four
24889,four
24947,four
24948,four
24949,four
25020,four
25021,four
25022,four
25048,four
25051,four
25052,four
25053,four
25054,four
25055,four
25064,four
25096,four
25097,four
25098,four
25099,four
25100,four
25111,four
25112,four
25113,four
25114,four
25115,four
25116,four
25117,four
25118,four
25125,four
25143,four
25154,four
25155,four
25180,four
25181,four
25183,four
25184,four
25185,four
25186,four
25218,four
25224,four
25225,four
25226,four
25227,four
25228,four
25265,four
25266,four
25267,four
25285,four
25287,four
25304,four
25305,four
25306,four
25328,four
25329,four
25330,four
25331,four
25332,four
25389,four
25441,four
25443,four
25444,four
25445,four
25446,four
25447,four
25453,four
25462,four
25463,four
25495,four
25496,four
25498,four
25567,four
25568,four
25569,four
25570,four
25571,four
25585,four
25586,four
25587,four
25588,four
25589,four
25596,four
25615,four
25616,four
25617,four
25662,four
25663,four
25664,four
25668,four
25669,four
25670,four
25671,four
25672,four
25710,four
25711,four
25712,four
25752,four
25757,four
25782,four
25783,four
25784,four
25785,four
25786,four
25802,four
25803,four
25811,four
25812,four
25813,four
25839,four
25840,four
25841,four
25842,four
25843,four
25845,four
25846,four
25847,four
25852,four
25853,four
25854,four
25910,four
25949,four
25950,four
25969,four
25990,four
25991,four
26056,four
26057,four
26058,four
26059,four
26060,four
26094,four
26095,four
26152,four
26153,four
26154,four
26268,four
26269,four
26277,four
26290,four
26307,four
26316,four
26326,four
26327,four
26328,four
26329,four
26352,four
26353,four
26354,four
26404,four
26470,four
26471,four
26472,four
26473,four
26474,four
26480,four
26481,four
26510,four
26522,four
26543,four
26577,four
26578,four
26579,four
26580,four
26627,four
26628,four
26655,four
26656,four
26673,four
26675,four
26676,four
26734,four
26735,four
26736,four
26737,four
26738,four
26739,four
26740,four
26767,four
26768,four
26769,four
26770,four
26771,four
26803,four
26809,four
26810,four
26815,four
26828,four
26832,four
26833,four
26858,four
26980,four
26981,four
26982,four
26983,four
26984,four
27019,four
27023,four
27024,four
27029,four
27030,four
27031,four
27041,four
27045,four
27098,four
27101,four
27102,four
27103,four
27104,four
27105,four
27129,four
27147,four
27148,four
27149,four
27150,four
27152,four
27153,four
27154,four
27155,four
27157,four
27158,four
27159,four
27185,four
27186,four
27187,four
27188,four
27201,four
27241,four
27247,four
27252,four
27253,four
27254,four
27255,four
27256,four
27257,four
27275,four
27276,four
27277,four
27298,four
27316,four
27325,four
27341,four
27342,four
27347,four
27348,four
27351,four
27353,four
27419,four
27420,four
27421,four
27423,four
27424,four
27425,four
27427,four
27428,four
27429,four
27496,four
27519,four
27520,four
27544,four
27545,four
27546,four
27547,four
27548,four
27641,four
27646,four
27647,four
27648,four
27649,four
27650,four
27651,four
27652,four
27653,four
27654,four
27655,four
27656,four
27657,four
27658,four
27659,four
27676,four
27677,four
27716,four
27717,four
27718,four
27719,four
27720,four
27736,four
27737,four
27841,four
27851,four
27852,four
27901,four
27902,four
27927,four
27928,four
27933,four
27934,four
27969,four
27970,four
27974,four
27975,four
27976,four
27978,four
27995,four
27996,four
28022,four
28023,four
28057,four
28058,four
28089,four
28090,four
28091,four
28103,four
28104,four
28105,four
28106,four
28107,four
28134,four
28181,four
28182,four
28215,four
28216,four
28217,four
28218,four
28219,four
28230,four
28231,four
28232,four
28233,four
28240,four
28241,four
28249,four
28255,four
28267,four
28268,four
28269,four
28270,four
28312,four
28329,four
28330,four
28331,four
28332,four
28333,four
28334,four
28335,four
28336,four
28339,four
28340,four
28341,four
28342,four
28343,four
28353,four
28355,four
28389,four
28390,four
28391,four
28392,four
28393,four
28395,four
28429,four
28430,four
28451,four
28460,four
28473,four
28474,four
28489,four
28512,four
28513,four
28564,go
28565,go
28591,go
28618,go
28619,go
28620,go
28621,go
28622,go
28634,go
28635,go
28636,go
28652,go
28700,go
28729,go
28730,go
28731,go
28779,go
28780,go
28781,go
28790,go
28797,go
28799,go
28824,go
28825,go
28826,go
28827,go
28836,go
28867,go
28868,go
28869,go
28870,go
28884,go
28885,go
28886,go
28889,go
28890,go
28891,go
28892,go
28912,go
28924,go
28925,go
28938,go
28945,go
28946,go
28962,go
28964,go
28965,go
28966,go
28967,go
28968,go
28994,go
28996,go
28997,go
29061,go
29062,go
29063,go
29087,go
29088,go
29089,go
29090,go
29091,go
29134,go
29135,go
29153,go
29154,go
29208,go
29217,go
29218,go
29219,go
29220,go
29221,go
29232,go
29233,go
29234,go
29276,go
29277,go
29278,go
29282,go
29283,go
29313,go
29354,go
29355,go
29356,go
29357,go
29358,go
29359,go
29360,go
29375,go
29376,go
29377,go
29378,go
29379,go
29380,go
29387,go
29415,go
29416,go
29417,go
29459,go
29460,go
29461,go
29462,go
29463,go
29466,go
29467,go
29468,go
29509,go
29510,go
29511,go
29512,go
29564,go
29568,go
29569,go
29598,go
29599,go
29600,go
29601,go
29602,go
29609,go
29610,go
29616,go
29617,go
29618,go
29619,go
29620,go
29630,go
29646,go
29647,go
29648,go
29649,go
29650,go
29655,go
29656,go
29657,go
29658,go
29668,go
29765,go
29881,go
29882,go
29883,go
29884,go
29885,go
29919,go
29924,go
29925,go
29975,go
29976,go
30053,go
30054,go
30094,go
30103,go
30104,go
30105,go
30152,go
30153,go
30154,go
30155,go
30173,go
30175,go
30176,go
30177,go
30178,go
30222,go
30223,go
30285,go
30286,go
30287,go
30288,go
30289,go
30297,go
30340,go
30341,go
30342,go
30349,go
30350,go
30351,go
30367,go
30400,go
30401,go
30402,go
30403,go
30411,go
30444,go
30467,go
30482,go
30483,go
30533,go
30534,go
30535,go
30536,go
30537,go
30538,go
30539,go
30540,go
30541,go
30560,go
30561,go
30562,go
30563,go
30595,go
30619,go
30620,go
30621,go
30622,go
30623,go
30688,go
30689,go
30690,go
30692,go
30766,go
30767,go
30768,go
30769,go
30770,go
30816,go
30818,go
30819,go
30820,go
30821,go
30831,go
30832,go
30833,go
30890,go
30891,go
30892,go
30894,go
30895,go
30896,go
30897,go
30898,go
30925,go
30948,go
30949,go
30950,go
30951,go
30952,go
30957,go
30958,go
30959,go
30960,go
30983,go
30984,go
30985,go
30986,go
30987,go
30989,go
30997,go
30998,go
30999,go
31036,go
31049,go
31050,go
31051,go
31058,go
31059,go
31060,go
31061,go
31062,go
31082,go
31083,go
31084,go
31085,go
31134,go
31158,go
31159,go
31165,go
31166,go
31173,go
31210,go
31239,go
31240,go
31241,go
31243,go
31244,go
31255,go
31293,go
31336,go
31358,go
31359,go
31360,go
31361,go
31362,go
31456,go
31495,go
31496,go
31497,go
31498,go
31499,go
31500,go
31501,go
31502,go
31503,go
31504,go
31527,go
31551,go
31552,go
31567,go
31568,go
31569,go
31570,go
31587,go
31719,go
31763,go
31764,go
31767,go
31804,go
31835,go
31836,go
31837,go
31838,go
31840,go
31841,go
31842,go
31843,go
31847,go
31848,go
31849,go
31852,go
31853,go
31854,go
31855,go
31871,go
31872,go
31881,go
31906,go
31924,go
31925,go
31928,go
31929,go
31958,go
31959,go
31960,go
31961,go
31962,go
31976,go
31977,go
31978,go
31979,go
31980,go
31986,go
31987,go
32005,go
32083,go
32084,go
32085,go
32086,go
32087,go
32095,go
32096,go
32097,go
32098,go
32099,go
32125,go
32126,go
32127,go
32128,go
32129,go
32167,go
32168,go
32193,go
32194,go
32195,go
32196,go
32197,go
32198,go
32199,go
32200,go
32201,go
32202,go
32203,go
32204,go
32205,go
32206,go
32213,go
32214,go
32248,go
32249,go
32250,go
32251,go
32252,go
32257,go
32296,go
32297,go
32298,go
32328,go
32329,go
32335,go
32356,go
32357,go
32376,go
32377,go
32407,happy
32421,happy
32448,happy
32458,happy
32459,happy
32470,happy
32523,happy
32527,happy
32528,happy
32529,happy
32540,happy
32543,happy
32565,happy
32573,happy
32577,happy
32605,happy
32612,happy
32613,happy
32614,happy
32622,happy
32636,happy
32658,happy
32667,happy
32668,happy
32669,happy
32672,happy
32681,happy
32740,happy
32741,happy
32767,happy
32768,happy
32769,happy
32771,happy
32772,happy
32773,happy
32808,happy
32814,happy
32815,happy
32816,happy
32817,happy
32818,happy
32823,happy
32840,happy
32841,happy
32842,happy
32869,happy
32888,happy
32920,happy
32930,happy
32931,happy
32954,happy
32959,happy
32969,happy
32971,happy
32972,happy
32973,happy
32974,happy
32978,happy
33003,happy
33032,happy
33033,happy
33034,happy
33040,happy
33041,happy
33045,happy
33046,happy
33069,happy
33103,happy
33130,happy
33156,happy
33187,happy
33208,happy
33209,happy
33217,happy
33219,happy
33220,happy
33237,happy
33241,happy
33257,happy
33282,happy
33303,happy
33336,happy
33351,happy
33352,happy
33358,happy
33359,happy
33360,happy
33395,happy
33402,happy
33403,happy
33423,happy
33424,happy
33435,happy
33436,happy
33477,happy
33478,happy
33490,happy
33491,happy
33510,happy
33513,happy
33514,happy
33517,happy
33518,happy
33519,happy
33528,happy
33529,happy
33530,happy
33532,happy
33536,happy
33571,happy
33572,happy
33593,happy
33603,happy
33620,happy
33622,happy
33630,happy
33638,happy
33641,happy
33668,happy
33671,happy
33704,happy
33705,happy
33706,happy
33710,happy
33720,happy
33728,happy
33729,happy
33749,happy
33760,happy
33773,happy
33784,happy
33785,happy
33786,happy
33787,happy
33790,happy
33814,happy
33815,happy
33828,happy
33832,happy
33834,happy
33835,happy
33836,happy
33852,happy
33866,happy
33867,happy
33868,happy
33869,happy
33870,happy
33893,happy
33901,happy
33915,happy
33940,happy
33969,happy
33979,happy
33980,happy
33981,happy
33982,happy
33983,happy
33984,happy
33985,happy
33994,happy
33995,happy
34008,happy
34016,happy
34057,happy
34058,happy
34059,happy
34091,happy
34092,happy
34114,happy
34116,happy
34119,happy
34120,happy
34121,happy
34122,happy
34143,happy
34144,happy
34154,happy
34163,happy
34172,happy
34191,happy
34192,happy
34200,happy
34203,happy
34204,happy
34239,happy
34240,happy
34255,happy
34264,happy
34271,happy
34272,happy
34273,happy
34278,happy
34287,happy
34290,happy
34313,happy
34314,happy
34315,happy
34331,happy
34332,happy
34333,happy
34358,happy
34371,happy
34372,happy
34373,happy
34435,happy
34461,house
34474,house
34505,house
34510,house
34511,house
34550,house
34591,house
34595,house
34607,house
34610,house
34612,house
34613,house
34632,house
34640,house
34642,house
34660,house
34663,house
34664,house
34674,house
34689,house
34693,house
34706,house
34733,house
34734,house
34742,house
34751,house
34752,house
34753,house
34754,house
34755,house
34756,house
34757,house
34769,house
34791,house
34795,house
34820,house
34851,house
34852,house
34862,house
34886,house
34891,house
34892,house
34898,house
34899,house
34945,house
34953,house
34968,house
35009,house
35023,house
35038,house
35042,house
35046,house
35047,house
35056,house
35057,house
35058,house
35059,house
35062,house
35086,house
35087,house
35088,house
35089,house
35090,house
35121,house
35125,house
35126,house
35130,house
35131,house
35149,house
35150,house
35176,house
35219,house
35259,house
35284,house
35285,house
35286,house
35298,house
35312,house
35386,house
35392,house
35418,house
35419,house
35429,house
35445,house
35446,house
35447,house
35448,house
35482,house
35493,house
35522,house
35531,house
35532,house
35578,house
35579,house
35586,house
35587,house
35588,house
35603,house
35604,house
35605,house
35614,house
35615,house
35618,house
35632,house
35633,house
35634,house
35635,house
35636,house
35639,house
35651,house
35672,house
35673,house
35674,house
35675,house
35678,house
35712,house
35719,house
35727,house
35735,house
35736,house
35740,house
35749,house
35750,house
35784,house
35801,house
35821,house
35822,house
35826,house
35829,house
35842,house
35855,house
35856,house
35878,house
35886,house
35893,house
35918,house
35919,house
35952,house
35953,house
35965,house
35967,house
35980,house
35981,house
35994,house
35997,house
35998,house
35999,house
36000,house
36026,house
36027,house
36028,house
36029,house
36030,house
36037,house
36060,house
36083,house
36084,house
36103,house
36115,house
36116,house
36136,house
36137,house
36149,house
36156,house
36162,house
36163,house
36209,house
36210,house
36222,house
36240,house
36241,house
36242,house
36243,house
36254,house
36255,house
36285,house
36287,house
36308,house
36309,house
36322,house
36327,house
36328,house
36339,house
36340,house
36341,house
36342,house
36353,house
36355,house
36364,house
36365,house
36397,house
36416,house
36417,house
36422,house
36423,house
36437,house
36467,house
36468,house
36469,house
36474,house
36475,house
36476,house
36497,house
36503,house
36504,house
36523,house
36533,house
36534,house
36542,house
36562,house
36563,house
36695,learn
36696,learn
36697,learn
36698,learn
36699,learn
36711,learn
36712,learn
36713,learn
36714,learn
36715,learn
36731,learn
36732,learn
36745,learn
36746,learn
36747,learn
36748,learn
36749,learn
36856,learn
36857,learn
36858,learn
36878,learn
36879,learn
36911,learn
36912,learn
36913,learn
36914,learn
36915,learn
36916,learn
36917,learn
36918,learn
36947,learn
36948,learn
36949,learn
36950,learn
36951,learn
36952,learn
36953,learn
36954,learn
36995,learn
37001,learn
37002,learn
37003,learn
37004,learn
37007,learn
37008,learn
37017,learn
37018,learn
37019,learn
37020,learn
37021,learn
37022,learn
37023,learn
37097,learn
37119,learn
37120,learn
37121,learn
37122,learn
37123,learn
37225,learn
37250,learn
37251,learn
37252,learn
37253,learn
37260,learn
37261,learn
37274,learn
37275,learn
37276,learn
37277,learn
37278,learn
37305,learn
37306,learn
37307,learn
37327,learn
37330,learn
37356,learn
37357,learn
37358,learn
37359,learn
37360,learn
37361,learn
37362,learn
37363,learn
37364,learn
37365,learn
37399,learn
37400,learn
37401,learn
37402,learn
37457,learn
37473,learn
37474,learn
37475,learn
37476,learn
37477,learn
37511,learn
37512,learn
37513,learn
37563,learn
37564,learn
37565,learn
37566,learn
37567,learn
37595,learn
37596,learn
37597,learn
37598,learn
37599,learn
37663,learn
37664,learn
37665,learn
37666,learn
37725,learn
37739,learn
37740,learn
37741,learn
37742,learn
37743,learn
37744,learn
37745,learn
37746,learn
37747,learn
37748,learn
37749,learn
37750,learn
37751,learn
37752,learn
37753,learn
37754,learn
37755,learn
37756,learn
37757,learn
37758,learn
37759,learn
37760,learn
37761,learn
37762,learn
37776,learn
37777,learn
37884,learn
37885,learn
37928,learn
37931,learn
37932,learn
37933,learn
37934,learn
37994,learn
37995,learn
38004,learn
38005,learn
38006,learn
38046,learn
38047,learn
38048,learn
38049,learn
38050,learn
38051,learn
38052,learn
38053,learn
38054,learn
38155,left
38178,left
38179,left
38202,left
38203,left
38236,left
38237,left
38238,left
38239,left
38376,left
38393,left
38394,left
38395,left
38420,left
38421,left
38422,left
38423,left
38454,left
38455,left
38456,left
38457,left
38469,left
38470,left
38471,left
38472,left
38474,left
38475,left
38476,left
38477,left
38478,left
38510,left
38511,left
38523,left
38527,left
38543,left
38548,left
38549,left
38550,left
38551,left
38552,left
38576,left
38577,left
38578,left
38610,left
38626,left
38627,left
38638,left
38639,left
38665,left
38666,left
38667,left
38668,left
38669,left
38713,left
38714,left
38715,left
38716,left
38731,left
38732,left
38794,left
38801,left
38802,left
38803,left
38804,left
38816,left
38817,left
38818,left
38819,left
38820,left
38863,left
38864,left
38867,left
38868,left
38940,left
38941,left
38942,left
38943,left
38944,left
38959,left
38960,left
38961,left
38962,left
38965,left
38966,left
38991,left
38992,left
39034,left
39035,left
39036,left
39037,left
39038,left
39041,left
39042,left
39043,left
39044,left
39045,left
39083,left
39084,left
39085,left
39086,left
39087,left
39141,left
39142,left
39157,left
39167,left
39168,left
39169,left
39170,left
39171,left
39183,left
39187,left
39188,left
39189,left
39190,left
39191,left
39192,left
39201,left
39202,left
39203,left
39204,left
39219,left
39220,left
39221,left
39222,left
39223,left
39225,left
39227,left
39231,left
39232,left
39271,left
39330,left
39342,left
39347,left
39348,left
39384,left
39386,left
39444,left
39445,left
39446,left
39447,left
39491,left
39515,left
39541,left
39542,left
39543,left
39544,left
39545,left
39674,left
39695,left
39696,left
39697,left
39708,left
39709,left
39719,left
39720,left
39721,left
39722,left
39723,left
39724,left
39740,left
39741,left
39743,left
39744,left
39745,left
39801,left
39842,left
39843,left
39844,left
39845,left
39846,left
39894,left
39895,left
39904,left
39905,left
39919,left
39920,left
39921,left
39962,left
39963,left
39964,left
39965,left
39966,left
39972,left
40003,left
40039,left
40040,left
40054,left
40055,left
40104,left
40105,left
40106,left
40107,left
40108,left
40109,left
40110,left
40111,left
40135,left
40136,left
40137,left
40138,left
40139,left
40140,left
40176,left
40177,left
40178,left
40183,left
40184,left
40185,left
40197,left
40201,left
40202,left
40203,left
40204,left
40207,left
40273,left
40274,left
40340,left
40341,left
40342,left
40343,left
40344,left
40345,left
40346,left
40374,left
40375,left
40381,left
40382,left
40383,left
40392,left
40393,left
40394,left
40395,left
40396,left
40407,left
40412,left
40480,left
40482,left
40483,left
40484,left
40485,left
40486,left
40533,left
40534,left
40535,left
40536,left
40541,left
40542,left
40543,left
40567,left
40568,left
40569,left
40570,left
40571,left
40579,left
40607,left
40620,left
40630,left
40637,left
40638,left
40639,left
40640,left
40641,left
40642,left
40662,left
40663,left
40664,left
40677,left
40700,left
40732,left
40733,left
40740,left
40741,left
40743,left
40744,left
40776,left
40777,left
40804,left
40805,left
40806,left
40807,left
40808,left
40810,left
40860,left
40861,left
40925,left
40926,left
40927,left
40928,left
41006,left
41057,left
41081,left
41101,left
41102,left
41103,left
41104,left
41123,left
41124,left
41125,left
41225,left
41234,left
41296,left
41297,left
41326,left
41334,left
41362,left
41363,left
41364,left
41365,left
41366,left
41367,left
41368,left
41386,left
41393,left
41394,left
41395,left
41396,left
41421,left
41422,left
41446,left
41453,left
41454,left
41486,left
41487,left
41497,left
41498,left
41499,left
41500,left
41501,left
41527,left
41528,left
41569,left
41570,left
41594,left
41595,left
41596,left
41597,left
41598,left
41599,left
41609,left
41610,left
41611,left
41612,left
41613,left
41634,left
41643,left
41644,left
41645,left
41646,left
41647,left
41651,left
41652,left
41716,left
41717,left
41718,left
41719,left
41720,left
41721,left
41722,left
41723,left
41724,left
41725,left
41726,left
41727,left
41728,left
41729,left
41776,left
41777,left
41778,left
41779,left
41780,left
41783,left
41831,left
41832,left
41833,left
41834,left
41835,left
41867,left
41871,left
41887,left
41939,left
41951,marvin
41968,marvin
42000,marvin
42005,marvin
42015,marvin
42069,marvin
42077,marvin
42081,marvin
42082,marvin
42083,marvin
42084,marvin
42090,marvin
42116,marvin
42119,marvin
42130,marvin
42143,marvin
42153,marvin
42168,marvin
42169,marvin
42184,marvin
42191,marvin
42192,marvin
42210,marvin
42219,marvin
42221,marvin
42225,marvin
42226,marvin
42238,marvin
42261,marvin
42285,marvin
42290,marvin
42302,marvin
42303,marvin
42331,marvin
42333,marvin
42368,marvin
42376,marvin
42379,marvin
42380,marvin
42395,marvin
42400,marvin
42426,marvin
42429,marvin
42440,marvin
42463,marvin
42464,marvin
42467,marvin
42479,marvin
42480,marvin
42489,marvin
42502,marvin
42503,marvin
42507,marvin
42508,marvin
42516,marvin
42519,marvin
42520,marvin
42524,marvin
42575,marvin
42576,marvin
42584,marvin
42613,marvin
42642,marvin
42667,marvin
42668,marvin
42693,marvin
42694,marvin
42727,marvin
42751,marvin
42752,marvin
42757,marvin
42758,marvin
42761,marvin
42774,marvin
42779,marvin
42780,marvin
42781,marvin
42793,marvin
42808,marvin
42809,marvin
42811,marvin
42832,marvin
42845,marvin
42846,marvin
42867,marvin
42871,marvin
42896,marvin
42897,marvin
42903,marvin
42904,marvin
42907,marvin
42936,marvin
42942,marvin
42954,marvin
42964,marvin
42965,marvin
42966,marvin
42967,marvin
42979,marvin
42981,marvin
42982,marvin
42983,marvin
42984,marvin
42992,marvin
43026,marvin
43027,marvin
43040,marvin
43052,marvin
43053,marvin
43062,marvin
43077,marvin
43078,marvin
43080,marvin
43128,marvin
43157,marvin
43158,marvin
43166,marvin
43172,marvin
43173,marvin
43174,marvin
43175,marvin
43182,marvin
43183,marvin
43186,marvin
43191,marvin
43192,marvin
43224,marvin
43225,marvin
43228,marvin
43245,marvin
43246,marvin
43247,marvin
43263,marvin
43264,marvin
43266,marvin
43279,marvin
43282,marvin
43290,marvin
43291,marvin
43292,marvin
43293,marvin
43318,marvin
43319,marvin
43322,marvin
43324,marvin
43343,marvin
43356,marvin
43368,marvin
43380,marvin
43382,marvin
43383,marvin
43399,marvin
43412,marvin
43414,marvin
43416,marvin
43417,marvin
43418,marvin
43437,marvin
43438,marvin
43439,marvin
43440,marvin
43443,marvin
43447,marvin
43464,marvin
43498,marvin
43536,marvin
43560,marvin
43561,marvin
43572,marvin
43584,marvin
43637,marvin
43672,marvin
43689,marvin
43719,marvin
43723,marvin
43735,marvin
43740,marvin
43741,marvin
43769,marvin
43784,marvin
43785,marvin
43786,marvin
43787,marvin
43788,marvin
43800,marvin
43810,marvin
43811,marvin
43859,marvin
43860,marvin
43865,marvin
43869,marvin
43870,marvin
43874,marvin
43875,marvin
43881,marvin
43882,marvin
43889,marvin
43891,marvin
43909,marvin
43928,marvin
43929,marvin
43930,marvin
43960,marvin
43982,marvin
43997,marvin
43998,marvin
44003,marvin
44004,marvin
44005,marvin
44011,marvin
44101,nine
44102,nine
44132,nine
44133,nine
44134,nine
44135,nine
44136,nine
44148,nine
44167,nine
44209,nine
44210,nine
44244,nine
44263,nine
44291,nine
44292,nine
44299,nine
44308,nine
44309,nine
44310,nine
44311,nine
44336,nine
44342,nine
44343,nine
44344,nine
44345,nine
44346,nine
44354,nine
44355,nine
44388,nine
44389,nine
44390,nine
44391,nine
44408,nine
44409,nine
44410,nine
44414,nine
44415,nine
44416,nine
44417,nine
44418,nine
44437,nine
44438,nine
44456,nine
44457,nine
44458,nine
44472,nine
44486,nine
44488,nine
44489,nine
44490,nine
44491,nine
44492,nine
44517,nine
44524,nine
44525,nine
44526,nine
44527,nine
44584,nine
44585,nine
44600,nine
44601,nine
44603,nine
44604,nine
44631,nine
44632,nine
44633,nine
44634,nine
44635,nine
44684,nine
44685,nine
44686,nine
44700,nine
44757,nine
44769,nine
44770,nine
44771,nine
44778,nine
44779,nine
44780,nine
44781,nine
44784,nine
44794,nine
44795,nine
44796,nine
44797,nine
44798,nine
44857,nine
44898,nine
44899,nine
44900,nine
44901,nine
44902,nine
44916,nine
44917,nine
44918,nine
44919,nine
44920,nine
44948,nine
44949,nine
44994,nine
44995,nine
44996,nine
44997,nine
44998,nine
45002,nine
45003,nine
45004,nine
45005,nine
45042,nine
45043,nine
45044,nine
45092,nine
45093,nine
45114,nine
45115,nine
45116,nine
45117,nine
45118,nine
45131,nine
45135,nine
45138,nine
45139,nine
45140,nine
45147,nine
45148,nine
45162,nine
45163,nine
45164,nine
45165,nine
45167,nine
45168,nine
45171,nine
45172,nine
45241,nine
45282,nine
45293,nine
45302,nine
45331,nine
45347,nine
45391,nine
45392,nine
45393,nine
45394,nine
45395,nine
45444,nine
45485,nine
45486,nine
45574,nine
45625,nine
45626,nine
45658,nine
45659,nine
45660,nine
45676,nine
45677,nine
45678,nine
45679,nine
45680,nine
45699,nine
45705,nine
45706,nine
45707,nine
45708,nine
45771,nine
45772,nine
45821,nine
45822,nine
45823,nine
45824,nine
45825,nine
45835,nine
45882,nine
45891,nine
45892,nine
45942,nine
45943,nine
45944,nine
45945,nine
45946,nine
46001,nine
46002,nine
46003,nine
46038,nine
46092,nine
46093,nine
46094,nine
46095,nine
46096,nine
46097,nine
46098,nine
46099,nine
46120,nine
46121,nine
46122,nine
46123,nine
46124,nine
46125,nine
46153,nine
46162,nine
46166,nine
46181,nine
46182,nine
46184,nine
46185,nine
46186,nine
46187,nine
46188,nine
46216,nine
46246,nine
46258,nine
46318,nine
46332,nine
46333,nine
46334,nine
46335,nine
46346,nine
46347,nine
46370,nine
46384,nine
46385,nine
46386,nine
46387,nine
46388,nine
46389,nine
46390,nine
46460,nine
46464,nine
46465,nine
46466,nine
46467,nine
46468,nine
46501,nine
46502,nine
46507,nine
46535,nine
46536,nine
46537,nine
46538,nine
46539,nine
46542,nine
46543,nine
46545,nine
46546,nine
46547,nine
46548,nine
46549,nine
46578,nine
46579,nine
46580,nine
46581,nine
46582,nine
46584,nine
46593,nine
46594,nine
46595,nine
46596,nine
46618,nine
46647,nine
46653,nine
46654,nine
46663,nine
46664,nine
46665,nine
46666,nine
46667,nine
46668,nine
46669,nine
46731,nine
46732,nine
46741,nine
46758,nine
46760,nine
46761,nine
46768,nine
46833,nine
46834,nine
46835,nine
46836,nine
46837,nine
46838,nine
46933,nine
46952,nine
46953,nine
46954,nine
46955,nine
46956,nine
46996,nine
47049,nine
47050,nine
47073,nine
47074,nine
47085,nine
47086,nine
47087,nine
47088,nine
47089,nine
47090,nine
47091,nine
47110,nine
47111,nine
47134,nine
47135,nine
47150,nine
47151,nine
47152,nine
47153,nine
47154,nine
47172,nine
47280,nine
47297,nine
47298,nine
47341,nine
47344,nine
47345,nine
47364,nine
47367,nine
47368,nine
47402,nine
47404,nine
47405,nine
47406,nine
47407,nine
47408,nine
47414,nine
47428,nine
47429,nine
47432,nine
47433,nine
47481,nine
47491,nine
47492,nine
47493,nine
47514,nine
47515,nine
47528,nine
47529,nine
47530,nine
47531,nine
47532,nine
47541,nine
47542,nine
47561,nine
47601,nine
47620,nine
47635,nine
47636,nine
47637,nine
47638,nine
47639,nine
47654,nine
47655,nine
47656,nine
47657,nine
47667,nine
47676,nine
47678,nine
47679,nine
47688,nine
47689,nine
47690,nine
47691,nine
47692,nine
47695,nine
47696,nine
47697,nine
47740,nine
47741,nine
47742,nine
47766,nine
47767,nine
47768,nine
47769,nine
47770,nine
47771,nine
47772,nine
47773,nine
47774,nine
47775,nine
47776,nine
47777,nine
47778,nine
47779,nine
47819,nine
47820,nine
47821,nine
47822,nine
47823,nine
47863,nine
47864,nine
47865,nine
47895,nine
47896,nine
47921,nine
47939,nine
47968,nine
48004,no
48058,no
48059,no
48060,no
48061,no
48073,no
48074,no
48089,no
48134,no
48135,no
48212,no
48223,no
48228,no
48247,no
48251,no
48253,no
48254,no
48255,no
48256,no
48265,no
48266,no
48267,no
48304,no
48305,no
48306,no
48307,no
48308,no
48328,no
48329,no
48330,no
48331,no
48334,no
48335,no
48336,no
48337,no
48338,no
48359,no
48376,no
48393,no
48394,no
48395,no
48409,no
48410,no
48411,no
48412,no
48413,no
48492,no
48511,no
48512,no
48513,no
48539,no
48540,no
48541,no
48542,no
48543,no
48593,no
48594,no
48595,no
48614,no
48615,no
48669,no
48670,no
48675,no
48676,no
48677,no
48678,no
48687,no
48692,no
48693,no
48694,no
48695,no
48737,no
48738,no
48764,no
48799,no
48800,no
48801,no
48802,no
48816,no
48817,no
48818,no
48819,no
48820,no
48821,no
48823,no
48824,no
48840,no
48841,no
48854,no
48855,no
48898,no
48899,no
48900,no
48901,no
48902,no
48907,no
48908,no
48909,no
48910,no
48911,no
48944,no
48945,no
48946,no
48947,no
48948,no
48995,no
48996,no
49000,no
49013,no
49020,no
49021,no
49022,no
49023,no
49024,no
49042,no
49043,no
49044,no
49045,no
49065,no
49066,no
49067,no
49068,no
49069,no
49071,no
49072,no
49234,no
49241,no
49242,no
49243,no
49306,no
49307,no
49308,no
49309,no
49310,no
49341,no
49343,no
49344,no
49394,no
49521,no
49523,no
49524,no
49555,no
49556,no
49563,no
49564,no
49576,no
49577,no
49578,no
49579,no
49580,no
49602,no
49603,no
49605,no
49606,no
49607,no
49608,no
49643,no
49644,no
49645,no
49646,no
49669,no
49715,no
49716,no
49717,no
49718,no
49719,no
49759,no
49760,no
49781,no
49831,no
49832,no
49833,no
49834,no
49835,no
49837,no
49872,no
49891,no
49892,no
49907,no
49921,no
49984,no
49985,no
49986,no
49987,no
49988,no
49989,no
49990,no
50014,no
50015,no
50016,no
50017,no
50018,no
50019,no
50020,no
50055,no
50056,no
50064,no
50065,no
50076,no
50084,no
50088,no
50089,no
50090,no
50091,no
50092,no
50096,no
50097,no
50163,no
50165,no
50166,no
50242,no
50244,no
50245,no
50246,no
50247,no
50248,no
50249,no
50281,no
50282,no
50297,no
50298,no
50300,no
50301,no
50302,no
50303,no
50313,no
50314,no
50365,no
50367,no
50368,no
50369,no
50370,no
50371,no
50409,no
50432,no
50438,no
50439,no
50440,no
50441,no
50444,no
50446,no
50447,no
50448,no
50449,no
50450,no
50476,no
50477,no
50478,no
50479,no
50480,no
50489,no
50490,no
50491,no
50493,no
50514,no
50536,no
50547,no
50554,no
50555,no
50556,no
50557,no
50558,no
50603,no
50604,no
50634,no
50635,no
50644,no
50645,no
50646,no
50647,no
50665,no
50666,no
50676,no
50703,no
50704,no
50735,no
50736,no
50737,no
50738,no
50739,no
50740,no
50747,no
50748,no
50810,no
50811,no
50812,no
50837,no
50838,no
50857,no
50858,no
50859,no
50860,no
50861,no
50910,no
50911,no
50912,no
50994,no
50995,no
50996,no
50997,no
50998,no
50999,no
51000,no
51001,no
51002,no
51003,no
51004,no
51005,no
51006,no
51007,no
51008,no
51009,no
51010,no
51011,no
51065,no
51072,no
51088,no
51089,no
51090,no
51091,no
51224,no
51234,no
51307,no
51316,no
51354,no
51355,no
51358,no
51359,no
51360,no
51364,no
51377,no
51381,no
51382,no
51429,no
51455,no
51456,no
51457,no
51470,no
51471,no
51472,no
51473,no
51480,no
51553,no
51573,no
51585,no
51586,no
51587,no
51588,no
51589,no
51598,no
51599,no
51600,no
51601,no
51621,no
51623,no
51639,no
51640,no
51641,no
51642,no
51643,no
51684,no
51706,no
51707,no
51708,no
51709,no
51710,no
51711,no
51712,no
51713,no
51714,no
51715,no
51716,no
51717,no
51718,no
51719,no
51720,no
51726,no
51727,no
51729,no
51760,no
51761,no
51762,no
51763,no
51764,no
51769,no
51770,no
51808,no
51809,no
51810,no
51811,no
51812,no
51843,no
51862,no
51913,no
51951,off
51974,off
52000,off
52001,off
52002,off
52071,off
52153,off
52154,off
52189,off
52190,off
52191,off
52192,off
52229,off
52230,off
52231,off
52232,off
52249,off
52250,off
52251,off
52252,off
52253,off
52254,off
52255,off
52256,off
52257,off
52271,off
52272,off
52273,off
52274,off
52275,off
52290,off
52300,off
52306,off
52325,off
52329,off
52330,off
52331,off
52332,off
52333,off
52356,off
52407,off
52408,off
52421,off
52422,off
52423,off
52447,off
52448,off
52449,off
52450,off
52451,off
52504,off
52559,off
52560,off
52562,off
52563,off
52564,off
52565,off
52578,off
52579,off
52580,off
52622,off
52623,off
52655,off
52656,off
52657,off
52658,off
52659,off
52707,off
52708,off
52709,off
52710,off
52711,off
52719,off
52720,off
52721,off
52722,off
52723,off
52757,off
52803,off
52804,off
52805,off
52806,off
52813,off
52814,off
52815,off
52816,off
52817,off
52854,off
52855,off
52856,off
52857,off
52903,off
52904,off
52910,off
52931,off
52932,off
52933,off
52934,off
52935,off
52945,off
52946,off
52953,off
52954,off
52955,off
52956,off
52966,off
52979,off
52980,off
52981,off
52982,off
52983,off
52987,off
52988,off
53105,off
53111,off
53203,off
53204,off
53205,off
53243,off
53244,off
53245,off
53268,off
53299,off
53376,off
53422,off
53423,off
53433,off
53435,off
53436,off
53437,off
53458,off
53462,off
53476,off
53477,off
53478,off
53479,off
53500,off
53503,off
53504,off
53505,off
53506,off
53566,off
53567,off
53613,off
53614,off
53615,off
53616,off
53617,off
53624,off
53625,off
53663,off
53664,off
53671,off
53679,off
53680,off
53694,off
53698,off
53729,off
53730,off
53731,off
53734,off
53735,off
53747,off
53801,off
53820,off
53822,off
53823,off
53824,off
53825,off
53839,off
53887,off
53888,off
53889,off
53890,off
53891,off
53892,off
53893,off
53894,off
53895,off
53896,off
53917,off
53918,off
53919,off
53920,off
53921,off
53922,off
53949,off
53950,off
53951,off
53957,off
53963,off
53977,off
53978,off
53981,off
53982,off
53983,off
53984,off
53985,off
53990,off
54050,off
54056,off
54057,off
54119,off
54126,off
54129,off
54130,off
54131,off
54132,off
54133,off
54149,off
54169,off
54179,off
54180,off
54181,off
54182,off
54183,off
54184,off
54185,off
54191,off
54195,off
54196,off
54197,off
54249,off
54250,off
54251,off
54252,off
54253,off
54278,off
54279,off
54282,off
54307,off
54308,off
54309,off
54310,off
54311,off
54314,off
54315,off
54316,off
54317,off
54318,off
54342,off
54343,off
54344,off
54345,off
54359,off
54360,off
54361,off
54378,off
54385,off
54395,off
54396,off
54397,off
54401,off
54407,off
54408,off
54409,off
54410,off
54411,off
54429,off
54447,off
54453,off
54454,off
54455,off
54474,off
54475,off
54482,off
54514,off
54515,off
54516,off
54517,off
54545,off
54546,off
54574,off
54575,off
54576,off
54577,off
54578,off
54580,off
54583,off
54584,off
54594,off
54595,off
54650,off
54671,off
54692,off
54693,off
54694,off
54695,off
54696,off
54697,off
54831,off
54832,off
54855,off
54856,off
54857,off
54873,off
54874,off
54875,off
54876,off
54877,off
54896,off
55053,off
55077,off
55078,off
55082,off
55083,off
55113,off
55114,off
55115,off
55119,off
55120,off
55121,off
55122,off
55125,off
55142,off
55143,off
55146,off
55147,off
55150,off
55151,off
55194,off
55195,off
55222,off
55223,off
55224,off
55225,off
55238,off
55239,off
55240,off
55241,off
55242,off
55268,off
55269,off
55311,off
55312,off
55339,off
55340,off
55341,off
55342,off
55343,off
55354,off
55355,off
55356,off
55370,off
55378,off
55387,off
55388,off
55389,off
55390,off
55392,off
55393,off
55433,off
55457,off
55458,off
55459,off
55460,off
55461,off
55462,off
55463,off
55464,off
55465,off
55466,off
55475,off
55476,off
55514,off
55515,off
55516,off
55517,off
55562,off
55563,off
55564,off
55565,off
55566,off
55589,off
55672,on
55716,on
55717,on
55744,on
55745,on
55746,on
55747,on
55748,on
55764,on
55778,on
55779,on
55816,on
55817,on
55904,on
55925,on
55929,on
55930,on
55931,on
55932,on
55933,on
55941,on
55942,on
55943,on
55965,on
55966,on
55967,on
55968,on
55985,on
55986,on
55987,on
55989,on
55990,on
55991,on
55992,on
55993,on
56016,on
56034,on
56035,on
56047,on
56068,on
56069,on
56071,on
56072,on
56073,on
56074,on
56075,on
56146,on
56147,on
56166,on
56167,on
56168,on
56169,on
56196,on
56197,on
56198,on
56300,on
56301,on
56310,on
56311,on
56312,on
56313,on
56314,on
56325,on
56333,on
56334,on
56335,on
56446,on
56447,on
56448,on
56449,on
56450,on
56463,on
56464,on
56465,on
56466,on
56467,on
56498,on
56548,on
56549,on
56550,on
56551,on
56555,on
56556,on
56557,on
56558,on
56559,on
56596,on
56597,on
56598,on
56599,on
56600,on
56652,on
56665,on
56674,on
56675,on
56687,on
56694,on
56695,on
56696,on
56697,on
56698,on
56709,on
56710,on
56722,on
56723,on
56724,on
56725,on
56726,on
56728,on
56780,on
56781,on
56830,on
56831,on
56849,on
56886,on
56943,on
56944,on
56945,on
56946,on
56947,on
56989,on
56992,on
56993,on
56994,on
57056,on
57057,on
57182,on
57189,on
57190,on
57191,on
57198,on
57216,on
57222,on
57223,on
57234,on
57235,on
57236,on
57237,on
57238,on
57261,on
57262,on
57267,on
57268,on
57269,on
57270,on
57271,on
57306,on
57325,on
57326,on
57361,on
57362,on
57363,on
57364,on
57365,on
57375,on
57437,on
57456,on
57488,on
57489,on
57490,on
57491,on
57492,on
57493,on
57543,on
57565,on
57646,on
57647,on
57648,on
57649,on
57650,on
57651,on
57652,on
57653,on
57654,on
57655,on
57672,on
57673,on
57674,on
57675,on
57676,on
57677,on
57724,on
57727,on
57734,on
57749,on
57750,on
57751,on
57752,on
57753,on
57755,on
57756,on
57807,on
57812,on
57813,on
57878,on
57879,on
57887,on
57888,on
57891,on
57893,on
57894,on
57895,on
57896,on
57897,on
57932,on
57933,on
57934,on
57940,on
57941,on
57948,on
57950,on
57951,on
57952,on
57953,on
57965,on
58017,on
58018,on
58019,on
58020,on
58021,on
58047,on
58066,on
58067,on
58070,on
58071,on
58072,on
58073,on
58076,on
58077,on
58078,on
58079,on
58099,on
58100,on
58101,on
58102,on
58104,on
58114,on
58115,on
58138,on
58145,on
58170,on
58178,on
58179,on
58180,on
58181,on
58182,on
58209,on
58254,on
58274,on
58275,on
58276,on
58281,on
58288,on
58289,on
58290,on
58360,on
58361,on
58362,on
58363,on
58364,on
58422,on
58438,on
58462,on
58463,on
58482,on
58483,on
58484,on
58485,on
58486,on
58515,on
58516,on
58600,on
58601,on
58602,on
58603,on
58604,on
58605,on
58606,on
58607,on
58608,on
58609,on
58610,on
58611,on
58612,on
58613,on
58614,on
58615,on
58616,on
58617,on
58618,on
58640,on
58679,on
58680,on
58681,on
58682,on
58683,on
58797,on
58798,on
58821,on
58868,on
58885,on
58886,on
58887,on
58888,on
58892,on
58893,on
58932,on
58933,on
58936,on
58937,on
58938,on
58939,on
58940,on
58945,on
58946,on
58961,on
58962,on
58995,on
59015,on
59016,on
59022,on
59052,on
59053,on
59054,on
59072,on
59073,on
59074,on
59081,on
59105,on
59106,on
59107,on
59176,on
59177,on
59178,on
59179,on
59180,on
59181,on
59191,on
59192,on
59193,on
59194,on
59208,on
59219,on
59227,on
59228,on
59229,on
59230,on
59278,on
59300,on
59301,on
59302,on
59303,on
59304,on
59305,on
59306,on
59307,on
59308,on
59309,on
59310,on
59311,on
59312,on
59313,on
59354,on
59355,on
59356,on
59357,on
59358,on
59366,on
59367,on
59368,on
59401,on
59402,on
59403,on
59404,on
59405,on
59406,on
59433,on
59434,on
59435,on
59436,on
59439,on
59455,on
59478,on
59479,on
59480,on
59517,one
59518,one
59540,one
59541,one
59562,one
59595,one
59596,one
59597,one
59598,one
59599,one
59612,one
59634,one
59671,one
59745,one
59754,one
59755,one
59766,one
59786,one
59789,one
59790,one
59792,one
59793,one
59794,one
59795,one
59796,one
59832,one
59833,one
59834,one
59835,one
59836,one
59844,one
59845,one
59846,one
59848,one
59849,one
59850,one
59851,one
59852,one
59870,one
59885,one
59886,one
59887,one
59901,one
59909,one
59923,one
59924,one
59925,one
59926,one
59927,one
59928,one
59956,one
59965,one
59991,one
59992,one
59993,one
60012,one
60013,one
60034,one
60035,one
60036,one
60063,one
60064,one
60065,one
60066,one
60067,one
60107,one
60108,one
60109,one
60181,one
60188,one
60189,one
60194,one
60195,one
60196,one
60197,one
60206,one
60214,one
60215,one
60216,one
60217,one
60256,one
60257,one
60258,one
60333,one
60334,one
60335,one
60336,one
60337,one
60346,one
60347,one
60348,one
60349,one
60350,one
60351,one
60352,one
60355,one
60370,one
60383,one
60384,one
60429,one
60430,one
60431,one
60432,one
60433,one
60436,one
60437,one
60438,one
60439,one
60440,one
60480,one
60481,one
60482,one
60483,one
60484,one
60554,one
60555,one
60566,one
60580,one
60584,one
60588,one
60589,one
60609,one
60610,one
60611,one
60612,one
60616,one
60729,one
60730,one
60761,one
60768,one
60769,one
60818,one
60819,one
60820,one
60821,one
60822,one
60849,one
60852,one
60853,one
60878,one
60901,one
60902,one
61030,one
61031,one
61032,one
61034,one
61035,one
61036,one
61037,one
61069,one
61078,one
61079,one
61080,one
61081,one
61082,one
61083,one
61100,one
61101,one
61105,one
61106,one
61107,one
61108,one
61109,one
61147,one
61148,one
61149,one
61150,one
61165,one
61215,one
61216,one
61217,one
61218,one
61219,one
61259,one
61260,one
61261,one
61270,one
61271,one
61272,one
61278,one
61279,one
61328,one
61329,one
61330,one
61331,one
61335,one
61370,one
61390,one
61391,one
61392,one
61393,one
61473,one
61474,one
61475,one
61476,one
61477,one
61478,one
61479,one
61480,one
61481,one
61500,one
61501,one
61502,one
61503,one
61504,one
61505,one
61506,one
61507,one
61539,one
61545,one
61554,one
61567,one
61568,one
61569,one
61570,one
61571,one
61575,one
61576,one
61577,one
61578,one
61579,one
61604,one
61649,one
61650,one
61720,one
61721,one
61722,one
61723,one
61724,one
61725,one
61774,one
61775,one
61776,one
61777,one
61778,one
61779,one
61780,one
61781,one
61782,one
61783,one
61794,one
61852,one
61853,one
61854,one
61899,one
61901,one
61902,one
61903,one
61904,one
61908,one
61909,one
61910,one
61911,one
61912,one
61934,one
61935,one
61936,one
61937,one
61943,one
61966,one
61967,one
61968,one
61990,one
62004,one
62005,one
62006,one
62007,one
62107,one
62113,one
62114,one
62123,one
62191,one
62192,one
62193,one
62194,one
62195,one
62196,one
62198,one
62199,one
62206,one
62207,one
62272,one
62317,one
62318,one
62319,one
62320,one
62321,one
62370,one
62371,one
62419,one
62441,one
62442,one
62452,one
62453,one
62454,one
62455,one
62456,one
62457,one
62458,one
62459,one
62460,one
62461,one
62462,one
62463,one
62512,one
62516,one
62530,one
62531,one
62532,one
62533,one
62534,one
62550,one
62551,one
62662,one
62668,one
62687,one
62727,one
62728,one
62730,one
62731,one
62800,one
62801,one
62803,one
62804,one
62805,one
62806,one
62807,one
62812,one
62840,one
62844,one
62869,one
62891,one
62900,one
62930,one
62931,one
62946,one
62947,one
62955,one
62956,one
62957,one
62958,one
63026,one
63027,one
63043,one
63061,one
63062,one
63063,one
63064,one
63065,one
63076,one
63077,one
63078,one
63079,one
63080,one
63099,one
63100,one
63112,one
63113,one
63114,one
63115,one
63116,one
63188,one
63189,one
63190,one
63191,one
63192,one
63193,one
63194,one
63195,one
63196,one
63197,one
63198,one
63199,one
63200,one
63201,one
63202,one
63214,one
63215,one
63243,one
63244,one
63245,one
63246,one
63289,one
63290,one
63291,one
63318,one
63341,one
63342,one
63408,right
63409,right
63410,right
63447,right
63448,right
63484,right
63485,right
63486,right
63487,right
63499,right
63605,right
63639,right
63640,right
63645,right
63646,right
63653,right
63654,right
63673,right
63674,right
63675,right
63676,right
63677,right
63685,right
63686,right
63708,right
63709,right
63710,right
63711,right
63722,right
63723,right
63726,right
63727,right
63728,right
63729,right
63730,right
63765,right
63766,right
63767,right
63768,right
63781,right
63791,right
63792,right
63794,right
63795,right
63796,right
63797,right
63818,right
63819,right
63827,right
63828,right
63829,right
63830,right
63859,right
63860,right
63880,right
63899,right
63900,right
63901,right
63929,right
63930,right
63931,right
63932,right
63933,right
64031,right
64036,right
64043,right
64044,right
64045,right
64046,right
64049,right
64056,right
64057,right
64058,right
64095,right
64096,right
64097,right
64098,right
64124,right
64172,right
64173,right
64174,right
64175,right
64176,right
64177,right
64178,right
64179,right
64180,right
64181,right
64182,right
64183,right
64195,right
64196,right
64197,right
64198,right
64199,right
64232,right
64267,right
64268,right
64269,right
64270,right
64275,right
64276,right
64277,right
64278,right
64279,right
64314,right
64315,right
64316,right
64317,right
64318,right
64365,right
64366,right
64369,right
64395,right
64396,right
64397,right
64398,right
64399,right
64413,right
64414,right
64422,right
64439,right
64440,right
64441,right
64442,right
64443,right
64444,right
64446,right
64492,right
64493,right
64536,right
64537,right
64549,right
64550,right
64577,right
64592,right
64639,right
64640,right
64641,right
64642,right
64675,right
64678,right
64679,right
64725,right
64726,right
64727,right
64807,right
64856,right
64858,right
64859,right
64902,right
64903,right
64904,right
64905,right
64906,right
64925,right
64926,right
64927,right
64985,right
65042,right
65043,right
65044,right
65045,right
65046,right
65051,right
65108,right
65109,right
65127,right
65130,right
65171,right
65172,right
65173,right
65174,right
65175,right
65229,right
65242,right
65303,right
65304,right
65305,right
65306,right
65307,right
65308,right
65309,right
65323,right
65324,right
65325,right
65326,right
65327,right
65328,right
65363,right
65390,right
65391,right
65392,right
65393,right
65394,right
65397,right
65471,right
65472,right
65533,right
65534,right
65548,right
65553,right
65554,right
65558,right
65559,right
65560,right
65561,right
65562,right
65573,right
65574,right
65588,right
65594,right
65601,right
65603,right
65604,right
65605,right
65606,right
65607,right
65613,right
65615,right
65673,right
65675,right
65676,right
65677,right
65678,right
65679,right
65737,right
65740,right
65741,right
65742,right
65743,right
65744,right
65748,right
65749,right
65750,right
65751,right
65772,right
65773,right
65774,right
65775,right
65811,right
65812,right
65833,right
65841,right
65842,right
65849,right
65850,right
65851,right
65852,right
65853,right
65854,right
65875,right
65897,right
65948,right
65951,right
65960,right
66033,right
66034,right
66035,right
66037,right
66038,right
66039,right
66042,right
66043,right
66044,right
66092,right
66093,right
66107,right
66108,right
66134,right
66135,right
66136,right
66152,right
66153,right
66154,right
66155,right
66191,right
66192,right
66236,right
66237,right
66254,right
66255,right
66256,right
66265,right
66266,right
66267,right
66268,right
66269,right
66270,right
66271,right
66272,right
66273,right
66274,right
66275,right
66276,right
66277,right
66322,right
66344,right
66345,right
66346,right
66470,right
66471,right
66477,right
66478,right
66539,right
66540,right
66564,right
66595,right
66596,right
66597,right
66598,right
66601,right
66602,right
66603,right
66604,right
66605,right
66626,right
66631,right
66640,right
66641,right
66642,right
66658,right
66691,right
66692,right
66716,right
66717,right
66729,right
66730,right
66731,right
66732,right
66733,right
66798,right
66830,right
66831,right
66832,right
66833,right
66834,right
66835,right
66843,right
66844,right
66845,right
66846,right
66866,right
66868,right
66877,right
66878,right
66879,right
66880,right
66885,right
66962,right
66963,right
66964,right
66965,right
66966,right
66967,right
66968,right
66969,right
66970,right
66971,right
66972,right
66973,right
66980,right
67007,right
67008,right
67009,right
67010,right
67011,right
67021,right
67022,right
67066,right
67067,right
67068,right
67069,right
67097,right
67104,right
67138,right
67139,right
67169,right
67214,seven
67215,seven
67235,seven
67236,seven
67267,seven
67268,seven
67269,seven
67270,seven
67271,seven
67332,seven
67333,seven
67334,seven
67404,seven
67413,seven
67414,seven
67422,seven
67423,seven
67448,seven
67449,seven
67450,seven
67451,seven
67452,seven
67462,seven
67494,seven
67495,seven
67496,seven
67497,seven
67498,seven
67507,seven
67508,seven
67509,seven
67512,seven
67513,seven
67514,seven
67515,seven
67516,seven
67538,seven
67552,seven
67553,seven
67554,seven
67555,seven
67592,seven
67595,seven
67596,seven
67597,seven
67598,seven
67599,seven
67626,seven
67634,seven
67635,seven
67684,seven
67685,seven
67697,seven
67698,seven
67699,seven
67718,seven
67719,seven
67720,seven
67721,seven
67722,seven
67777,seven
67831,seven
67835,seven
67844,seven
67845,seven
67846,seven
67847,seven
67854,seven
67855,seven
67862,seven
67863,seven
67864,seven
67902,seven
67904,seven
67932,seven
67971,seven
67979,seven
67980,seven
67981,seven
67982,seven
67983,seven
67998,seven
67999,seven
68000,seven
68001,seven
68002,seven
68003,seven
68006,seven
68007,seven
68025,seven
68026,seven
68041,seven
68087,seven
68088,seven
68089,seven
68092,seven
68093,seven
68094,seven
68095,seven
68096,seven
68130,seven
68131,seven
68132,seven
68133,seven
68189,seven
68193,seven
68209,seven
68215,seven
68216,seven
68217,seven
68218,seven
68240,seven
68242,seven
68243,seven
68244,seven
68245,seven
68255,seven
68256,seven
68275,seven
68276,seven
68277,seven
68278,seven
68279,seven
68281,seven
68282,seven
68290,seven
68395,seven
68440,seven
68441,seven
68451,seven
68509,seven
68510,seven
68511,seven
68512,seven
68513,seven
68553,seven
68554,seven
68616,seven
68617,seven
68618,seven
68695,seven
68727,seven
68737,seven
68738,seven
68783,seven
68784,seven
68785,seven
68786,seven
68787,seven
68809,seven
68811,seven
68812,seven
68813,seven
68814,seven
68815,seven
68863,seven
68864,seven
68930,seven
68931,seven
68932,seven
68933,seven
68934,seven
68940,seven
68941,seven
68942,seven
68982,seven
68983,seven
69005,seven
69008,seven
69046,seven
69047,seven
69048,seven
69049,seven
69050,seven
69054,seven
69064,seven
69065,seven
69100,seven
69124,seven
69140,seven
69141,seven
69156,seven
69200,seven
69201,seven
69202,seven
69203,seven
69204,seven
69205,seven
69206,seven
69207,seven
69208,seven
69209,seven
69229,seven
69230,seven
69231,seven
69232,seven
69233,seven
69234,seven
69274,seven
69275,seven
69276,seven
69282,seven
69283,seven
69299,seven
69300,seven
69302,seven
69303,seven
69304,seven
69305,seven
69306,seven
69308,seven
69332,seven
69381,seven
69382,seven
69446,seven
69459,seven
69461,seven
69462,seven
69463,seven
69464,seven
69465,seven
69481,seven
69520,seven
69521,seven
69522,seven
69523,seven
69524,seven
69525,seven
69526,seven
69527,seven
69528,seven
69529,seven
69530,seven
69609,seven
69610,seven
69612,seven
69613,seven
69614,seven
69615,seven
69649,seven
69653,seven
69674,seven
69675,seven
69676,seven
69677,seven
69682,seven
69683,seven
69684,seven
69685,seven
69687,seven
69688,seven
69689,seven
69690,seven
69691,seven
69692,seven
69693,seven
69717,seven
69718,seven
69719,seven
69720,seven
69721,seven
69728,seven
69729,seven
69758,seven
69777,seven
69778,seven
69785,seven
69793,seven
69794,seven
69795,seven
69796,seven
69797,seven
69798,seven
69831,seven
69840,seven
69841,seven
69871,seven
69872,seven
69897,seven
69904,seven
69905,seven
69906,seven
69942,seven
69976,seven
69977,seven
69978,seven
69979,seven
69980,seven
69981,seven
69986,seven
69987,seven
69999,seven
70059,seven
70110,seven
70111,seven
70112,seven
70113,seven
70114,seven
70199,seven
70232,seven
70233,seven
70234,seven
70235,seven
70236,seven
70237,seven
70238,seven
70239,seven
70240,seven
70263,seven
70305,seven
70306,seven
70307,seven
70308,seven
70445,seven
70452,seven
70469,seven
70470,seven
70471,seven
70519,seven
70539,seven
70542,seven
70547,seven
70590,seven
70591,seven
70592,seven
70593,seven
70594,seven
70597,seven
70598,seven
70612,seven
70613,seven
70614,seven
70615,seven
70618,seven
70626,seven
70627,seven
70646,seven
70677,seven
70702,seven
70703,seven
70704,seven
70718,seven
70719,seven
70720,seven
70721,seven
70722,seven
70730,seven
70813,seven
70814,seven
70830,seven
70844,seven
70845,seven
70846,seven
70847,seven
70848,seven
70849,seven
70857,seven
70858,seven
70859,seven
70860,seven
70874,seven
70877,seven
70888,seven
70889,seven
70890,seven
70891,seven
70892,seven
70893,seven
70894,seven
70941,seven
70965,seven
70966,seven
70967,seven
70968,seven
70969,seven
70970,seven
70971,seven
70972,seven
70973,seven
70974,seven
70975,seven
70976,seven
71010,seven
71011,seven
71012,seven
71013,seven
71014,seven
71022,seven
71063,seven
71064,seven
71065,seven
71066,seven
71067,seven
71090,seven
71091,seven
71092,seven
71093,seven
71102,seven
71122,seven
71142,seven
71143,seven
71166,seven
71185,sheila
71186,sheila
71187,sheila
71204,sheila
71205,sheila
71240,sheila
71241,sheila
71249,sheila
71250,sheila
71313,sheila
71319,sheila
71321,sheila
71324,sheila
71325,sheila
71338,sheila
71342,sheila
71360,sheila
71380,sheila
71391,sheila
71396,sheila
71397,sheila
71401,sheila
71416,sheila
71427,sheila
71430,sheila
71448,sheila
71449,sheila
71460,sheila
71463,sheila
71464,sheila
71481,sheila
71500,sheila
71501,sheila
71525,sheila
71549,sheila
71550,sheila
71551,sheila
71561,sheila
71562,sheila
71563,sheila
71586,sheila
71603,sheila
71607,sheila
71618,sheila
71623,sheila
71642,sheila
71656,sheila
71684,sheila
71686,sheila
71699,sheila
71700,sheila
71704,sheila
71713,sheila
71732,sheila
71734,sheila
71739,sheila
71740,sheila
71769,sheila
71778,sheila
71810,sheila
71819,sheila
71820,sheila
71821,sheila
71840,sheila
71842,sheila
71863,sheila
71888,sheila
71889,sheila
71894,sheila
71957,sheila
71958,sheila
71959,sheila
71985,sheila
71991,sheila
71992,sheila
71993,sheila
72012,sheila
72016,sheila
72067,sheila
72094,sheila
72123,sheila
72130,sheila
72168,sheila
72207,sheila
72208,sheila
72209,sheila
72215,sheila
72253,sheila
72267,sheila
72268,sheila
72283,sheila
72292,sheila
72293,sheila
72296,sheila
72297,sheila
72306,sheila
72307,sheila
72308,sheila
72314,sheila
72316,sheila
72317,sheila
72353,sheila
72374,sheila
72377,sheila
72382,sheila
72390,sheila
72391,sheila
72403,sheila
72404,sheila
72409,sheila
72410,sheila
72411,sheila
72412,sheila
72413,sheila
72414,sheila
72417,sheila
72428,sheila
72492,sheila
72493,sheila
72495,sheila
72510,sheila
72511,sheila
72536,sheila
72537,sheila
72549,sheila
72558,sheila
72559,sheila
72563,sheila
72565,sheila
72566,sheila
72579,sheila
72580,sheila
72581,sheila
72598,sheila
72599,sheila
72603,sheila
72621,sheila
72624,sheila
72629,sheila
72631,sheila
72634,sheila
72653,sheila
72654,sheila
72655,sheila
72656,sheila
72658,sheila
72659,sheila
72660,sheila
72663,sheila
72679,sheila
72687,sheila
72688,sheila
72700,sheila
72721,sheila
72722,sheila
72740,sheila
72751,sheila
72752,sheila
72757,sheila
72758,sheila
72759,sheila
72760,sheila
72761,sheila
72762,sheila
72777,sheila
72778,sheila
72831,sheila
72832,sheila
72833,sheila
72838,sheila
72859,sheila
72881,sheila
72882,sheila
72883,sheila
72885,sheila
72911,sheila
72924,sheila
72946,sheila
72959,sheila
72960,sheila
72961,sheila
72962,sheila
72982,sheila
72983,sheila
73032,sheila
73033,sheila
73034,sheila
73037,sheila
73053,sheila
73054,sheila
73059,sheila
73079,sheila
73080,sheila
73099,sheila
73100,sheila
73107,sheila
73122,sheila
73144,sheila
73160,sheila
73174,sheila
73190,sheila
73191,sheila
73232,six
73260,six
73261,six
73295,six
73306,six
73307,six
73322,six
73323,six
73366,six
73433,six
73453,six
73468,six
73471,six
73472,six
73477,six
73478,six
73479,six
73480,six
73481,six
73514,six
73515,six
73516,six
73517,six
73532,six
73533,six
73534,six
73536,six
73537,six
73538,six
73539,six
73540,six
73556,six
73557,six
73574,six
73575,six
73576,six
73577,six
73591,six
73612,six
73613,six
73615,six
73616,six
73617,six
73618,six
73619,six
73644,six
73651,six
73652,six
73679,six
73680,six
73698,six
73699,six
73701,six
73738,six
73739,six
73740,six
73741,six
73778,six
73779,six
73795,six
73796,six
73848,six
73849,six
73850,six
73860,six
73861,six
73862,six
73863,six
73873,six
73874,six
73880,six
73881,six
73882,six
73883,six
73884,six
73922,six
73948,six
73949,six
73950,six
73951,six
73993,six
73994,six
73995,six
73996,six
74008,six
74009,six
74010,six
74011,six
74012,six
74013,six
74032,six
74033,six
74046,six
74084,six
74085,six
74086,six
74089,six
74090,six
74091,six
74092,six
74093,six
74125,six
74126,six
74127,six
74177,six
74178,six
74182,six
74196,six
74197,six
74198,six
74199,six
74200,six
74207,six
74208,six
74209,six
74210,six
74226,six
74227,six
74228,six
74229,six
74236,six
74237,six
74253,six
74254,six
74255,six
74256,six
74257,six
74259,six
74260,six
74266,six
74323,six
74334,six
74335,six
74414,six
74435,six
74490,six
74491,six
74492,six
74493,six
74494,six
74524,six
74527,six
74577,six
74654,six
74703,six
74705,six
74743,six
74744,six
74745,six
74746,six
74747,six
74760,six
74762,six
74763,six
74764,six
74765,six
74766,six
74824,six
74825,six
74865,six
74866,six
74867,six
74868,six
74869,six
74876,six
74909,six
74939,six
74940,six
74942,six
74943,six
74974,six
74975,six
74976,six
74977,six
74978,six
74979,six
74986,six
75026,six
75051,six
75066,six
75067,six
75135,six
75136,six
75137,six
75138,six
75139,six
75140,six
75141,six
75142,six
75143,six
75144,six
75164,six
75165,six
75166,six
75167,six
75168,six
75193,six
75198,six
75204,six
75212,six
75225,six
75226,six
75227,six
75228,six
75234,six
75235,six
75236,six
75237,six
75241,six
75269,six
75384,six
75387,six
75388,six
75390,six
75391,six
75392,six
75393,six
75394,six
75428,six
75440,six
75442,six
75443,six
75444,six
75445,six
75465,six
75527,six
75529,six
75530,six
75531,six
75532,six
75533,six
75563,six
75592,six
75593,six
75594,six
75598,six
75599,six
75600,six
75601,six
75625,six
75626,six
75627,six
75628,six
75629,six
75640,six
75641,six
75642,six
75643,six
75658,six
75664,six
75698,six
75699,six
75700,six
75701,six
75702,six
75721,six
75722,six
75723,six
75740,six
75741,six
75750,six
75804,six
75806,six
75807,six
75813,six
75872,six
75873,six
75874,six
75875,six
75876,six
75877,six
75878,six
75879,six
75880,six
75890,six
75945,six
75972,six
75994,six
75995,six
75996,six
75997,six
75998,six
76105,six
76117,six
76118,six
76119,six
76120,six
76121,six
76122,six
76123,six
76124,six
76125,six
76126,six
76127,six
76128,six
76129,six
76130,six
76150,six
76174,six
76175,six
76176,six
76191,six
76192,six
76193,six
76194,six
76195,six
76214,six
76215,six
76329,six
76330,six
76384,six
76385,six
76410,six
76417,six
76450,six
76451,six
76452,six
76456,six
76457,six
76458,six
76459,six
76460,six
76466,six
76467,six
76485,six
76504,six
76505,six
76525,six
76526,six
76560,six
76561,six
76562,six
76567,six
76568,six
76569,six
76576,six
76599,six
76600,six
76601,six
76652,six
76688,six
76689,six
76690,six
76691,six
76692,six
76704,six
76705,six
76706,six
76707,six
76722,six
76745,six
76746,six
76747,six
76748,six
76819,six
76820,six
76821,six
76822,six
76823,six
76824,six
76825,six
76826,six
76827,six
76829,six
76830,six
76831,six
76832,six
76842,six
76843,six
76878,six
76879,six
76880,six
76881,six
76882,six
76933,six
76934,six
76935,six
76936,six
76963,six
76964,six
76967,six
76983,six
77008,six
77009,six
77010,six
77011,six
77048,six
77067,stop
77068,stop
77100,stop
77142,stop
77143,stop
77144,stop
77145,stop
77146,stop
77176,stop
77177,stop
77212,stop
77213,stop
77295,stop
77313,stop
77337,stop
77338,stop
77339,stop
77340,stop
77341,stop
77349,stop
77377,stop
77378,stop
77379,stop
77380,stop
77394,stop
77395,stop
77396,stop
77397,stop
77398,stop
77399,stop
77400,stop
77401,stop
77418,stop
77419,stop
77436,stop
77474,stop
77475,stop
77476,stop
77477,stop
77478,stop
77506,stop
77553,stop
77554,stop
77569,stop
77595,stop
77596,stop
77597,stop
77640,stop
77655,stop
77656,stop
77713,stop
77714,stop
77715,stop
77724,stop
77725,stop
77726,stop
77727,stop
77728,stop
77742,stop
77743,stop
77744,stop
77745,stop
77746,stop
77795,stop
77821,stop
77870,stop
77871,stop
77872,stop
77873,stop
77874,stop
77889,stop
77890,stop
77891,stop
77892,stop
77893,stop
77894,stop
77895,stop
77900,stop
77901,stop
77977,stop
77978,stop
77979,stop
77982,stop
77983,stop
77984,stop
77985,stop
77986,stop
78025,stop
78026,stop
78027,stop
78028,stop
78029,stop
78064,stop
78087,stop
78088,stop
78089,stop
78090,stop
78106,stop
78108,stop
78109,stop
78110,stop
78139,stop
78140,stop
78141,stop
78142,stop
78143,stop
78146,stop
78149,stop
78154,stop
78225,stop
78266,stop
78299,stop
78311,stop
78369,stop
78370,stop
78371,stop
78372,stop
78373,stop
78411,stop
78412,stop
78459,stop
78460,stop
78544,stop
78584,stop
78616,stop
78625,stop
78626,stop
78640,stop
78641,stop
78642,stop
78643,stop
78644,stop
78666,stop
78667,stop
78668,stop
78669,stop
78709,stop
78726,stop
78727,stop
78728,stop
78781,stop
78782,stop
78783,stop
78784,stop
78835,stop
78846,stop
78847,stop
78865,stop
78866,stop
78867,stop
78894,stop
78895,stop
78896,stop
78897,stop
78905,stop
78906,stop
78907,stop
78942,stop
78943,stop
78944,stop
78964,stop
78965,stop
78982,stop
78983,stop
78985,stop
78986,stop
78987,stop
79049,stop
79050,stop
79051,stop
79052,stop
79053,stop
79054,stop
79055,stop
79056,stop
79057,stop
79078,stop
79079,stop
79080,stop
79081,stop
79082,stop
79083,stop
79126,stop
79135,stop
79137,stop
79154,stop
79155,stop
79160,stop
79161,stop
79162,stop
79163,stop
79167,stop
79168,stop
79169,stop
79225,stop
79293,stop
79294,stop
79295,stop
79311,stop
79312,stop
79313,stop
79314,stop
79315,stop
79322,stop
79343,stop
79344,stop
79345,stop
79346,stop
79352,stop
79353,stop
79362,stop
79364,stop
79365,stop
79366,stop
79367,stop
79368,stop
79378,stop
79438,stop
79439,stop
79440,stop
79441,stop
79442,stop
79470,stop
79498,stop
79499,stop
79500,stop
79502,stop
79503,stop
79504,stop
79505,stop
79506,stop
79529,stop
79530,stop
79531,stop
79543,stop
79544,stop
79545,stop
79564,stop
79573,stop
79601,stop
79602,stop
79603,stop
79604,stop
79605,stop
79606,stop
79607,stop
79608,stop
79625,stop
79639,stop
79668,stop
79669,stop
79689,stop
79690,stop
79691,stop
79701,stop
79739,stop
79765,stop
79766,stop
79767,stop
79768,stop
79770,stop
79771,stop
79772,stop
79774,stop
79775,stop
79776,stop
79831,stop
79852,stop
79853,stop
79877,stop
79894,stop
79895,stop
79896,stop
79897,stop
79898,stop
79988,stop
79989,stop
79998,stop
79999,stop
80000,stop
80001,stop
80002,stop
80003,stop
80004,stop
80005,stop
80006,stop
80007,stop
80008,stop
80009,stop
80010,stop
80011,stop
80012,stop
80013,stop
80014,stop
80054,stop
80067,stop
80068,stop
80069,stop
80070,stop
80071,stop
80198,stop
80199,stop
80206,stop
80260,stop
80261,stop
80264,stop
80265,stop
80282,stop
80283,stop
80321,stop
80322,stop
80323,stop
80325,stop
80326,stop
80327,stop
80328,stop
80329,stop
80333,stop
80348,stop
80349,stop
80350,stop
80354,stop
80368,stop
80387,stop
80397,stop
80398,stop
80427,stop
80428,stop
80429,stop
80430,stop
80431,stop
80432,stop
80450,stop
80451,stop
80452,stop
80453,stop
80454,stop
80460,stop
80527,stop
80562,stop
80563,stop
80564,stop
80565,stop
80566,stop
80569,stop
80587,stop
80588,stop
80589,stop
80601,stop
80602,stop
80622,stop
80623,stop
80624,stop
80625,stop
80626,stop
80630,stop
80701,stop
80702,stop
80703,stop
80704,stop
80705,stop
80706,stop
80707,stop
80708,stop
80709,stop
80710,stop
80711,stop
80712,stop
80757,stop
80758,stop
80759,stop
80760,stop
80761,stop
80769,stop
80770,stop
80812,stop
80813,stop
80814,stop
80815,stop
80816,stop
80853,stop
80854,stop
80892,stop
80917,stop
80918,stop
80919,stop
80920,stop
80959,three
80960,three
81009,three
81010,three
81011,three
81012,three
81013,three
81038,three
81039,three
81139,three
81178,three
81179,three
81180,three
81181,three
81182,three
81183,three
81192,three
81224,three
81225,three
81226,three
81227,three
81242,three
81243,three
81244,three
81247,three
81248,three
81249,three
81266,three
81267,three
81288,three
81289,three
81290,three
81307,three
81308,three
81309,three
81310,three
81327,three
81328,three
81329,three
81330,three
81331,three
81362,three
81363,three
81407,three
81408,three
81411,three
81431,three
81432,three
81433,three
81434,three
81435,three
81458,three
81459,three
81460,three
81500,three
81501,three
81502,three
81577,three
81582,three
81583,three
81584,three
81593,three
81599,three
81645,three
81669,three
81709,three
81710,three
81711,three
81712,three
81713,three
81725,three
81726,three
81727,three
81728,three
81729,three
81730,three
81731,three
81732,three
81739,three
81740,three
81741,three
81755,three
81756,three
81772,three
81773,three
81774,three
81775,three
81812,three
81813,three
81814,three
81815,three
81818,three
81819,three
81820,three
81821,three
81822,three
81854,three
81855,three
81856,three
81857,three
81858,three
81919,three
81928,three
81929,three
81930,three
81946,three
81947,three
81948,three
81952,three
81953,three
81954,three
81955,three
81964,three
81982,three
81983,three
81984,three
81985,three
81986,three
81988,three
82042,three
82093,three
82094,three
82100,three
82122,three
82123,three
82142,three
82195,three
82196,three
82197,three
82198,three
82222,three
82271,three
82339,three
82375,three
82378,three
82379,three
82406,three
82407,three
82414,three
82426,three
82427,three
82428,three
82429,three
82430,three
82445,three
82448,three
82449,three
82450,three
82512,three
82551,three
82552,three
82553,three
82554,three
82555,three
82560,three
82561,three
82621,three
82622,three
82661,three
82662,three
82663,three
82664,three
82665,three
82668,three
82669,three
82677,three
82678,three
82748,three
82749,three
82809,three
82810,three
82811,three
82812,three
82813,three
82814,three
82815,three
82816,three
82836,three
82837,three
82838,three
82839,three
82840,three
82841,three
82863,three
82866,three
82867,three
82873,three
82874,three
82894,three
82895,three
82896,three
82897,three
82901,three
82902,three
82903,three
82980,three
82981,three
83056,three
83059,three
83060,three
83061,three
83062,three
83063,three
83104,three
83105,three
83108,three
83109,three
83110,three
83111,three
83122,three
83180,three
83181,three
83182,three
83183,three
83184,three
83185,three
83236,three
83237,three
83240,three
83241,three
83243,three
83245,three
83246,three
83247,three
83248,three
83249,three
83271,three
83272,three
83274,three
83275,three
83287,three
83288,three
83332,three
83337,three
83338,three
83339,three
83340,three
83341,three
83342,three
83343,three
83344,three
83372,three
83388,three
83447,three
83448,three
83453,three
83458,three
83459,three
83493,three
83526,three
83527,three
83528,three
83529,three
83530,three
83531,three
83532,three
83533,three
83534,three
83545,three
83546,three
83586,three
83600,three
83601,three
83602,three
83629,three
83648,three
83649,three
83650,three
83651,three
83652,three
83653,three
83691,three
83692,three
83766,three
83767,three
83768,three
83769,three
83770,three
83771,three
83772,three
83835,three
83836,three
83851,three
83964,three
83983,three
83984,three
83985,three
84022,three
84023,three
84026,three
84027,three
84043,three
84050,three
84083,three
84084,three
84085,three
84086,three
84089,three
84090,three
84091,three
84092,three
84093,three
84098,three
84101,three
84112,three
84113,three
84118,three
84137,three
84138,three
84166,three
84167,three
84193,three
84194,three
84208,three
84209,three
84210,three
84211,three
84212,three
84217,three
84274,three
84275,three
84318,three
84319,three
84320,three
84321,three
84322,three
84333,three
84334,three
84335,three
84336,three
84337,three
84338,three
84356,three
84358,three
84372,three
84373,three
84374,three
84375,three
84423,three
84424,three
84451,three
84452,three
84453,three
84454,three
84455,three
84456,three
84457,three
84459,three
84460,three
84461,three
84462,three
84463,three
84503,three
84504,three
84505,three
84506,three
84550,three
84551,three
84552,three
84553,three
84554,three
84555,three
84556,three
84557,three
84558,three
84584,three
84585,three
84591,three
84592,three
84607,three
84608,three
84609,three
84626,three
84649,three
84657,tree
84673,tree
84712,tree
84713,tree
84762,tree
84763,tree
84764,tree
84772,tree
84784,tree
84835,tree
84853,tree
84854,tree
84878,tree
84884,tree
84885,tree
84887,tree
84888,tree
84889,tree
84890,tree
84891,tree
84892,tree
84893,tree
84897,tree
84898,tree
84900,tree
84935,tree
84938,tree
84963,tree
84964,tree
84965,tree
84972,tree
84985,tree
84987,tree
85008,tree
85020,tree
85025,tree
85028,tree
85101,tree
85102,tree
85107,tree
85120,tree
85121,tree
85127,tree
85128,tree
85137,tree
85148,tree
85151,tree
85188,tree
85212,tree
85213,tree
85214,tree
85218,tree
85219,tree
85220,tree
85229,tree
85240,tree
85243,tree
85267,tree
85293,tree
85294,tree
85312,tree
85362,tree
85363,tree
85383,tree
85429,tree
85430,tree
85431,tree
85457,tree
85465,tree
85473,tree
85474,tree
85480,tree
85487,tree
85490,tree
85524,tree
85525,tree
85533,tree
85534,tree
85546,tree
85558,tree
85604,tree
85605,tree
85621,tree
85622,tree
85623,tree
85624,tree
85626,tree
85638,tree
85639,tree
85644,tree
85646,tree
85677,tree
85699,tree
85709,tree
85716,tree
85717,tree
85725,tree
85727,tree
85737,tree
85774,tree
85801,tree
85802,tree
85805,tree
85808,tree
85819,tree
85833,tree
85835,tree
85852,tree
85855,tree
85873,tree
85881,tree
85882,tree
85883,tree
85884,tree
85900,tree
85913,tree
85914,tree
85915,tree
85916,tree
85917,tree
85928,tree
85933,tree
85941,tree
85976,tree
85983,tree
85987,tree
86001,tree
86002,tree
86003,tree
86017,tree
86060,tree
86061,tree
86065,tree
86071,tree
86081,tree
86083,tree
86100,tree
86101,tree
86102,tree
86129,tree
86130,tree
86133,tree
86134,tree
86150,tree
86151,tree
86152,tree
86153,tree
86154,tree
86177,tree
86178,tree
86193,tree
86194,tree
86195,tree
86196,tree
86197,tree
86206,tree
86210,tree
86252,tree
86259,tree
86269,tree
86270,tree
86277,tree
86298,tree
86308,tree
86312,tree
86313,tree
86372,tree
86373,tree
86377,tree
86378,tree
86379,tree
86380,tree
86381,tree
86382,tree
86396,tree
86411,tree
86426,two
86427,two
86481,two
86482,two
86513,two
86514,two
86515,two
86516,two
86517,two
86531,two
86532,two
86616,two
86666,two
86682,two
86683,two
86684,two
86685,two
86686,two
86705,two
86709,two
86710,two
86711,two
86718,two
86719,two
86720,two
86721,two
86722,two
86758,two
86759,two
86760,two
86761,two
86762,two
86774,two
86775,two
86776,two
86777,two
86778,two
86779,two
86780,two
86799,two
86812,two
86813,two
86814,two
86815,two
86847,two
86851,two
86852,two
86853,two
86854,two
86855,two
86877,two
86878,two
86932,two
86951,two
86952,two
86978,two
86979,two
86980,two
86981,two
87014,two
87015,two
87016,two
87017,two
87032,two
87033,two
87084,two
87085,two
87089,two
87098,two
87099,two
87100,two
87101,two
87110,two
87118,two
87119,two
87166,two
87196,two
87238,two
87239,two
87240,two
87241,two
87242,two
87257,two
87258,two
87259,two
87260,two
87261,two
87282,two
87296,two
87334,two
87335,two
87336,two
87340,two
87341,two
87342,two
87343,two
87344,two
87386,two
87387,two
87388,two
87389,two
87390,two
87420,two
87424,two
87439,two
87447,two
87448,two
87449,two
87450,two
87451,two
87465,two
87471,two
87472,two
87473,two
87493,two
87494,two
87495,two
87496,two
87497,two
87503,two
87505,two
87615,two
87624,two
87631,two
87660,two
87661,two
87662,two
87675,two
87720,two
87721,two
87722,two
87723,two
87724,two
87761,two
87764,two
87816,two
87817,two
87818,two
87819,two
87820,two
87904,two
87959,two
87960,two
87961,two
88000,two
88001,two
88002,two
88003,two
88004,two
88023,two
88024,two
88025,two
88026,two
88071,two
88117,two
88118,two
88119,two
88120,two
88121,two
88128,two
88166,two
88175,two
88176,two
88196,two
88232,two
88233,two
88234,two
88235,two
88236,two
88237,two
88243,two
88244,two
88283,two
88284,two
88285,two
88286,two
88325,two
88326,two
88340,two
88392,two
88393,two
88394,two
88395,two
88396,two
88397,two
88398,two
88399,two
88400,two
88425,two
88426,two
88427,two
88428,two
88429,two
88468,two
88471,two
88472,two
88477,two
88493,two
88494,two
88495,two
88496,two
88497,two
88498,two
88499,two
88500,two
88534,two
88535,two
88567,two
88573,two
88639,two
88640,two
88650,two
88651,two
88652,two
88653,two
88654,two
88670,two
88671,two
88693,two
88703,two
88704,two
88705,two
88706,two
88707,two
88708,two
88721,two
88722,two
88723,two
88784,two
88785,two
88786,two
88787,two
88816,two
88820,two
88839,two
88843,two
88844,two
88845,two
88846,two
88849,two
88850,two
88851,two
88852,two
88853,two
88854,two
88855,two
88882,two
88883,two
88884,two
88909,two
88910,two
88919,two
88936,two
88949,two
88950,two
88951,two
88961,two
88962,two
88963,two
88964,two
88965,two
88968,two
89023,two
89041,two
89042,two
89043,two
89044,two
89052,two
89075,two
89088,two
89155,two
89156,two
89157,two
89158,two
89159,two
89169,two
89207,two
89270,two
89271,two
89272,two
89273,two
89312,two
89359,two
89360,two
89386,two
89396,two
89397,two
89398,two
89399,two
89400,two
89401,two
89402,two
89403,two
89404,two
89405,two
89406,two
89407,two
89408,two
89409,two
89435,two
89469,two
89470,two
89471,two
89472,two
89473,two
89604,two
89691,two
89694,two
89695,two
89702,two
89703,two
89735,two
89736,two
89738,two
89739,two
89740,two
89741,two
89742,two
89745,two
89749,two
89750,two
89751,two
89775,two
89796,two
89814,two
89815,two
89816,two
89842,two
89852,two
89853,two
89854,two
89882,two
89926,two
89927,two
89958,two
89959,two
89960,two
89961,two
89962,two
89963,two
89971,two
89972,two
89973,two
89974,two
89975,two
89991,two
89999,two
90000,two
90001,two
90013,two
90014,two
90015,two
90016,two
90017,two
90093,two
90094,two
90095,two
90096,two
90097,two
90098,two
90099,two
90100,two
90101,two
90102,two
90103,two
90104,two
90105,two
90106,two
90145,two
90146,two
90147,two
90148,two
90149,two
90157,two
90199,two
90200,two
90201,two
90226,two
90227,two
90228,two
90234,two
90235,two
90236,two
90250,two
90251,two
90269,two
90304,up
90305,up
90327,up
90353,up
90380,up
90381,up
90382,up
90407,up
90441,up
90484,up
90520,up
90521,up
90530,up
90532,up
90556,up
90557,up
90559,up
90560,up
90561,up
90569,up
90570,up
90571,up
90601,up
90602,up
90620,up
90621,up
90622,up
90623,up
90624,up
90625,up
90655,up
90669,up
90675,up
90693,up
90694,up
90695,up
90696,up
90697,up
90723,up
90757,up
90775,up
90776,up
90777,up
90778,up
90789,up
90790,up
90791,up
90792,up
90793,up
90794,up
90817,up
90818,up
90819,up
90820,up
90860,up
90874,up
90875,up
90876,up
90928,up
90940,up
90941,up
90942,up
90943,up
90959,up
90960,up
90961,up
90962,up
91000,up
91001,up
91002,up
91024,up
91065,up
91066,up
91067,up
91068,up
91069,up
91082,up
91083,up
91084,up
91085,up
91088,up
91117,up
91118,up
91157,up
91158,up
91159,up
91160,up
91168,up
91169,up
91170,up
91209,up
91210,up
91211,up
91212,up
91213,up
91267,up
91280,up
91281,up
91288,up
91289,up
91290,up
91291,up
91292,up
91307,up
91316,up
91321,up
91322,up
91323,up
91324,up
91342,up
91343,up
91344,up
91345,up
91346,up
91356,up
91415,up
91416,up
91417,up
91468,up
91482,up
91489,up
91515,up
91530,up
91589,up
91590,up
91591,up
91592,up
91624,up
91626,up
91627,up
91675,up
91676,up
91793,up
91805,up
91819,up
91820,up
91825,up
91826,up
91838,up
91839,up
91840,up
91841,up
91842,up
91856,up
91857,up
91858,up
91859,up
91860,up
91887,up
91888,up
91889,up
91908,up
91950,up
91951,up
91952,up
91953,up
91954,up
91997,up
91998,up
91999,up
92007,up
92037,up
92038,up
92068,up
92069,up
92070,up
92071,up
92080,up
92112,up
92134,up
92150,up
92164,up
92211,up
92212,up
92213,up
92214,up
92215,up
92216,up
92217,up
92218,up
92219,up
92238,up
92239,up
92240,up
92241,up
92242,up
92243,up
92280,up
92281,up
92282,up
92292,up
92310,up
92311,up
92314,up
92315,up
92316,up
92317,up
92343,up
92381,up
92449,up
92465,up
92466,up
92467,up
92468,up
92469,up
92502,up
92503,up
92504,up
92510,up
92518,up
92519,up
92522,up
92523,up
92524,up
92592,up
92594,up
92595,up
92596,up
92597,up
92598,up
92616,up
92631,up
92632,up
92635,up
92636,up
92637,up
92638,up
92641,up
92642,up
92643,up
92644,up
92645,up
92646,up
92667,up
92668,up
92669,up
92670,up
92671,up
92718,up
92719,up
92735,up
92736,up
92737,up
92738,up
92739,up
92765,up
92805,up
92826,up
92827,up
92832,up
92835,up
92863,up
92892,up
92893,up
92894,up
92895,up
92896,up
92897,up
92898,up
92899,up
92900,up
92901,up
92902,up
92914,up
92915,up
92916,up
92917,up
92955,up
92956,up
92968,up
92969,up
93011,up
93012,up
93013,up
93014,up
93056,up
93103,up
93104,up
93124,up
93125,up
93133,up
93134,up
93135,up
93136,up
93137,up
93138,up
93139,up
93162,up
93192,up
93211,up
93212,up
93213,up
93214,up
93215,up
93336,up
93341,up
93342,up
93359,up
93360,up
93408,up
93450,up
93451,up
93452,up
93458,up
93459,up
93460,up
93461,up
93467,up
93468,up
93469,up
93470,up
93531,up
93535,up
93536,up
93537,up
93566,up
93577,up
93578,up
93579,up
93580,up
93581,up
93655,up
93656,up
93689,up
93690,up
93691,up
93692,up
93693,up
93704,up
93705,up
93706,up
93707,up
93725,up
93743,up
93744,up
93745,up
93746,up
93747,up
93793,up
93794,up
93795,up
93814,up
93815,up
93816,up
93817,up
93818,up
93819,up
93820,up
93821,up
93822,up
93823,up
93824,up
93825,up
93826,up
93827,up
93842,up
93873,up
93874,up
93875,up
93876,up
93877,up
93881,up
93918,up
93919,up
93920,up
93921,up
93948,up
93949,up
93950,up
93952,up
93963,up
94144,visual
94145,visual
94146,visual
94157,visual
94158,visual
94159,visual
94160,visual
94161,visual
94176,visual
94177,visual
94178,visual
94193,visual
94194,visual
94195,visual
94196,visual
94197,visual
94212,visual
94213,visual
94214,visual
94215,visual
94216,visual
94309,visual
94310,visual
94311,visual
94338,visual
94339,visual
94366,visual
94369,visual
94370,visual
94371,visual
94372,visual
94374,visual
94375,visual
94376,visual
94377,visual
94378,visual
94408,visual
94409,visual
94410,visual
94411,visual
94412,visual
94413,visual
94414,visual
94415,visual
94459,visual
94465,visual
94466,visual
94467,visual
94469,visual
94470,visual
94471,visual
94472,visual
94473,visual
94474,visual
94482,visual
94483,visual
94484,visual
94485,visual
94486,visual
94487,visual
94488,visual
94517,visual
94518,visual
94519,visual
94566,visual
94593,visual
94594,visual
94595,visual
94596,visual
94714,visual
94715,visual
94716,visual
94717,visual
94718,visual
94724,visual
94741,visual
94742,visual
94743,visual
94744,visual
94779,visual
94780,visual
94781,visual
94782,visual
94802,visual
94807,visual
94812,visual
94833,visual
94834,visual
94835,visual
94836,visual
94837,visual
94838,visual
94839,visual
94840,visual
94874,visual
94875,visual
94876,visual
94877,visual
94878,visual
94879,visual
94940,visual
94941,visual
94955,visual
94956,visual
94957,visual
94958,visual
94989,visual
94990,visual
94991,visual
94992,visual
94993,visual
95039,visual
95040,visual
95041,visual
95042,visual
95070,visual
95071,visual
95072,visual
95073,visual
95108,visual
95135,visual
95136,visual
95137,visual
95138,visual
95140,visual
95141,visual
95207,visual
95208,visual
95236,visual
95237,visual
95238,visual
95239,visual
95383,visual
95385,visual
95386,visual
95387,visual
95447,visual
95448,visual
95456,visual
95457,visual
95458,visual
95459,visual
95460,visual
95501,visual
95502,visual
95503,visual
95504,visual
95505,visual
95506,visual
95507,visual
95508,visual
95509,visual
95510,visual
95511,visual
95512,visual
95513,visual
95514,visual
95520,visual
95613,wow
95614,wow
95628,wow
95649,wow
95657,wow
95665,wow
95666,wow
95667,wow
95699,wow
95700,wow
95701,wow
95702,wow
95738,wow
95739,wow
95745,wow
95748,wow
95749,wow
95751,wow
95752,wow
95771,wow
95800,wow
95809,wow
95821,wow
95830,wow
95833,wow
95837,wow
95838,wow
95853,wow
95856,wow
95889,wow
95890,wow
95891,wow
95892,wow
95897,wow
95898,wow
95905,wow
95907,wow
95908,wow
95927,wow
95985,wow
95992,wow
96012,wow
96015,wow
96053,wow
96062,wow
96063,wow
96066,wow
96075,wow
96105,wow
96117,wow
96145,wow
96165,wow
96180,wow
96181,wow
96184,wow
96195,wow
96200,wow
96206,wow
96209,wow
96210,wow
96213,wow
96240,wow
96241,wow
96268,wow
96269,wow
96272,wow
96283,wow
96293,wow
96297,wow
96332,wow
96386,wow
96459,wow
96460,wow
96461,wow
96462,wow
96463,wow
96464,wow
96479,wow
96487,wow
96492,wow
96511,wow
96547,wow
96569,wow
96576,wow
96577,wow
96599,wow
96620,wow
96650,wow
96653,wow
96654,wow
96684,wow
96685,wow
96698,wow
96701,wow
96707,wow
96708,wow
96709,wow
96740,wow
96741,wow
96751,wow
96752,wow
96772,wow
96779,wow
96790,wow
96791,wow
96792,wow
96793,wow
96797,wow
96829,wow
96833,wow
96834,wow
96835,wow
96836,wow
96868,wow
96877,wow
96879,wow
96891,wow
96903,wow
96904,wow
96907,wow
96908,wow
96910,wow
96916,wow
96917,wow
96918,wow
96921,wow
96922,wow
96955,wow
96956,wow
96957,wow
96982,wow
96983,wow
97007,wow
97017,wow
97042,wow
97043,wow
97044,wow
97045,wow
97067,wow
97068,wow
97069,wow
97073,wow
97074,wow
97088,wow
97104,wow
97105,wow
97112,wow
97113,wow
97114,wow
97115,wow
97128,wow
97133,wow
97134,wow
97138,wow
97139,wow
97145,wow
97149,wow
97151,wow
97152,wow
97173,wow
97185,wow
97186,wow
97187,wow
97191,wow
97224,wow
97234,wow
97259,wow
97279,wow
97280,wow
97281,wow
97290,wow
97312,wow
97320,wow
97329,wow
97376,wow
97387,wow
97407,wow
97451,wow
97453,wow
97454,wow
97455,wow
97465,wow
97471,wow
97472,wow
97485,wow
97506,wow
97507,wow
97516,wow
97521,wow
97528,wow
97529,wow
97530,wow
97566,wow
97567,wow
97575,wow
97582,wow
97589,wow
97590,wow
97591,wow
97593,wow
97610,wow
97621,wow
97622,wow
97623,wow
97630,wow
97642,wow
97684,wow
97685,wow
97686,wow
97687,wow
97703,wow
97728,wow
97745,yes
97746,yes
97774,yes
97799,yes
97833,yes
97834,yes
97835,yes
97836,yes
97846,yes
97866,yes
98000,yes
98001,yes
98002,yes
98011,yes
98040,yes
98041,yes
98042,yes
98044,yes
98045,yes
98046,yes
98047,yes
98048,yes
98058,yes
98079,yes
98080,yes
98081,yes
98095,yes
98097,yes
98098,yes
98099,yes
98100,yes
98101,yes
98115,yes
98116,yes
98117,yes
98137,yes
98138,yes
98139,yes
98152,yes
98153,yes
98154,yes
98155,yes
98156,yes
98157,yes
98177,yes
98178,yes
98179,yes
98180,yes
98207,yes
98240,yes
98259,yes
98261,yes
98262,yes
98275,yes
98276,yes
98277,yes
98305,yes
98306,yes
98307,yes
98308,yes
98353,yes
98421,yes
98428,yes
98429,yes
98432,yes
98433,yes
98434,yes
98435,yes
98436,yes
98444,yes
98455,yes
98456,yes
98457,yes
98458,yes
98459,yes
98503,yes
98504,yes
98536,yes
98537,yes
98581,yes
98582,yes
98583,yes
98584,yes
98602,yes
98603,yes
98604,yes
98605,yes
98606,yes
98607,yes
98608,yes
98680,yes
98681,yes
98682,yes
98683,yes
98687,yes
98688,yes
98689,yes
98690,yes
98729,yes
98730,yes
98731,yes
98779,yes
98780,yes
98781,yes
98782,yes
98783,yes
98787,yes
98788,yes
98804,yes
98805,yes
98814,yes
98815,yes
98816,yes
98817,yes
98836,yes
98839,yes
98840,yes
98841,yes
98842,yes
98843,yes
98850,yes
98870,yes
98871,yes
98872,yes
98873,yes
98874,yes
98876,yes
98877,yes
98882,yes
98883,yes
98954,yes
98995,yes
98996,yes
98997,yes
99010,yes
99011,yes
99019,yes
99046,yes
99047,yes
99059,yes
99120,yes
99121,yes
99122,yes
99123,yes
99124,yes
99153,yes
99203,yes
99204,yes
99205,yes
99291,yes
99292,yes
99293,yes
99351,yes
99352,yes
99391,yes
99392,yes
99405,yes
99406,yes
99407,yes
99408,yes
99409,yes
99427,yes
99428,yes
99429,yes
99430,yes
99431,yes
99432,yes
99469,yes
99488,yes
99533,yes
99534,yes
99535,yes
99536,yes
99537,yes
99546,yes
99593,yes
99594,yes
99601,yes
99620,yes
99621,yes
99623,yes
99658,yes
99659,yes
99660,yes
99661,yes
99662,yes
99727,yes
99755,yes
99808,yes
99809,yes
99810,yes
99811,yes
99812,yes
99813,yes
99814,yes
99815,yes
99816,yes
99817,yes
99834,yes
99835,yes
99836,yes
99837,yes
99838,yes
99839,yes
99872,yes
99873,yes
99898,yes
99899,yes
99900,yes
99901,yes
99904,yes
99933,yes
99934,yes
99975,yes
99982,yes
99990,yes
99997,yes
100046,yes
100047,yes
100058,yes
100061,yes
100062,yes
100063,yes
100064,yes
100065,yes
100079,yes
100114,yes
100115,yes
100116,yes
100117,yes
100121,yes
100122,yes
100123,yes
100124,yes
100125,yes
100144,yes
100200,yes
100201,yes
100202,yes
100203,yes
100204,yes
100205,yes
100229,yes
100231,yes
100255,yes
100256,yes
100257,yes
100258,yes
100259,yes
100265,yes
100267,yes
100268,yes
100269,yes
100294,yes
100295,yes
100296,yes
100297,yes
100299,yes
100308,yes
100339,yes
100353,yes
100364,yes
100371,yes
100372,yes
100373,yes
100374,yes
100375,yes
100376,yes
100399,yes
100424,yes
100425,yes
100469,yes
100536,yes
100537,yes
100538,yes
100539,yes
100541,yes
100542,yes
100543,yes
100544,yes
100545,yes
100557,yes
100603,yes
100650,yes
100651,yes
100673,yes
100674,yes
100675,yes
100676,yes
100717,yes
100800,yes
100801,yes
100802,yes
100803,yes
100804,yes
100805,yes
100806,yes
100807,yes
100808,yes
100809,yes
100810,yes
100811,yes
100812,yes
100813,yes
100814,yes
100815,yes
100816,yes
100817,yes
100818,yes
100819,yes
100856,yes
100878,yes
100879,yes
100880,yes
100881,yes
100882,yes
100901,yes
100902,yes
100903,yes
101008,yes
101009,yes
101033,yes
101081,yes
101082,yes
101105,yes
101106,yes
101155,yes
101156,yes
101157,yes
101163,yes
101164,yes
101165,yes
101166,yes
101167,yes
101171,yes
101188,yes
101230,yes
101231,yes
101232,yes
101256,yes
101293,yes
101294,yes
101295,yes
101304,yes
101305,yes
101306,yes
101307,yes
101308,yes
101315,yes
101316,yes
101317,yes
101341,yes
101388,yes
101389,yes
101390,yes
101424,yes
101425,yes
101426,yes
101427,yes
101428,yes
101438,yes
101439,yes
101440,yes
101441,yes
101442,yes
101456,yes
101475,yes
101476,yes
101477,yes
101478,yes
101479,yes
101483,yes
101548,yes
101549,yes
101550,yes
101551,yes
101552,yes
101553,yes
101554,yes
101555,yes
101556,yes
101557,yes
101558,yes
101559,yes
101560,yes
101572,yes
101573,yes
101602,yes
101603,yes
101604,yes
101605,yes
101606,yes
101614,yes
101615,yes
101659,yes
101660,yes
101661,yes
101662,yes
101663,yes
101664,yes
101698,yes
101699,yes
101741,yes
101769,yes
101865,zero
101866,zero
101867,zero
101868,zero
101869,zero
101935,zero
101972,zero
101988,zero
101989,zero
102035,zero
102046,zero
102071,zero
102072,zero
102073,zero
102074,zero
102078,zero
102079,zero
102080,zero
102081,zero
102082,zero
102121,zero
102122,zero
102123,zero
102124,zero
102143,zero
102146,zero
102147,zero
102148,zero
102149,zero
102150,zero
102184,zero
102185,zero
102186,zero
102187,zero
102188,zero
102204,zero
102211,zero
102212,zero
102213,zero
102227,zero
102228,zero
102231,zero
102232,zero
102233,zero
102234,zero
102235,zero
102261,zero
102272,zero
102273,zero
102274,zero
102275,zero
102306,zero
102324,zero
102325,zero
102326,zero
102350,zero
102351,zero
102352,zero
102380,zero
102381,zero
102382,zero
102383,zero
102433,zero
102434,zero
102435,zero
102452,zero
102511,zero
102514,zero
102515,zero
102516,zero
102517,zero
102520,zero
102528,zero
102529,zero
102530,zero
102531,zero
102532,zero
102571,zero
102572,zero
102605,zero
102652,zero
102653,zero
102654,zero
102655,zero
102668,zero
102669,zero
102670,zero
102671,zero
102672,zero
102673,zero
102688,zero
102703,zero
102748,zero
102749,zero
102750,zero
102751,zero
102752,zero
102760,zero
102761,zero
102762,zero
102763,zero
102764,zero
102803,zero
102804,zero
102805,zero
102806,zero
102807,zero
102852,zero
102871,zero
102878,zero
102879,zero
102880,zero
102881,zero
102882,zero
102890,zero
102891,zero
102892,zero
102897,zero
102898,zero
102899,zero
102900,zero
102923,zero
102924,zero
102925,zero
102926,zero
102927,zero
102933,zero
102934,zero
102998,zero
103006,zero
103048,zero
103083,zero
103090,zero
103092,zero
103093,zero
103149,zero
103150,zero
103151,zero
103152,zero
103153,zero
103186,zero
103191,zero
103243,zero
103244,zero
103245,zero
103246,zero
103247,zero
103378,zero
103382,zero
103383,zero
103415,zero
103422,zero
103423,zero
103431,zero
103432,zero
103433,zero
103434,zero
103453,zero
103455,zero
103456,zero
103457,zero
103458,zero
103459,zero
103500,zero
103566,zero
103567,zero
103568,zero
103569,zero
103570,zero
103577,zero
103615,zero
103616,zero
103625,zero
103626,zero
103627,zero
103654,zero
103689,zero
103690,zero
103691,zero
103692,zero
103693,zero
103694,zero
103700,zero
103738,zero
103778,zero
103779,zero
103798,zero
103799,zero
103842,zero
103843,zero
103844,zero
103845,zero
103846,zero
103847,zero
103848,zero
103849,zero
103870,zero
103871,zero
103872,zero
103873,zero
103903,zero
103904,zero
103910,zero
103911,zero
103912,zero
103930,zero
103931,zero
103932,zero
103934,zero
103935,zero
103936,zero
103937,zero
103938,zero
103939,zero
103940,zero
104006,zero
104007,zero
104013,zero
104076,zero
104091,zero
104092,zero
104093,zero
104094,zero
104095,zero
104111,zero
104129,zero
104149,zero
104151,zero
104152,zero
104153,zero
104154,zero
104155,zero
104165,zero
104167,zero
104168,zero
104231,zero
104232,zero
104233,zero
104234,zero
104235,zero
104236,zero
104237,zero
104238,zero
104272,zero
104277,zero
104278,zero
104303,zero
104304,zero
104305,zero
104306,zero
104310,zero
104311,zero
104312,zero
104313,zero
104314,zero
104315,zero
104341,zero
104342,zero
104343,zero
104344,zero
104349,zero
104351,zero
104352,zero
104375,zero
104408,zero
104420,zero
104427,zero
104428,zero
104429,zero
104430,zero
104431,zero
104485,zero
104514,zero
104515,zero
104540,zero
104546,zero
104587,zero
104588,zero
104589,zero
104625,zero
104626,zero
104627,zero
104628,zero
104629,zero
104630,zero
104631,zero
104632,zero
104633,zero
104634,zero
104644,zero
104645,zero
104646,zero
104713,zero
104766,zero
104767,zero
104768,zero
104769,zero
104770,zero
104805,zero
104849,zero
104884,zero
104885,zero
104886,zero
104887,zero
104888,zero
104889,zero
104890,zero
104891,zero
104892,zero
104893,zero
104894,zero
104895,zero
104896,zero
104914,zero
104938,zero
104962,zero
104963,zero
104964,zero
104965,zero
104966,zero
104988,zero
104989,zero
105096,zero
105097,zero
105123,zero
105166,zero
105171,zero
105172,zero
105192,zero
105201,zero
105202,zero
105239,zero
105240,zero
105241,zero
105242,zero
105243,zero
105244,zero
105246,zero
105251,zero
105252,zero
105267,zero
105268,zero
105271,zero
105275,zero
105276,zero
105304,zero
105362,zero
105370,zero
105371,zero
105372,zero
105373,zero
105374,zero
105381,zero
105481,zero
105482,zero
105483,zero
105484,zero
105485,zero
105486,zero
105487,zero
105493,zero
105494,zero
105495,zero
105496,zero
105503,zero
105504,zero
105513,zero
105517,zero
105518,zero
105530,zero
105531,zero
105532,zero
105533,zero
105534,zero
105583,zero
105584,zero
105606,zero
105607,zero
105608,zero
105609,zero
105610,zero
105611,zero
105612,zero
105613,zero
105614,zero
105615,zero
105618,zero
105619,zero
105620,zero
105621,zero
105658,zero
105659,zero
105660,zero
105661,zero
105662,zero
105710,zero
105711,zero
105746,zero
105747,zero
105752,zero
105753,zero
105818,zero
105819,zero
0,backward
58,backward
72,backward
73,backward
74,backward
75,backward
76,backward
93,backward
94,backward
95,backward
96,backward
117,backward
118,backward
119,backward
120,backward
121,backward
129,backward
130,backward
131,backward
132,backward
133,backward
144,backward
145,backward
146,backward
147,backward
148,backward
149,backward
254,backward
255,backward
256,backward
315,backward
320,backward
321,backward
322,backward
323,backward
340,backward
341,backward
342,backward
343,backward
344,backward
460,backward
461,backward
462,backward
463,backward
469,backward
470,backward
471,backward
491,backward
492,backward
493,backward
494,backward
495,backward
550,backward
577,backward
639,backward
640,backward
646,backward
647,backward
648,backward
649,backward
650,backward
653,backward
654,backward
655,backward
711,backward
712,backward
758,backward
759,backward
765,backward
766,backward
768,backward
810,backward
811,backward
812,backward
813,backward
826,backward
827,backward
900,backward
977,backward
978,backward
979,backward
980,backward
981,backward
1004,backward
1005,backward
1006,backward
1007,backward
1027,backward
1028,backward
1029,backward
1030,backward
1031,backward
1042,backward
1043,backward
1069,backward
1070,backward
1071,backward
1072,backward
1073,backward
1111,backward
1112,backward
1113,backward
1114,backward
1123,backward
1124,backward
1125,backward
1126,backward
1166,backward
1167,backward
1168,backward
1169,backward
1170,backward
1171,backward
1172,backward
1173,backward
1174,backward
1185,backward
1186,backward
1187,backward
1188,backward
1276,backward
1277,backward
1278,backward
1279,backward
1289,backward
1290,backward
1291,backward
1292,backward
1293,backward
1294,backward
1295,backward
1296,backward
1307,backward
1308,backward
1309,backward
1310,backward
1363,backward
1364,backward
1365,backward
1366,backward
1367,backward
1434,backward
1435,backward
1436,backward
1437,backward
1476,backward
1477,backward
1478,backward
1479,backward
1543,backward
1569,backward
1570,backward
1571,backward
1578,backward
1584,backward
1585,backward
1586,backward
1587,backward
1588,backward
1594,backward
1595,backward
1596,backward
1597,backward
1598,backward
1619,backward
1620,backward
1667,bed
1668,bed
1678,bed
1696,bed
1713,bed
1714,bed
1748,bed
1792,bed
1799,bed
1800,bed
1810,bed
1828,bed
1839,bed
1848,bed
1849,bed
1860,bed
1861,bed
1865,bed
1879,bed
1882,bed
1893,bed
1894,bed
1896,bed
1897,bed
1908,bed
1916,bed
1921,bed
1958,bed
1967,bed
1974,bed
1983,bed
1991,bed
1992,bed
1993,bed
2008,bed
2009,bed
2018,bed
2022,bed
2040,bed
2064,bed
2065,bed
2073,bed
2079,bed
2096,bed
2135,bed
2136,bed
2137,bed
2164,bed
2167,bed
2190,bed
2196,bed
2201,bed
2215,bed
2216,bed
2217,bed
2226,bed
2234,bed
2246,bed
2248,bed
2263,bed
2266,bed
2267,bed
2295,bed
2296,bed
2301,bed
2309,bed
2310,bed
2311,bed
2312,bed
2328,bed
2335,bed
2336,bed
2362,bed
2363,bed
2370,bed
2416,bed
2417,bed
2424,bed
2429,bed
2431,bed
2466,bed
2483,bed
2493,bed
2512,bed
2513,bed
2514,bed
2515,bed
2521,bed
2527,bed
2535,bed
2553,bed
2558,bed
2588,bed
2589,bed
2630,bed
2634,bed
2635,bed
2636,bed
2638,bed
2661,bed
2676,bed
2677,bed
2682,bed
2683,bed
2702,bed
2703,bed
2704,bed
2710,bed
2718,bed
2719,bed
2770,bed
2771,bed
2814,bed
2859,bed
2891,bed
2895,bed
2907,bed
2908,bed
2909,bed
2916,bed
2935,bed
2956,bed
2957,bed
2963,bed
2964,bed
2980,bed
3009,bed
3010,bed
3016,bed
3028,bed
3046,bed
3052,bed
3082,bed
3085,bed
3088,bed
3110,bed
3120,bed
3121,bed
3122,bed
3146,bed
3147,bed
3148,bed
3171,bed
3174,bed
3196,bed
3215,bed
3217,bed
3234,bed
3235,bed
3250,bed
3260,bed
3269,bed
3276,bed
3277,bed
3284,bed
3299,bed
3308,bed
3309,bed
3311,bed
3326,bed
3327,bed
3328,bed
3337,bed
3340,bed
3341,bed
3346,bed
3347,bed
3354,bed
3370,bed
3371,bed
3389,bed
3390,bed
3412,bed
3420,bed
3423,bed
3439,bed
3459,bed
3460,bed
3463,bed
3473,bed
3486,bed
3487,bed
3488,bed
3489,bed
3503,bed
3504,bed
3547,bed
3557,bed
3558,bed
3594,bed
3606,bed
3612,bed
3621,bed
3624,bed
3625,bed
3631,bed
3632,bed
3633,bed
3655,bed
3656,bed
3676,bed
3677,bed
3680,bird
3681,bird
3682,bird
3683,bird
3716,bird
3754,bird
3763,bird
3806,bird
3814,bird
3815,bird
3837,bird
3838,bird
3839,bird
3849,bird
3850,bird
3851,bird
3852,bird
3859,bird
3865,bird
3877,bird
3878,bird
3880,bird
3898,bird
3907,bird
3912,bird
3913,bird
3923,bird
3966,bird
3981,bird
3982,bird
3985,bird
3990,bird
4004,bird
4025,bird
4036,bird
4057,bird
4058,bird
4059,bird
4067,bird
4068,bird
4069,bird
4070,bird
4114,bird
4153,bird
4154,bird
4167,bird
4206,bird
4207,bird
4218,bird
4240,bird
4245,bird
4248,bird
4249,bird
4262,bird
4263,bird
4264,bird
4268,bird
4275,bird
4285,bird
4287,bird
4288,bird
4289,bird
4305,bird
4329,bird
4330,bird
4334,bird
4348,bird
4349,bird
4350,bird
4353,bird
4354,bird
4358,bird
4359,bird
4377,bird
4380,bird
4381,bird
4417,bird
4420,bird
4459,bird
4466,bird
4469,bird
4505,bird
4514,bird
4533,bird
4534,bird
4540,bird
4566,bird
4576,bird
4602,bird
4607,bird
4608,bird
4612,bird
4619,bird
4625,bird
4646,bird
4647,bird
4656,bird
4663,bird
4664,bird
4672,bird
4673,bird
4674,bird
4696,bird
4699,bird
4702,bird
4730,bird
4731,bird
4733,bird
4734,bird
4756,bird
4771,bird
4772,bird
4827,bird
4828,bird
4829,bird
4830,bird
4858,bird
4892,bird
4924,bird
4938,bird
4948,bird
4975,bird
4985,bird
4986,bird
4995,bird
5005,bird
5006,bird
5014,bird
5015,bird
5045,bird
5047,bird
5072,bird
5082,bird
5088,bird
5101,bird
5134,bird
5141,bird
5143,bird
5161,bird
5204,bird
5227,bird
5237,bird
5255,bird
5256,bird
5259,bird
5260,bird
5261,bird
5278,bird
5295,bird
5296,bird
5312,bird
5314,bird
5322,bird
5323,bird
5324,bird
5332,bird
5358,bird
5370,bird
5372,bird
5385,bird
5392,bird
5393,bird
5403,bird
5408,bird
5411,bird
5428,bird
5429,bird
5466,bird
5467,bird
5468,bird
5473,bird
5474,bird
5478,bird
5479,bird
5480,bird
5482,bird
5503,bird
5524,bird
5527,bird
5534,bird
5535,bird
5536,bird
5537,bird
5549,bird
5550,bird
5557,bird
5588,bird
5589,bird
5590,bird
5591,bird
5609,bird
5628,bird
5648,bird
5661,bird
5662,bird
5663,bird
5669,bird
5675,bird
5686,bird
5690,bird
5694,bird
5695,bird
5706,bird
5714,bird
5723,bird
5724,bird
5725,bird
5746,cat
5747,cat
5756,cat
5784,cat
5813,cat
5819,cat
5831,cat
5877,cat
5884,cat
5885,cat
5898,cat
5914,cat
5916,cat
5917,cat
5924,cat
5927,cat
5932,cat
5943,cat
5944,cat
5945,cat
5947,cat
5964,cat
5965,cat
5973,cat
5986,cat
5990,cat
6004,cat
6005,cat
6035,cat
6036,cat
6040,cat
6046,cat
6048,cat
6051,cat
6057,cat
6058,cat
6059,cat
6068,cat
6082,cat
6086,cat
6087,cat
6088,cat
6089,cat
6097,cat
6098,cat
6101,cat
6137,cat
6151,cat
6152,cat
6153,cat
6167,cat
6179,cat
6180,cat
6184,cat
6192,cat
6202,cat
6221,cat
6225,cat
6239,cat
6250,cat
6289,cat
6306,cat
6312,cat
6320,cat
6321,cat
6335,cat
6348,cat
6349,cat
6351,cat
6364,cat
6367,cat
6368,cat
6369,cat
6385,cat
6399,cat
6400,cat
6404,cat
6405,cat
6420,cat
6449,cat
6450,cat
6451,cat
6455,cat
6479,cat
6488,cat
6492,cat
6496,cat
6522,cat
6532,cat
6581,cat
6582,cat
6585,cat
6586,cat
6592,cat
6597,cat
6598,cat
6599,cat
6600,cat
6602,cat
6622,cat
6623,cat
6624,cat
6625,cat
6629,cat
6630,cat
6671,cat
6700,cat
6701,cat
6709,cat
6713,cat
6714,cat
6715,cat
6743,cat
6755,cat
6757,cat
6759,cat
6780,cat
6792,cat
6793,cat
6851,cat
6852,cat
6926,cat
6968,cat
6971,cat
6978,cat
6979,cat
7007,cat
7018,cat
7019,cat
7042,cat
7052,cat
7066,cat
7067,cat
7069,cat
7111,cat
7112,cat
7121,cat
7138,cat
7141,cat
7147,cat
7184,cat
7187,cat
7190,cat
7207,cat
7218,cat
7224,cat
7225,cat
7237,cat
7238,cat
7260,cat
7272,cat
7273,cat
7287,cat
7313,cat
7314,cat
7342,cat
7345,cat
7346,cat
7352,cat
7353,cat
7385,cat
7409,cat
7412,cat
7417,cat
7422,cat
7431,cat
7446,cat
7447,cat
7448,cat
7460,cat
7461,cat
7471,cat
7472,cat
7497,cat
7503,cat
7505,cat
7509,cat
7528,cat
7529,cat
7552,cat
7555,cat
7556,cat
7568,cat
7581,cat
7592,cat
7608,cat
7609,cat
7610,cat
7611,cat
7612,cat
7613,cat
7636,cat
7650,cat
7659,cat
7684,cat
7706,cat
7714,cat
7715,cat
7716,cat
7720,cat
7725,cat
7736,cat
7756,cat
7774,dog
7775,dog
7776,dog
7781,dog
7783,dog
7817,dog
7818,dog
7829,dog
7830,dog
7868,dog
7869,dog
7882,dog
7933,dog
7945,dog
7954,dog
7969,dog
7970,dog
7973,dog
7999,dog
8000,dog
8003,dog
8004,dog
8005,dog
8009,dog
8010,dog
8011,dog
8035,dog
8046,dog
8047,dog
8055,dog
8063,dog
8093,dog
8094,dog
8095,dog
8099,dog
8111,dog
8116,dog
8124,dog
8132,dog
8143,dog
8169,dog
8172,dog
8188,dog
8189,dog
8197,dog
8198,dog
8199,dog
8206,dog
8219,dog
8220,dog
8221,dog
8242,dog
8264,dog
8273,dog
8341,dog
8347,dog
8354,dog
8368,dog
8369,dog
8377,dog
8393,dog
8395,dog
8411,dog
8430,dog
8431,dog
8433,dog
8451,dog
8452,dog
8462,dog
8470,dog
8471,dog
8472,dog
8477,dog
8495,dog
8521,dog
8525,dog
8533,dog
8534,dog
8556,dog
8557,dog
8563,dog
8567,dog
8571,dog
8595,dog
8596,dog
8607,dog
8629,dog
8635,dog
8657,dog
8658,dog
8659,dog
8660,dog
8666,dog
8670,dog
8674,dog
8675,dog
8700,dog
8705,dog
8706,dog
8718,dog
8719,dog
8752,dog
8764,dog
8765,dog
8795,dog
8802,dog
8803,dog
8804,dog
8805,dog
8806,dog
8807,dog
8825,dog
8840,dog
8841,dog
8842,dog
8877,dog
8886,dog
8890,dog
8938,dog
8939,dog
8940,dog
8979,dog
9017,dog
9045,dog
9058,dog
9062,dog
9098,dog
9109,dog
9110,dog
9111,dog
9112,dog
9125,dog
9131,dog
9152,dog
9154,dog
9185,dog
9186,dog
9187,dog
9191,dog
9192,dog
9206,dog
9223,dog
9254,dog
9258,dog
9277,dog
9295,dog
9296,dog
9297,dog
9309,dog
9323,dog
9324,dog
9346,dog
9370,dog
9371,dog
9372,dog
9373,dog
9387,dog
9389,dog
9402,dog
9403,dog
9405,dog
9431,dog
9435,dog
9441,dog
9442,dog
9451,dog
9478,dog
9489,dog
9491,dog
9492,dog
9494,dog
9506,dog
9520,dog
9521,dog
9528,dog
9529,dog
9530,dog
9538,dog
9539,dog
9545,dog
9546,dog
9564,dog
9565,dog
9568,dog
9576,dog
9613,dog
9620,dog
9640,dog
9646,dog
9669,dog
9675,dog
9680,dog
9681,dog
9695,dog
9703,dog
9710,dog
9711,dog
9712,dog
9741,dog
9742,dog
9765,dog
9766,dog
9783,dog
9810,dog
9817,dog
9821,dog
9822,dog
9828,dog
9831,dog
9836,dog
9860,dog
9869,dog
9882,dog
9905,down
9919,down
9930,down
9942,down
9952,down
9953,down
9954,down
9990,down
9991,down
9992,down
9993,down
9994,down
10051,down
10069,down
10070,down
10071,down
10096,down
10097,down
10098,down
10099,down
10100,down
10166,down
10167,down
10168,down
10187,down
10188,down
10189,down
10196,down
10197,down
10198,down
10199,down
10200,down
10231,down
10232,down
10233,down
10234,down
10235,down
10236,down
10237,down
10257,down
10264,down
10265,down
10269,down
10296,down
10300,down
10333,down
10334,down
10388,down
10389,down
10390,down
10391,down
10392,down
10478,down
10479,down
10493,down
10494,down
10495,down
10496,down
10497,down
10512,down
10513,down
10514,down
10515,down
10516,down
10519,down
10529,down
10559,down
10560,down
10561,down
10562,down
10563,down
10624,down
10625,down
10631,down
10632,down
10633,down
10634,down
10674,down
10675,down
10676,down
10677,down
10678,down
10679,down
10733,down
10734,down
10750,down
10751,down
10752,down
10761,down
10788,down
10844,down
10845,down
10846,down
10847,down
10848,down
10865,down
10901,down
10959,down
10970,down
10971,down
10972,down
10973,down
10974,down
11011,down
11012,down
11013,down
11014,down
11015,down
11042,down
11059,down
11060,down
11072,down
11073,down
11074,down
11075,down
11083,down
11094,down
11097,down
11137,down
11178,down
11179,down
11182,down
11196,down
11206,down
11207,down
11220,down
11221,down
11222,down
11252,down
11253,down
11316,down
11321,down
11322,down
11391,down
11392,down
11393,down
11394,down
11395,down
11397,down
11398,down
11399,down
11400,down
11407,down
11434,down
11455,down
11456,down
11457,down
11458,down
11459,down
11498,down
11499,down
11511,down
11512,down
11513,down
11514,down
11515,down
11554,down
11568,down
11579,down
11580,down
11624,down
11645,down
11646,down
11651,down
11652,down
11668,down
11701,down
11755,down
11756,down
11766,down
11767,down
11768,down
11769,down
11770,down
11774,down
11815,down
11816,down
11817,down
11837,down
11839,down
11913,down
11914,down
11915,down
11996,down
12010,down
12011,down
12012,down
12082,down
12084,down
12085,down
12086,down
12192,down
12193,down
12194,down
12195,down
12196,down
12244,down
12245,down
12246,down
12247,down
12248,down
12266,down
12267,down
12268,down
12269,down
12270,down
12291,down
12320,down
12321,down
12322,down
12323,down
12352,down
12353,down
12371,down
12388,down
12397,down
12398,down
12399,down
12400,down
12401,down
12402,down
12441,down
12442,down
12443,down
12444,down
12445,down
12493,down
12500,down
12501,down
12503,down
12504,down
12508,down
12509,down
12510,down
12511,down
12512,down
12530,down
12531,down
12533,down
12542,down
12543,down
12544,down
12545,down
12546,down
12627,down
12628,down
12629,down
12630,down
12631,down
12637,down
12638,down
12639,down
12641,down
12642,down
12643,down
12644,down
12683,down
12684,down
12685,down
12686,down
12687,down
12734,down
12735,down
12736,down
12737,down
12738,down
12774,down
12775,down
12776,down
12777,down
12886,down
12887,down
12888,down
12889,down
12890,down
12909,down
12910,down
12911,down
12912,down
12913,down
12915,down
12947,down
12948,down
12949,down
12950,down
12951,down
12952,down
12953,down
12954,down
12955,down
12956,down
12961,down
12985,down
12986,down
12987,down
12988,down
12997,down
12998,down
12999,down
13000,down
13001,down
13015,down
13016,down
13017,down
13018,down
13019,down
13020,down
13021,down
13022,down
13023,down
13024,down
13025,down
13026,down
13062,down
13063,down
13097,down
13103,down
13104,down
13105,down
13106,down
13107,down
13108,down
13137,down
13144,down
13145,down
13146,down
13163,down
13167,down
13168,down
13169,down
13170,down
13176,down
13177,down
13183,down
13189,down
13190,down
13221,down
13222,down
13223,down
13224,down
13225,down
13233,down
13244,down
13245,down
13263,down
13264,down
13316,down
13324,down
13328,down
13334,down
13335,down
13336,down
13337,down
13338,down
13352,down
13366,down
13404,down
13409,down
13410,down
13431,down
13437,down
13449,down
13450,down
13451,down
13452,down
13453,down
13471,down
13472,down
13518,down
13519,down
13562,down
13591,down
13628,down
13629,down
13630,down
13631,down
13654,down
13655,down
13671,down
13672,down
13673,down
13674,down
13675,down
13689,down
13690,down
13691,down
13692,down
13693,down
13726,down
13772,down
13773,down
13790,down
13791,down
13836,eight
13845,eight
13846,eight
13847,eight
13848,eight
13861,eight
13892,eight
13893,eight
13916,eight
13917,eight
13918,eight
13919,eight
13920,eight
13921,eight
13995,eight
13996,eight
13997,eight
13998,eight
13999,eight
14022,eight
14023,eight
14024,eight
14025,eight
14026,eight
14044,eight
14088,eight
14089,eight
14090,eight
14091,eight
14092,eight
14111,eight
14115,eight
14116,eight
14117,eight
14118,eight
14119,eight
14148,eight
14149,eight
14150,eight
14151,eight
14178,eight
14179,eight
14180,eight
14205,eight
14222,eight
14223,eight
14248,eight
14256,eight
14267,eight
14268,eight
14272,eight
14273,eight
14274,eight
14275,eight
14276,eight
14371,eight
14372,eight
14373,eight
14390,eight
14391,eight
14392,eight
14393,eight
14394,eight
14437,eight
14438,eight
14439,eight
14440,eight
14447,eight
14464,eight
14465,eight
14466,eight
14488,eight
14499,eight
14507,eight
14508,eight
14553,eight
14554,eight
14555,eight
14556,eight
14579,eight
14580,eight
14628,eight
14647,eight
14691,eight
14692,eight
14693,eight
14694,eight
14717,eight
14743,eight
14744,eight
14745,eight
14768,eight
14816,eight
14823,eight
14824,eight
14825,eight
14826,eight
14827,eight
14837,eight
14838,eight
14863,eight
14866,eight
14867,eight
14868,eight
14869,eight
14870,eight
14888,eight
14889,eight
14902,eight
14903,eight
14904,eight
14934,eight
14935,eight
14936,eight
14937,eight
15010,eight
15038,eight
15061,eight
15069,eight
15070,eight
15071,eight
15085,eight
15086,eight
15110,eight
15118,eight
15178,eight
15260,eight
15261,eight
15262,eight
15263,eight
15264,eight
15265,eight
15266,eight
15267,eight
15327,eight
15328,eight
15329,eight
15330,eight
15331,eight
15389,eight
15390,eight
15391,eight
15392,eight
15425,eight
15426,eight
15435,eight
15436,eight
15441,eight
15487,eight
15488,eight
15504,eight
15508,eight
15527,eight
15559,eight
15560,eight
15561,eight
15562,eight
15580,eight
15586,eight
15587,eight
15646,eight
15647,eight
15648,eight
15649,eight
15650,eight
15656,eight
15657,eight
15665,eight
15666,eight
15667,eight
15674,eight
15707,eight
15708,eight
15709,eight
15710,eight
15711,eight
15737,eight
15738,eight
15909,eight
15910,eight
15911,eight
15912,eight
15913,eight
15976,eight
15984,eight
15985,eight
15986,eight
16050,eight
16085,eight
16086,eight
16087,eight
16088,eight
16089,eight
16126,eight
16127,eight
16128,eight
16129,eight
16130,eight
16139,eight
16140,eight
16141,eight
16142,eight
16143,eight
16159,eight
16186,eight
16192,eight
16193,eight
16194,eight
16195,eight
16196,eight
16223,eight
16224,eight
16225,eight
16226,eight
16249,eight
16250,eight
16267,eight
16268,eight
16269,eight
16270,eight
16271,eight
16272,eight
16273,eight
16274,eight
16308,eight
16309,eight
16310,eight
16311,eight
16312,eight
16352,eight
16366,eight
16367,eight
16372,eight
16373,eight
16374,eight
16375,eight
16396,eight
16397,eight
16398,eight
16399,eight
16401,eight
16409,eight
16410,eight
16411,eight
16412,eight
16413,eight
16498,eight
16499,eight
16500,eight
16501,eight
16502,eight
16510,eight
16511,eight
16512,eight
16515,eight
16516,eight
16517,eight
16518,eight
16560,eight
16561,eight
16562,eight
16563,eight
16608,eight
16609,eight
16610,eight
16611,eight
16612,eight
16613,eight
16614,eight
16628,eight
16629,eight
16630,eight
16651,eight
16659,eight
16660,eight
16757,eight
16758,eight
16759,eight
16760,eight
16761,eight
16764,eight
16765,eight
16795,eight
16796,eight
16797,eight
16798,eight
16799,eight
16800,eight
16801,eight
16802,eight
16803,eight
16805,eight
16806,eight
16829,eight
16830,eight
16831,eight
16832,eight
16838,eight
16839,eight
16840,eight
16841,eight
16855,eight
16856,eight
16857,eight
16858,eight
16859,eight
16860,eight
16861,eight
16862,eight
16863,eight
16864,eight
16865,eight
16866,eight
16867,eight
16886,eight
16898,eight
16927,eight
16928,eight
16939,eight
16940,eight
16946,eight
16947,eight
16948,eight
16949,eight
16977,eight
16980,eight
16996,eight
16997,eight
16998,eight
16999,eight
17003,eight
17004,eight
17037,eight
17050,eight
17060,eight
17125,eight
17126,eight
17138,eight
17140,eight
17141,eight
17142,eight
17176,eight
17177,eight
17211,eight
17232,eight
17233,eight
17245,eight
17246,eight
17271,eight
17272,eight
17273,eight
17274,eight
17275,eight
17287,eight
17316,eight
17317,eight
17318,eight
17377,eight
17400,eight
17437,eight
17438,eight
17439,eight
17440,eight
17441,eight
17464,eight
17474,eight
17475,eight
17476,eight
17477,eight
17478,eight
17487,eight
17488,eight
17489,eight
17490,eight
17491,eight
17516,eight
17521,eight
17584,eight
17608,five
17630,five
17631,five
17632,five
17633,five
17634,five
17699,five
17700,five
17701,five
17702,five
17703,five
17704,five
17782,five
17783,five
17784,five
17785,five
17786,five
17787,five
17788,five
17806,five
17807,five
17808,five
17809,five
17828,five
17887,five
17888,five
17889,five
17890,five
17892,five
17916,five
17917,five
17918,five
17919,five
17920,five
17951,five
17952,five
17970,five
17971,five
17978,five
17979,five
17980,five
17981,five
17982,five
17983,five
17984,five
18018,five
18021,five
18022,five
18069,five
18076,five
18077,five
18095,five
18096,five
18097,five
18098,five
18099,five
18119,five
18193,five
18206,five
18207,five
18208,five
18209,five
18223,five
18224,five
18225,five
18226,five
18237,five
18238,five
18255,five
18282,five
18283,five
18284,five
18285,five
18286,five
18295,five
18296,five
18316,five
18344,five
18367,five
18373,five
18414,five
18415,five
18416,five
18417,five
18438,five
18439,five
18440,five
18441,five
18442,five
18471,five
18472,five
18483,five
18508,five
18567,five
18568,five
18569,five
18570,five
18571,five
18587,five
18618,five
18619,five
18620,five
18641,five
18702,five
18703,five
18714,five
18715,five
18716,five
18742,five
18743,five
18745,five
18746,five
18747,five
18748,five
18763,five
18764,five
18768,five
18769,five
18786,five
18787,five
18804,five
18805,five
18820,five
18821,five
18822,five
18823,five
18855,five
18898,five
18899,five
18900,five
18907,five
18964,five
18965,five
18980,five
18981,five
18982,five
19013,five
19014,five
19025,five
19093,five
19124,five
19125,five
19168,five
19177,five
19178,five
19179,five
19180,five
19181,five
19183,five
19184,five
19185,five
19186,five
19187,five
19192,five
19222,five
19223,five
19247,five
19248,five
19249,five
19250,five
19251,five
19292,five
19293,five
19304,five
19305,five
19306,five
19307,five
19308,five
19356,five
19386,five
19429,five
19434,five
19435,five
19467,five
19496,five
19516,five
19520,five
19599,five
19600,five
19601,five
19602,five
19603,five
19607,five
19613,five
19614,five
19615,five
19657,five
19658,five
19659,five
19660,five
19676,five
19678,five
19679,five
19682,five
19683,five
19728,five
19729,five
19761,five
19854,five
19855,five
19856,five
19941,five
20024,five
20025,five
20026,five
20071,five
20072,five
20073,five
20074,five
20075,five
20112,five
20124,five
20125,five
20126,five
20127,five
20128,five
20142,five
20174,five
20175,five
20176,five
20177,five
20178,five
20189,five
20241,five
20242,five
20243,five
20244,five
20245,five
20246,five
20247,five
20288,five
20289,five
20293,five
20294,five
20295,five
20296,five
20297,five
20298,five
20299,five
20356,five
20360,five
20361,five
20362,five
20363,five
20383,five
20384,five
20385,five
20386,five
20387,five
20398,five
20399,five
20400,five
20401,five
20402,five
20485,five
20486,five
20487,five
20488,five
20498,five
20499,five
20500,five
20501,five
20502,five
20505,five
20506,five
20507,five
20508,five
20509,five
20545,five
20546,five
20547,five
20548,five
20549,five
20571,five
20592,five
20593,five
20594,five
20595,five
20596,five
20628,five
20629,five
20631,five
20639,five
20685,five
20686,five
20740,five
20741,five
20749,five
20768,five
20769,five
20770,five
20771,five
20772,five
20775,five
20806,five
20807,five
20808,five
20809,five
20810,five
20811,five
20812,five
20813,five
20814,five
20815,five
20844,five
20845,five
20846,five
20847,five
20848,five
20856,five
20857,five
20858,five
20859,five
20871,five
20872,five
20873,five
20874,five
20875,five
20876,five
20877,five
20878,five
20901,five
20902,five
20915,five
20916,five
20941,five
20942,five
20959,five
20960,five
20961,five
20962,five
20963,five
20964,five
20989,five
21005,five
21006,five
21013,five
21014,five
21015,five
21020,five
21021,five
21025,five
21050,five
21051,five
21070,five
21071,five
21085,five
21142,five
21143,five
21144,five
21145,five
21146,five
21147,five
21164,five
21172,five
21173,five
21175,five
21176,five
21177,five
21178,five
21179,five
21194,five
21195,five
21207,five
21235,five
21241,five
21256,five
21257,five
21258,five
21286,five
21287,five
21288,five
21289,five
21290,five
21304,five
21305,five
21337,five
21350,five
21398,five
21399,five
21466,five
21467,five
21468,five
21469,five
21470,five
21471,five
21497,five
21498,five
21502,five
21503,five
21509,five
21510,five
21511,five
21512,five
21513,five
21523,five
21524,five
21525,five
21526,five
21527,five
21547,five
21548,five
21560,five
21612,five
21633,five
21670,follow
21715,follow
21732,follow
21733,follow
21734,follow
21735,follow
21736,follow
21737,follow
21752,follow
21753,follow
21754,follow
21755,follow
21756,follow
21773,follow
21774,follow
21775,follow
21776,follow
21777,follow
21783,follow
21784,follow
21794,follow
21795,follow
21796,follow
21797,follow
21798,follow
21799,follow
21860,follow
21861,follow
21862,follow
21910,follow
21911,follow
21912,follow
21967,follow
21973,follow
21974,follow
21975,follow
21996,follow
21997,follow
21998,follow
22023,follow
22107,follow
22108,follow
22109,follow
22110,follow
22123,follow
22124,follow
22125,follow
22126,follow
22152,follow
22153,follow
22154,follow
22155,follow
22156,follow
22287,follow
22288,follow
22289,follow
22290,follow
22291,follow
22292,follow
22293,follow
22382,follow
22386,follow
22412,follow
22424,follow
22425,follow
22573,follow
22574,follow
22575,follow
22576,follow
22600,follow
22601,follow
22602,follow
22603,follow
22604,follow
22615,follow
22622,follow
22623,follow
22624,follow
22625,follow
22626,follow
22637,follow
22670,follow
22671,follow
22672,follow
22673,follow
22674,follow
22710,follow
22711,follow
22712,follow
22713,follow
22723,follow
22724,follow
22725,follow
22726,follow
22727,follow
22774,follow
22775,follow
22776,follow
22777,follow
22778,follow
22779,follow
22780,follow
22781,follow
22782,follow
22789,follow
22790,follow
22791,follow
22792,follow
22855,follow
22856,follow
22857,follow
22858,follow
22859,follow
22861,follow
22872,follow
22873,follow
22874,follow
22875,follow
22876,follow
22877,follow
22878,follow
22879,follow
22880,follow
22881,follow
22882,follow
22883,follow
22892,follow
22893,follow
22894,follow
22936,follow
22937,follow
22938,follow
22939,follow
23014,follow
23015,follow
23016,follow
23017,follow
23018,follow
23049,follow
23050,follow
23062,follow
23063,follow
23064,follow
23082,follow
23083,follow
23149,follow
23150,follow
23151,follow
23152,follow
23153,follow
23170,follow
23171,follow
23172,follow
23178,follow
23179,follow
23180,follow
23181,follow
23301,forward
23302,forward
23303,forward
23304,forward
23319,forward
23320,forward
23321,forward
23322,forward
23337,forward
23338,forward
23339,forward
23340,forward
23347,forward
23348,forward
23349,forward
23350,forward
23351,forward
23363,forward
23364,forward
23467,forward
23468,forward
23469,forward
23470,forward
23505,forward
23506,forward
23533,forward
23534,forward
23540,forward
23541,forward
23542,forward
23543,forward
23544,forward
23564,forward
23565,forward
23566,forward
23567,forward
23568,forward
23587,forward
23588,forward
23674,forward
23675,forward
23676,forward
23677,forward
23678,forward
23685,forward
23686,forward
23687,forward
23688,forward
23712,forward
23713,forward
23714,forward
23715,forward
23716,forward
23761,forward
23762,forward
23847,forward
23852,forward
23853,forward
23854,forward
23856,forward
23857,forward
23858,forward
23859,forward
23904,forward
23914,forward
23952,forward
23957,forward
23958,forward
23999,forward
24000,forward
24001,forward
24002,forward
24017,forward
24038,forward
24153,forward
24164,forward
24165,forward
24191,forward
24192,forward
24193,forward
24194,forward
24210,forward
24211,forward
24212,forward
24213,forward
24223,forward
24224,forward
24248,forward
24249,forward
24250,forward
24251,forward
24252,forward
24285,forward
24286,forward
24287,forward
24288,forward
24294,forward
24295,forward
24296,forward
24297,forward
24298,forward
24333,forward
24334,forward
24335,forward
24336,forward
24337,forward
24338,forward
24339,forward
24340,forward
24341,forward
24342,forward
24353,forward
24354,forward
24355,forward
24356,forward
24357,forward
24420,forward
24421,forward
24422,forward
24425,forward
24435,forward
24436,forward
24437,forward
24438,forward
24439,forward
24440,forward
24441,forward
24451,forward
24452,forward
24453,forward
24454,forward
24495,forward
24496,forward
24497,forward
24498,forward
24499,forward
24578,forward
24579,forward
24627,forward
24628,forward
24629,forward
24630,forward
24707,forward
24708,forward
24709,forward
24710,forward
24725,forward
24726,forward
24727,forward
24728,forward
24729,forward
24734,forward
24735,forward
24736,forward
24737,forward
24757,forward
24795,four
24796,four
24813,four
24814,four
24815,four
24816,four
24817,four
24878,four
24879,four
24880,four
24881,four
24941,four
24959,four
24960,four
24961,four
24962,four
24963,four
24964,four
24984,four
24985,four
24986,four
25045,four
25046,four
25047,four
25061,four
25062,four
25071,four
25072,four
25073,four
25074,four
25075,four
25101,four
25106,four
25107,four
25108,four
25109,four
25110,four
25122,four
25123,four
25124,four
25158,four
25162,four
25163,four
25164,four
25165,four
25166,four
25167,four
25169,four
25191,four
25198,four
25199,four
25220,four
25221,four
25234,four
25235,four
25252,four
25253,four
25257,four
25258,four
25259,four
25260,four
25261,four
25288,four
25289,four
25369,four
25370,four
25371,four
25372,four
25384,four
25385,four
25386,four
25387,four
25388,four
25390,four
25391,four
25392,four
25402,four
25403,four
25435,four
25436,four
25437,four
25438,four
25439,four
25442,four
25452,four
25483,four
25484,four
25485,four
25487,four
25492,four
25493,four
25494,four
25527,four
25528,four
25529,four
25530,four
25531,four
25532,four
25556,four
25557,four
25558,four
25559,four
25601,four
25602,four
25684,four
25685,four
25686,four
25687,four
25709,four
25805,four
25810,four
25817,four
25818,four
25819,four
25820,four
25821,four
25851,four
25855,four
25863,four
25864,four
25865,four
25866,four
25867,four
25879,four
25880,four
25896,four
25913,four
25920,four
25921,four
25922,four
25923,four
25924,four
25946,four
26015,four
26016,four
26017,four
26041,four
26042,four
26051,four
26065,four
26066,four
26097,four
26165,four
26166,four
26167,four
26177,four
26178,four
26243,four
26251,four
26252,four
26253,four
26254,four
26255,four
26259,four
26260,four
26265,four
26296,four
26317,four
26318,four
26319,four
26320,four
26321,four
26373,four
26374,four
26375,four
26376,four
26377,four
26431,four
26441,four
26442,four
26443,four
26444,four
26486,four
26494,four
26509,four
26521,four
26586,four
26597,four
26646,four
26647,four
26648,four
26649,four
26650,four
26657,four
26658,four
26659,four
26695,four
26696,four
26697,four
26698,four
26699,four
26725,four
26729,four
26772,four
26773,four
26808,four
26889,four
26890,four
26891,four
26892,four
26893,four
26969,four
26970,four
27073,four
27074,four
27075,four
27117,four
27118,four
27119,four
27127,four
27134,four
27160,four
27161,four
27162,four
27163,four
27194,four
27195,four
27231,four
27232,four
27233,four
27234,four
27262,four
27263,four
27264,four
27265,four
27266,four
27315,four
27319,four
27326,four
27327,four
27328,four
27343,four
27344,four
27345,four
27346,four
27362,four
27363,four
27364,four
27365,four
27438,four
27439,four
27440,four
27441,four
27446,four
27447,four
27448,four
27449,four
27450,four
27454,four
27455,four
27456,four
27457,four
27458,four
27498,four
27499,four
27500,four
27501,four
27522,four
27523,four
27524,four
27549,four
27550,four
27551,four
27552,four
27565,four
27579,four
27580,four
27589,four
27624,four
27632,four
27633,four
27665,four
27670,four
27671,four
27672,four
27690,four
27691,four
27692,four
27693,four
27694,four
27730,four
27731,four
27732,four
27733,four
27734,four
27735,four
27763,four
27764,four
27765,four
27777,four
27778,four
27779,four
27792,four
27793,four
27794,four
27795,four
27796,four
27797,four
27798,four
27799,four
27800,four
27801,four
27821,four
27822,four
27823,four
27833,four
27858,four
27869,four
27876,four
27877,four
27878,four
27906,four
27907,four
27908,four
27909,four
27922,four
27923,four
27940,four
27941,four
27967,four
27968,four
27977,four
27984,four
27997,four
27998,four
28049,four
28050,four
28052,four
28053,four
28054,four
28055,four
28064,four
28074,four
28078,four
28079,four
28080,four
28081,four
28102,four
28151,four
28158,four
28170,four
28171,four
28185,four
28196,four
28197,four
28198,four
28209,four
28210,four
28211,four
28212,four
28213,four
28264,four
28265,four
28266,four
28369,four
28370,four
28371,four
28394,four
28397,four
28398,four
28407,four
28408,four
28409,four
28410,four
28411,four
28419,four
28420,four
28421,four
28422,four
28423,four
28482,four
28496,four
28520,four
28525,go
28526,go
28543,go
28553,go
28554,go
28555,go
28574,go
28575,go
28590,go
28605,go
28624,go
28625,go
28626,go
28627,go
28628,go
28629,go
28630,go
28631,go
28683,go
28694,go
28715,go
28716,go
28717,go
28718,go
28739,go
28740,go
28741,go
28742,go
28743,go
28815,go
28816,go
28817,go
28818,go
28834,go
28845,go
28846,go
28847,go
28848,go
28871,go
28878,go
28879,go
28880,go
28881,go
28882,go
28883,go
28903,go
28904,go
28905,go
28907,go
28910,go
28911,go
28943,go
28944,go
28947,go
28995,go
29013,go
29014,go
29016,go
29017,go
29018,go
29019,go
29020,go
29042,go
29043,go
29118,go
29119,go
29120,go
29129,go
29130,go
29131,go
29132,go
29148,go
29149,go
29150,go
29151,go
29152,go
29155,go
29156,go
29183,go
29203,go
29204,go
29205,go
29206,go
29209,go
29226,go
29263,go
29264,go
29273,go
29274,go
29275,go
29319,go
29320,go
29321,go
29322,go
29323,go
29324,go
29348,go
29482,go
29483,go
29484,go
29485,go
29486,go
29540,go
29541,go
29542,go
29561,go
29615,go
29625,go
29626,go
29627,go
29628,go
29629,go
29634,go
29669,go
29670,go
29674,go
29675,go
29676,go
29687,go
29692,go
29724,go
29725,go
29734,go
29735,go
29736,go
29737,go
29738,go
29761,go
29763,go
29764,go
29804,go
29835,go
29842,go
29866,go
29887,go
29888,go
29889,go
29922,go
29923,go
29990,go
29991,go
30077,go
30078,go
30079,go
30082,go
30083,go
30084,go
30085,go
30086,go
30092,go
30138,go
30139,go
30140,go
30141,go
30185,go
30186,go
30187,go
30201,go
30202,go
30203,go
30240,go
30242,go
30251,go
30252,go
30261,go
30262,go
30326,go
30374,go
30407,go
30448,go
30449,go
30450,go
30460,go
30461,go
30462,go
30463,go
30464,go
30471,go
30472,go
30473,go
30476,go
30499,go
30500,go
30501,go
30502,go
30503,go
30525,go
30530,go
30567,go
30600,go
30683,go
30758,go
30759,go
30830,go
30864,go
30865,go
30866,go
30899,go
30909,go
30910,go
30911,go
30912,go
30913,go
30927,go
30928,go
30929,go
30930,go
30931,go
30932,go
30937,go
30961,go
30962,go
30991,go
30992,go
30993,go
31005,go
31025,go
31026,go
31027,go
31028,go
31029,go
31030,go
31031,go
31032,go
31068,go
31069,go
31070,go
31072,go
31073,go
31074,go
31075,go
31076,go
31120,go
31121,go
31130,go
31132,go
31140,go
31141,go
31142,go
31143,go
31144,go
31160,go
31161,go
31162,go
31163,go
31164,go
31170,go
31171,go
31172,go
31184,go
31185,go
31186,go
31187,go
31258,go
31259,go
31260,go
31261,go
31262,go
31272,go
31273,go
31274,go
31275,go
31277,go
31315,go
31316,go
31317,go
31318,go
31319,go
31339,go
31363,go
31364,go
31365,go
31366,go
31367,go
31368,go
31382,go
31403,go
31416,go
31515,go
31516,go
31517,go
31523,go
31524,go
31544,go
31545,go
31546,go
31547,go
31548,go
31578,go
31579,go
31580,go
31581,go
31582,go
31583,go
31584,go
31585,go
31586,go
31617,go
31618,go
31619,go
31620,go
31628,go
31629,go
31630,go
31643,go
31644,go
31645,go
31646,go
31647,go
31648,go
31649,go
31650,go
31651,go
31652,go
31653,go
31674,go
31712,go
31722,go
31723,go
31724,go
31726,go
31732,go
31733,go
31734,go
31735,go
31769,go
31770,go
31789,go
31790,go
31793,go
31794,go
31795,go
31796,go
31799,go
31810,go
31832,go
31833,go
31834,go
31845,go
31846,go
31862,go
31935,go
31937,go
31938,go
31939,go
31945,go
31948,go
31949,go
31950,go
31951,go
31952,go
31975,go
32024,go
32039,go
32040,go
32041,go
32049,go
32050,go
32078,go
32079,go
32080,go
32081,go
32082,go
32093,go
32123,go
32124,go
32160,go
32181,go
32227,go
32228,go
32229,go
32230,go
32256,go
32259,go
32266,go
32267,go
32268,go
32277,go
32278,go
32279,go
32280,go
32299,go
32309,go
32312,go
32313,go
32336,go
32416,happy
32424,happy
32434,happy
32442,happy
32450,happy
32451,happy
32492,happy
32496,happy
32508,happy
32537,happy
32546,happy
32547,happy
32548,happy
32549,happy
32556,happy
32566,happy
32567,happy
32571,happy
32572,happy
32585,happy
32586,happy
32587,happy
32589,happy
32598,happy
32610,happy
32611,happy
32615,happy
32629,happy
32638,happy
32639,happy
32652,happy
32653,happy
32657,happy
32693,happy
32704,happy
32710,happy
32711,happy
32713,happy
32714,happy
32715,happy
32721,happy
32722,happy
32733,happy
32739,happy
32747,happy
32748,happy
32755,happy
32756,happy
32762,happy
32788,happy
32789,happy
32790,happy
32803,happy
32830,happy
32838,happy
32851,happy
32879,happy
32917,happy
32951,happy
32958,happy
32964,happy
32987,happy
32988,happy
32996,happy
32997,happy
33005,happy
33010,happy
33027,happy
33030,happy
33031,happy
33084,happy
33085,happy
33086,happy
33089,happy
33090,happy
33099,happy
33106,happy
33107,happy
33108,happy
33109,happy
33161,happy
33165,happy
33166,happy
33197,happy
33198,happy
33200,happy
33201,happy
33238,happy
33261,happy
33266,happy
33299,happy
33304,happy
33311,happy
33312,happy
33316,happy
33317,happy
33323,happy
33343,happy
33344,happy
33350,happy
33365,happy
33377,happy
33386,happy
33392,happy
33396,happy
33420,happy
33426,happy
33427,happy
33428,happy
33429,happy
33430,happy
33434,happy
33449,happy
33467,happy
33471,happy
33508,happy
33509,happy
33598,happy
33599,happy
33636,happy
33660,happy
33676,happy
33680,happy
33681,happy
33682,happy
33696,happy
33711,happy
33722,happy
33732,happy
33745,happy
33746,happy
33762,happy
33807,happy
33808,happy
33816,happy
33833,happy
33842,happy
33876,happy
33902,happy
33910,happy
33916,happy
33930,happy
33938,happy
33939,happy
33941,happy
33947,happy
33989,happy
33991,happy
34005,happy
34006,happy
34019,happy
34020,happy
34031,happy
34033,happy
34037,happy
34076,happy
34096,happy
34097,happy
34112,happy
34115,happy
34123,happy
34129,happy
34138,happy
34139,happy
34140,happy
34141,happy
34184,happy
34186,happy
34187,happy
34189,happy
34205,happy
34223,happy
34224,happy
34225,happy
34226,happy
34229,happy
34235,happy
34236,happy
34245,happy
34246,happy
34252,happy
34253,happy
34260,happy
34269,happy
34284,happy
34285,happy
34286,happy
34306,happy
34349,happy
34359,happy
34360,happy
34365,happy
34366,happy
34367,happy
34370,happy
34376,happy
34383,happy
34388,happy
34402,happy
34404,happy
34405,happy
34410,happy
34425,happy
34437,happy
34454,happy
34471,house
34489,house
34499,house
34508,house
34540,house
34546,house
34547,house
34548,house
34555,house
34556,house
34557,house
34572,house
34606,house
34618,house
34633,house
34634,house
34635,house
34638,house
34639,house
34647,house
34648,house
34649,house
34653,house
34671,house
34672,house
34673,house
34675,house
34676,house
34679,house
34680,house
34697,house
34701,house
34718,house
34725,house
34726,house
34730,house
34783,house
34788,house
34794,house
34796,house
34799,house
34814,house
34823,house
34824,house
34825,house
34835,house
34849,house
34878,house
34879,house
34931,house
34932,house
34961,house
34987,house
35040,house
35041,house
35045,house
35065,house
35067,house
35071,house
35079,house
35080,house
35093,house
35099,house
35110,house
35118,house
35120,house
35137,house
35140,house
35141,house
35155,house
35168,house
35169,house
35173,house
35174,house
35179,house
35194,house
35197,house
35227,house
35233,house
35267,house
35269,house
35308,house
35335,house
35356,house
35357,house
35360,house
35361,house
35367,house
35372,house
35373,house
35402,house
35403,house
35408,house
35427,house
35428,house
35455,house
35467,house
35468,house
35473,house
35474,house
35475,house
35511,house
35512,house
35520,house
35523,house
35524,house
35525,house
35526,house
35527,house
35529,house
35548,house
35565,house
35568,house
35569,house
35570,house
35571,house
35572,house
35613,house
35668,house
35711,house
35777,house
35787,house
35790,house
35798,house
35799,house
35800,house
35814,house
35830,house
35835,house
35836,house
35848,house
35849,house
35850,house
35851,house
35880,house
35881,house
35903,house
35941,house
35942,house
35948,house
35949,house
35950,house
35951,house
35959,house
35966,house
35972,house
36006,house
36012,house
36017,house
36038,house
36049,house
36050,house
36063,house
36064,house
36065,house
36066,house
36081,house
36082,house
36088,house
36111,house
36135,house
36146,house
36159,house
36160,house
36181,house
36186,house
36190,house
36191,house
36192,house
36224,house
36227,house
36228,house
36229,house
36231,house
36246,house
36252,house
36259,house
36260,house
36265,house
36266,house
36267,house
36273,house
36282,house
36286,house
36304,house
36305,house
36324,house
36325,house
36330,house
36333,house
36334,house
36337,house
36351,house
36352,house
36356,house
36379,house
36387,house
36388,house
36389,house
36401,house
36402,house
36413,house
36436,house
36466,house
36491,house
36508,house
36514,house
36524,house
36527,house
36545,house
36567,house
36638,learn
36639,learn
36640,learn
36641,learn
36642,learn
36643,learn
36658,learn
36659,learn
36660,learn
36661,learn
36662,learn
36681,learn
36682,learn
36683,learn
36684,learn
36685,learn
36691,learn
36692,learn
36693,learn
36694,learn
36706,learn
36707,learn
36708,learn
36709,learn
36710,learn
36768,learn
36815,learn
36816,learn
36817,learn
36818,learn
36849,learn
36870,learn
36875,learn
36876,learn
36877,learn
36897,learn
36898,learn
36899,learn
36900,learn
36921,learn
37009,learn
37010,learn
37011,learn
37012,learn
37013,learn
37025,learn
37026,learn
37027,learn
37028,learn
37029,learn
37030,learn
37053,learn
37054,learn
37055,learn
37056,learn
37057,learn
37135,learn
37199,learn
37205,learn
37206,learn
37207,learn
37208,learn
37209,learn
37212,learn
37213,learn
37214,learn
37215,learn
37268,learn
37340,learn
37341,learn
37342,learn
37355,learn
37376,learn
37377,learn
37481,learn
37493,learn
37494,learn
37495,learn
37496,learn
37519,learn
37520,learn
37521,learn
37522,learn
37536,learn
37545,learn
37546,learn
37547,learn
37548,learn
37557,learn
37582,learn
37583,learn
37584,learn
37585,learn
37586,learn
37587,learn
37622,learn
37623,learn
37624,learn
37625,learn
37636,learn
37637,learn
37638,learn
37639,learn
37672,learn
37673,learn
37674,learn
37675,learn
37676,learn
37677,learn
37678,learn
37687,learn
37688,learn
37689,learn
37690,learn
37765,learn
37766,learn
37767,learn
37779,learn
37780,learn
37781,learn
37782,learn
37783,learn
37784,learn
37785,learn
37786,learn
37787,learn
37788,learn
37800,learn
37801,learn
37802,learn
37803,learn
37851,learn
37852,learn
37853,learn
37854,learn
37855,learn
37923,learn
37924,learn
37925,learn
37926,learn
37927,learn
37961,learn
37977,learn
37978,learn
37979,learn
37980,learn
38003,learn
38060,learn
38061,learn
38062,learn
38077,learn
38078,learn
38079,learn
38080,learn
38086,learn
38087,learn
38088,learn
38089,learn
38090,learn
38108,learn
38147,left
38162,left
38171,left
38172,left
38219,left
38240,left
38241,left
38242,left
38243,left
38295,left
38296,left
38316,left
38317,left
38318,left
38319,left
38320,left
38321,left
38341,left
38342,left
38343,left
38410,left
38411,left
38412,left
38413,left
38414,left
38433,left
38434,left
38435,left
38436,left
38458,left
38459,left
38466,left
38467,left
38468,left
38486,left
38487,left
38488,left
38495,left
38499,left
38525,left
38526,left
38528,left
38529,left
38530,left
38531,left
38554,left
38580,left
38581,left
38582,left
38597,left
38603,left
38604,left
38605,left
38606,left
38607,left
38628,left
38694,left
38697,left
38704,left
38705,left
38706,left
38707,left
38708,left
38726,left
38727,left
38728,left
38729,left
38730,left
38761,left
38788,left
38789,left
38790,left
38791,left
38792,left
38810,left
38846,left
38848,left
38851,left
38857,left
38858,left
38859,left
38860,left
38903,left
38904,left
38905,left
38906,left
38907,left
39058,left
39059,left
39060,left
39061,left
39062,left
39079,left
39080,left
39081,left
39082,left
39133,left
39184,left
39196,left
39197,left
39198,left
39199,left
39200,left
39209,left
39210,left
39234,left
39237,left
39238,left
39239,left
39240,left
39253,left
39254,left
39255,left
39256,left
39259,left
39260,left
39270,left
39300,left
39301,left
39302,left
39303,left
39329,left
39366,left
39371,left
39407,left
39413,left
39414,left
39427,left
39428,left
39437,left
39438,left
39454,left
39455,left
39559,left
39565,left
39627,left
39633,left
39634,left
39635,left
39636,left
39641,left
39642,left
39643,left
39644,left
39645,left
39653,left
39654,left
39655,left
39656,left
39685,left
39710,left
39711,left
39712,left
39713,left
39753,left
39764,left
39765,left
39766,left
39767,left
39800,left
39802,left
39803,left
39810,left
39811,left
39821,left
39857,left
39879,left
39903,left
39930,left
39931,left
39945,left
39949,left
39950,left
39951,left
39961,left
39969,left
40010,left
40021,left
40022,left
40023,left
40024,left
40025,left
40030,left
40073,left
40074,left
40075,left
40076,left
40092,left
40093,left
40095,left
40168,left
40169,left
40258,left
40259,left
40331,left
40452,left
40453,left
40454,left
40455,left
40496,left
40497,left
40498,left
40499,left
40500,left
40512,left
40513,left
40514,left
40544,left
40545,left
40546,left
40558,left
40573,left
40596,left
40608,left
40609,left
40610,left
40611,left
40612,left
40613,left
40649,left
40650,left
40651,left
40652,left
40691,left
40701,left
40702,left
40710,left
40711,left
40712,left
40713,left
40714,left
40735,left
40736,left
40737,left
40738,left
40739,left
40742,left
40752,left
40753,left
40754,left
40755,left
40756,left
40821,left
40822,left
40823,left
40824,left
40825,left
40833,left
40834,left
40835,left
40836,left
40840,left
40841,left
40842,left
40843,left
40844,left
40884,left
40885,left
40886,left
40887,left
40888,left
40907,left
40929,left
40930,left
40931,left
40932,left
40933,left
40948,left
40949,left
40967,left
40968,left
40969,left
41019,left
41020,left
41021,left
41047,left
41053,left
41054,left
41073,left
41074,left
41075,left
41076,left
41077,left
41114,left
41115,left
41116,left
41117,left
41118,left
41119,left
41120,left
41121,left
41145,left
41146,left
41147,left
41148,left
41149,left
41156,left
41157,left
41158,left
41159,left
41160,left
41171,left
41172,left
41173,left
41174,left
41175,left
41176,left
41177,left
41178,left
41179,left
41180,left
41198,left
41212,left
41256,left
41257,left
41258,left
41266,left
41267,left
41268,left
41269,left
41301,left
41328,left
41335,left
41338,left
41360,left
41361,left
41370,left
41376,left
41391,left
41392,left
41433,left
41450,left
41461,left
41463,left
41464,left
41471,left
41472,left
41473,left
41474,left
41476,left
41477,left
41478,left
41479,left
41480,left
41496,left
41543,left
41558,left
41559,left
41572,left
41590,left
41591,left
41592,left
41593,left
41640,left
41641,left
41642,left
41754,left
41755,left
41756,left
41757,left
41758,left
41782,left
41786,left
41787,left
41798,left
41799,left
41800,left
41801,left
41814,left
41815,left
41816,left
41817,left
41818,left
41836,left
41847,left
41848,left
41851,left
41852,left
41872,left
41899,left
41919,left
41953,marvin
41962,marvin
41990,marvin
41991,marvin
41992,marvin
42001,marvin
42002,marvin
42034,marvin
42041,marvin
42047,marvin
42076,marvin
42080,marvin
42088,marvin
42089,marvin
42115,marvin
42123,marvin
42124,marvin
42125,marvin
42127,marvin
42128,marvin
42148,marvin
42149,marvin
42150,marvin
42155,marvin
42174,marvin
42175,marvin
42179,marvin
42180,marvin
42188,marvin
42205,marvin
42208,marvin
42222,marvin
42223,marvin
42257,marvin
42260,marvin
42264,marvin
42270,marvin
42283,marvin
42287,marvin
42288,marvin
42297,marvin
42314,marvin
42315,marvin
42324,marvin
42326,marvin
42327,marvin
42364,marvin
42385,marvin
42391,marvin
42431,marvin
42438,marvin
42439,marvin
42461,marvin
42500,marvin
42512,marvin
42530,marvin
42533,marvin
42534,marvin
42540,marvin
42554,marvin
42563,marvin
42593,marvin
42594,marvin
42627,marvin
42628,marvin
42637,marvin
42638,marvin
42646,marvin
42661,marvin
42662,marvin
42665,marvin
42666,marvin
42698,marvin
42705,marvin
42742,marvin
42745,marvin
42823,marvin
42842,marvin
42852,marvin
42853,marvin
42854,marvin
42859,marvin
42873,marvin
42884,marvin
42913,marvin
42926,marvin
42929,marvin
42963,marvin
42968,marvin
42969,marvin
42972,marvin
42973,marvin
42974,marvin
42977,marvin
43001,marvin
43020,marvin
43021,marvin
43022,marvin
43041,marvin
43042,marvin
43051,marvin
43059,marvin
43068,marvin
43155,marvin
43156,marvin
43161,marvin
43188,marvin
43189,marvin
43212,marvin
43232,marvin
43237,marvin
43248,marvin
43255,marvin
43272,marvin
43275,marvin
43285,marvin
43286,marvin
43287,marvin
43296,marvin
43302,marvin
43306,marvin
43326,marvin
43327,marvin
43330,marvin
43364,marvin
43370,marvin
43381,marvin
43387,marvin
43422,marvin
43448,marvin
43465,marvin
43466,marvin
43467,marvin
43484,marvin
43485,marvin
43496,marvin
43497,marvin
43499,marvin
43500,marvin
43508,marvin
43509,marvin
43533,marvin
43549,marvin
43550,marvin
43553,marvin
43554,marvin
43587,marvin
43588,marvin
43605,marvin
43610,marvin
43615,marvin
43616,marvin
43617,marvin
43618,marvin
43630,marvin
43646,marvin
43647,marvin
43648,marvin
43659,marvin
43661,marvin
43675,marvin
43676,marvin
43677,marvin
43690,marvin
43691,marvin
43692,marvin
43693,marvin
43694,marvin
43707,marvin
43716,marvin
43721,marvin
43738,marvin
43759,marvin
43763,marvin
43764,marvin
43765,marvin
43772,marvin
43778,marvin
43780,marvin
43781,marvin
43782,marvin
43797,marvin
43801,marvin
43802,marvin
43825,marvin
43826,marvin
43827,marvin
43835,marvin
43836,marvin
43845,marvin
43851,marvin
43858,marvin
43863,marvin
43864,marvin
43888,marvin
43906,marvin
43926,marvin
43927,marvin
43948,marvin
43962,marvin
43967,marvin
43973,marvin
43983,marvin
43986,marvin
44006,marvin
44007,marvin
44016,marvin
44027,marvin
44042,marvin
44043,marvin
44059,nine
44065,nine
44066,nine
44067,nine
44068,nine
44100,nine
44138,nine
44139,nine
44140,nine
44141,nine
44142,nine
44143,nine
44144,nine
44202,nine
44203,nine
44204,nine
44223,nine
44224,nine
44225,nine
44226,nine
44227,nine
44228,nine
44229,nine
44256,nine
44257,nine
44258,nine
44259,nine
44260,nine
44332,nine
44333,nine
44334,nine
44335,nine
44351,nine
44352,nine
44362,nine
44363,nine
44364,nine
44392,nine
44393,nine
44394,nine
44404,nine
44405,nine
44406,nine
44407,nine
44429,nine
44441,nine
44442,nine
44476,nine
44500,nine
44501,nine
44521,nine
44535,nine
44536,nine
44560,nine
44561,nine
44562,nine
44563,nine
44564,nine
44664,nine
44665,nine
44677,nine
44678,nine
44679,nine
44680,nine
44695,nine
44696,nine
44697,nine
44698,nine
44699,nine
44701,nine
44709,nine
44710,nine
44725,nine
44726,nine
44749,nine
44750,nine
44751,nine
44752,nine
44753,nine
44810,nine
44828,nine
44863,nine
44864,nine
44865,nine
44866,nine
44867,nine
44891,nine
44892,nine
44927,nine
44936,nine
44961,nine
45017,nine
45018,nine
45019,nine
45020,nine
45021,nine
45040,nine
45041,nine
45045,nine
45069,nine
45088,nine
45134,nine
45136,nine
45137,nine
45142,nine
45143,nine
45144,nine
45145,nine
45146,nine
45178,nine
45179,nine
45180,nine
45181,nine
45182,nine
45195,nine
45196,nine
45215,nine
45216,nine
45234,nine
45235,nine
45247,nine
45248,nine
45249,nine
45250,nine
45281,nine
45333,nine
45334,nine
45360,nine
45366,nine
45402,nine
45428,nine
45429,nine
45586,nine
45587,nine
45595,nine
45596,nine
45597,nine
45598,nine
45599,nine
45601,nine
45602,nine
45603,nine
45609,nine
45640,nine
45641,nine
45667,nine
45668,nine
45669,nine
45670,nine
45671,nine
45723,nine
45724,nine
45725,nine
45726,nine
45727,nine
45773,nine
45783,nine
45784,nine
45785,nine
45795,nine
45844,nine
45845,nine
45889,nine
45890,nine
45930,nine
45954,nine
45985,nine
45996,nine
45997,nine
45998,nine
45999,nine
46000,nine
46004,nine
46005,nine
46006,nine
46007,nine
46008,nine
46009,nine
46016,nine
46052,nine
46053,nine
46054,nine
46055,nine
46076,nine
46077,nine
46080,nine
46085,nine
46086,nine
46158,nine
46159,nine
46160,nine
46245,nine
46315,nine
46316,nine
46317,nine
46322,nine
46400,nine
46431,nine
46432,nine
46433,nine
46434,nine
46435,nine
46480,nine
46481,nine
46482,nine
46483,nine
46484,nine
46503,nine
46506,nine
46508,nine
46509,nine
46550,nine
46551,nine
46552,nine
46553,nine
46554,nine
46566,nine
46585,nine
46586,nine
46616,nine
46617,nine
46629,nine
46630,nine
46631,nine
46632,nine
46633,nine
46634,nine
46635,nine
46636,nine
46676,nine
46677,nine
46678,nine
46679,nine
46680,nine
46720,nine
46721,nine
46733,nine
46742,nine
46743,nine
46744,nine
46745,nine
46762,nine
46763,nine
46764,nine
46765,nine
46776,nine
46777,nine
46778,nine
46779,nine
46780,nine
46851,nine
46852,nine
46853,nine
46854,nine
46864,nine
46865,nine
46866,nine
46870,nine
46871,nine
46872,nine
46873,nine
46874,nine
46912,nine
46913,nine
46914,nine
46915,nine
46935,nine
46936,nine
46958,nine
46959,nine
46960,nine
46961,nine
46962,nine
46963,nine
46980,nine
46995,nine
46997,nine
46998,nine
46999,nine
47018,nine
47052,nine
47100,nine
47106,nine
47107,nine
47127,nine
47128,nine
47129,nine
47130,nine
47132,nine
47162,nine
47163,nine
47164,nine
47165,nine
47166,nine
47167,nine
47168,nine
47169,nine
47170,nine
47171,nine
47198,nine
47199,nine
47200,nine
47201,nine
47202,nine
47209,nine
47210,nine
47211,nine
47224,nine
47225,nine
47226,nine
47227,nine
47228,nine
47229,nine
47230,nine
47231,nine
47232,nine
47251,nine
47266,nine
47290,nine
47308,nine
47309,nine
47310,nine
47311,nine
47312,nine
47313,nine
47347,nine
47348,nine
47355,nine
47356,nine
47357,nine
47360,nine
47361,nine
47362,nine
47363,nine
47369,nine
47370,nine
47375,nine
47376,nine
47400,nine
47401,nine
47411,nine
47421,nine
47422,nine
47436,nine
47487,nine
47497,nine
47504,nine
47505,nine
47506,nine
47507,nine
47508,nine
47526,nine
47527,nine
47543,nine
47588,nine
47589,nine
47590,nine
47591,nine
47592,nine
47615,nine
47630,nine
47631,nine
47632,nine
47633,nine
47634,nine
47647,nine
47648,nine
47765,nine
47799,nine
47800,nine
47801,nine
47802,nine
47803,nine
47826,nine
47827,nine
47836,nine
47837,nine
47838,nine
47839,nine
47840,nine
47850,nine
47851,nine
47852,nine
47853,nine
47854,nine
47877,nine
47881,nine
47904,nine
47905,nine
47906,nine
47930,nine
47976,nine
47977,nine
47997,no
47998,no
48064,no
48065,no
48066,no
48067,no
48126,no
48127,no
48128,no
48145,no
48146,no
48147,no
48148,no
48149,no
48150,no
48151,no
48152,no
48175,no
48176,no
48177,no
48178,no
48179,no
48242,no
48243,no
48244,no
48245,no
48246,no
48262,no
48276,no
48277,no
48278,no
48279,no
48280,no
48309,no
48310,no
48322,no
48323,no
48324,no
48325,no
48326,no
48327,no
48344,no
48345,no
48346,no
48347,no
48348,no
48351,no
48352,no
48358,no
48363,no
48391,no
48392,no
48396,no
48397,no
48398,no
48418,no
48425,no
48426,no
48447,no
48455,no
48456,no
48472,no
48473,no
48474,no
48475,no
48476,no
48572,no
48582,no
48583,no
48584,no
48585,no
48586,no
48609,no
48610,no
48611,no
48612,no
48613,no
48616,no
48643,no
48664,no
48665,no
48666,no
48667,no
48668,no
48683,no
48712,no
48725,no
48727,no
48728,no
48734,no
48735,no
48769,no
48770,no
48771,no
48772,no
48773,no
48795,no
48826,no
48827,no
48847,no
48862,no
48863,no
48921,no
48922,no
48923,no
48924,no
48925,no
48992,no
49039,no
49040,no
49051,no
49052,no
49053,no
49054,no
49055,no
49056,no
49077,no
49078,no
49082,no
49083,no
49084,no
49085,no
49086,no
49098,no
49099,no
49119,no
49120,no
49137,no
49148,no
49149,no
49150,no
49151,no
49173,no
49174,no
49175,no
49176,no
49213,no
49219,no
49258,no
49265,no
49266,no
49267,no
49298,no
49314,no
49335,no
49384,no
49414,no
49420,no
49491,no
49492,no
49493,no
49494,no
49495,no
49499,no
49500,no
49501,no
49502,no
49503,no
49510,no
49540,no
49541,no
49565,no
49566,no
49567,no
49568,no
49569,no
49624,no
49625,no
49626,no
49627,no
49670,no
49679,no
49688,no
49689,no
49690,no
49730,no
49758,no
49805,no
49818,no
49819,no
49822,no
49823,no
49827,no
49828,no
49878,no
49886,no
49887,no
49888,no
49889,no
49890,no
49893,no
49897,no
49933,no
49934,no
49935,no
49936,no
49937,no
49969,no
50054,no
50063,no
50157,no
50158,no
50230,no
50231,no
50232,no
50235,no
50236,no
50341,no
50342,no
50343,no
50344,no
50374,no
50388,no
50389,no
50390,no
50391,no
50392,no
50410,no
50451,no
50452,no
50453,no
50454,no
50455,no
50466,no
50467,no
50468,no
50486,no
50487,no
50524,no
50525,no
50526,no
50527,no
50528,no
50529,no
50530,no
50563,no
50571,no
50572,no
50573,no
50574,no
50631,no
50637,no
50638,no
50648,no
50649,no
50650,no
50651,no
50652,no
50667,no
50668,no
50669,no
50670,no
50671,no
50675,no
50681,no
50682,no
50683,no
50750,no
50751,no
50752,no
50753,no
50766,no
50767,no
50768,no
50769,no
50771,no
50772,no
50773,no
50774,no
50775,no
50815,no
50816,no
50817,no
50818,no
50863,no
50864,no
50865,no
50866,no
50867,no
50868,no
50869,no
50887,no
50888,no
50909,no
50913,no
50925,no
50971,no
51029,no
51030,no
51031,no
51032,no
51033,no
51057,no
51058,no
51059,no
51060,no
51061,no
51063,no
51097,no
51098,no
51099,no
51100,no
51101,no
51102,no
51103,no
51104,no
51105,no
51106,no
51107,no
51137,no
51138,no
51139,no
51140,no
51141,no
51150,no
51151,no
51152,no
51153,no
51154,no
51172,no
51173,no
51174,no
51175,no
51176,no
51177,no
51178,no
51179,no
51180,no
51181,no
51182,no
51199,no
51243,no
51244,no
51256,no
51257,no
51258,no
51259,no
51260,no
51284,no
51300,no
51302,no
51303,no
51304,no
51310,no
51311,no
51317,no
51324,no
51325,no
51352,no
51353,no
51430,no
51431,no
51441,no
51446,no
51447,no
51448,no
51449,no
51468,no
51469,no
51482,no
51483,no
51532,no
51580,no
51581,no
51582,no
51583,no
51584,no
51597,no
51638,no
51679,no
51704,no
51705,no
51740,no
51741,no
51742,no
51743,no
51744,no
51767,no
51773,no
51774,no
51782,no
51783,no
51784,no
51785,no
51786,no
51795,no
51796,no
51797,no
51798,no
51799,no
51813,no
51825,no
51826,no
51918,no
51943,off
51944,off
51945,off
51961,off
52004,off
52005,off
52006,off
52007,off
52062,off
52063,off
52064,off
52065,off
52087,off
52088,off
52089,off
52090,off
52091,off
52110,off
52111,off
52112,off
52113,off
52114,off
52180,off
52181,off
52182,off
52183,off
52184,off
52205,off
52206,off
52207,off
52208,off
52209,off
52241,off
52242,off
52243,off
52244,off
52245,off
52246,off
52247,off
52248,off
52264,off
52302,off
52303,off
52305,off
52308,off
52335,off
52339,off
52340,off
52366,off
52377,off
52384,off
52385,off
52386,off
52387,off
52388,off
52409,off
52410,off
52475,off
52478,off
52484,off
52485,off
52500,off
52501,off
52502,off
52503,off
52514,off
52526,off
52551,off
52552,off
52553,off
52558,off
52572,off
52593,off
52594,off
52609,off
52610,off
52611,off
52617,off
52618,off
52619,off
52668,off
52669,off
52670,off
52671,off
52672,off
52673,off
52700,off
52717,off
52735,off
52751,off
52766,off
52767,off
52768,off
52833,off
52834,off
52835,off
52836,off
52837,off
52853,off
52877,off
52878,off
52879,off
52951,off
52964,off
52965,off
52970,off
52971,off
52996,off
52997,off
52998,off
53004,off
53016,off
53017,off
53023,off
53050,off
53051,off
53066,off
53067,off
53068,off
53069,off
53088,off
53089,off
53092,off
53093,off
53094,off
53133,off
53172,off
53173,off
53210,off
53241,off
53242,off
53319,off
53320,off
53399,off
53400,off
53401,off
53402,off
53403,off
53405,off
53406,off
53407,off
53408,off
53409,off
53448,off
53463,off
53464,off
53465,off
53466,off
53467,off
53512,off
53513,off
53525,off
53526,off
53527,off
53528,off
53529,off
53568,off
53569,off
53582,off
53589,off
53590,off
53639,off
53655,off
53656,off
53657,off
53704,off
53705,off
53721,off
53739,off
53740,off
53741,off
53742,off
53743,off
53791,off
53796,off
53797,off
53798,off
53799,off
53800,off
53802,off
53803,off
53804,off
53805,off
53806,off
53846,off
53847,off
53848,off
53849,off
53876,off
53924,off
53948,off
54046,off
54047,off
54225,off
54226,off
54227,off
54228,off
54257,off
54266,off
54267,off
54268,off
54280,off
54281,off
54283,off
54319,off
54320,off
54321,off
54322,off
54351,off
54367,off
54368,off
54369,off
54377,off
54389,off
54390,off
54416,off
54417,off
54418,off
54419,off
54420,off
54462,off
54477,off
54483,off
54484,off
54485,off
54486,off
54487,off
54500,off
54501,off
54502,off
54503,off
54504,off
54509,off
54510,off
54511,off
54512,off
54513,off
54525,off
54526,off
54527,off
54528,off
54596,off
54597,off
54598,off
54599,off
54606,off
54607,off
54608,off
54609,off
54610,off
54611,off
54612,off
54613,off
54651,off
54652,off
54653,off
54672,off
54673,off
54698,off
54699,off
54700,off
54701,off
54715,off
54716,off
54735,off
54736,off
54782,off
54817,off
54822,off
54823,off
54824,off
54846,off
54847,off
54848,off
54849,off
54850,off
54885,off
54886,off
54887,off
54888,off
54889,off
54890,off
54891,off
54892,off
54893,off
54918,off
54919,off
54920,off
54921,off
54930,off
54931,off
54932,off
54933,off
54944,off
54945,off
54946,off
54947,off
54948,off
54949,off
54950,off
54951,off
54952,off
54953,off
54954,off
54955,off
54956,off
54957,off
54958,off
54959,off
54976,off
54989,off
54990,off
54991,off
55011,off
55026,off
55027,off
55028,off
55029,off
55030,off
55056,off
55073,off
55079,off
55085,off
55087,off
55088,off
55112,off
55134,off
55135,off
55180,off
55199,off
55200,off
55201,off
55207,off
55212,off
55213,off
55214,off
55215,off
55216,off
55237,off
55249,off
55287,off
55288,off
55295,off
55296,off
55314,off
55333,off
55334,off
55335,off
55336,off
55337,off
55429,off
55430,off
55456,off
55494,off
55495,off
55496,off
55497,off
55498,off
55529,off
55530,off
55531,off
55547,off
55548,off
55549,off
55550,off
55551,off
55618,off
55619,off
55634,off
55635,off
55660,off
55661,off
55662,off
55663,off
55687,on
55733,on
55751,on
55752,on
55753,on
55754,on
55755,on
55756,on
55757,on
55811,on
55830,on
55831,on
55832,on
55833,on
55834,on
55835,on
55855,on
55856,on
55857,on
55858,on
55859,on
55921,on
55922,on
55923,on
55924,on
55938,on
55947,on
55948,on
55949,on
55950,on
55951,on
55969,on
55978,on
55979,on
55980,on
55981,on
55982,on
55983,on
55984,on
56000,on
56004,on
56005,on
56014,on
56015,on
56017,on
56018,on
56055,on
56057,on
56058,on
56077,on
56078,on
56101,on
56109,on
56125,on
56126,on
56127,on
56128,on
56129,on
56148,on
56224,on
56233,on
56234,on
56235,on
56236,on
56248,on
56249,on
56250,on
56251,on
56252,on
56253,on
56276,on
56277,on
56278,on
56295,on
56296,on
56297,on
56298,on
56349,on
56361,on
56364,on
56369,on
56370,on
56371,on
56372,on
56373,on
56408,on
56409,on
56410,on
56411,on
56412,on
56438,on
56461,on
56462,on
56511,on
56512,on
56573,on
56574,on
56575,on
56576,on
56595,on
56622,on
56645,on
56646,on
56691,on
56692,on
56693,on
56704,on
56705,on
56706,on
56707,on
56708,on
56711,on
56733,on
56736,on
56737,on
56738,on
56739,on
56740,on
56784,on
56796,on
56797,on
56798,on
56799,on
56800,on
56827,on
56829,on
56869,on
56876,on
56877,on
56905,on
56910,on
56911,on
56912,on
56982,on
56983,on
56991,on
57076,on
57077,on
57078,on
57085,on
57162,on
57163,on
57164,on
57165,on
57166,on
57169,on
57170,on
57171,on
57172,on
57173,on
57224,on
57225,on
57226,on
57227,on
57228,on
57284,on
57285,on
57286,on
57332,on
57341,on
57342,on
57346,on
57382,on
57383,on
57393,on
57394,on
57415,on
57416,on
57435,on
57436,on
57461,on
57475,on
57476,on
57498,on
57548,on
57549,on
57560,on
57561,on
57562,on
57563,on
57564,on
57566,on
57567,on
57568,on
57574,on
57608,on
57609,on
57610,on
57634,on
57636,on
57640,on
57717,on
57718,on
57723,on
57737,on
57738,on
57739,on
57802,on
57876,on
57877,on
57992,on
57993,on
57994,on
57995,on
57996,on
58025,on
58035,on
58036,on
58037,on
58038,on
58039,on
58048,on
58049,on
58052,on
58053,on
58080,on
58081,on
58082,on
58083,on
58091,on
58109,on
58123,on
58137,on
58147,on
58148,on
58149,on
58150,on
58151,on
58152,on
58190,on
58191,on
58192,on
58196,on
58197,on
58198,on
58199,on
58202,on
58252,on
58255,on
58256,on
58257,on
58258,on
58259,on
58277,on
58278,on
58279,on
58280,on
58285,on
58286,on
58287,on
58298,on
58299,on
58300,on
58301,on
58302,on
58378,on
58379,on
58380,on
58381,on
58382,on
58383,on
58393,on
58394,on
58395,on
58396,on
58397,on
58401,on
58402,on
58403,on
58440,on
58441,on
58442,on
58466,on
58487,on
58488,on
58514,on
58517,on
58518,on
58539,on
58540,on
58628,on
58629,on
58656,on
58657,on
58658,on
58659,on
58689,on
58690,on
58691,on
58692,on
58693,on
58694,on
58695,on
58696,on
58697,on
58698,on
58721,on
58722,on
58723,on
58724,on
58730,on
58731,on
58732,on
58733,on
58745,on
58746,on
58747,on
58748,on
58749,on
58750,on
58751,on
58752,on
58753,on
58754,on
58755,on
58777,on
58778,on
58814,on
58815,on
58824,on
58825,on
58826,on
58827,on
58828,on
58829,on
58834,on
58835,on
58836,on
58837,on
58838,on
58869,on
58870,on
58880,on
58881,on
58895,on
58896,on
58901,on
58929,on
58930,on
58931,on
58952,on
58966,on
59021,on
59029,on
59030,on
59033,on
59041,on
59043,on
59044,on
59045,on
59046,on
59070,on
59071,on
59129,on
59139,on
59140,on
59170,on
59171,on
59172,on
59173,on
59174,on
59226,on
59299,on
59332,on
59333,on
59334,on
59335,on
59336,on
59359,on
59361,on
59362,on
59363,on
59364,on
59375,on
59376,on
59377,on
59378,on
59385,on
59386,on
59387,on
59388,on
59389,on
59416,on
59418,on
59419,on
59511,one
59532,one
59533,one
59534,one
59553,one
59580,one
59602,one
59603,one
59604,one
59605,one
59666,one
59682,one
59683,one
59684,one
59685,one
59686,one
59687,one
59705,one
59706,one
59707,one
59708,one
59709,one
59782,one
59783,one
59784,one
59785,one
59809,one
59810,one
59811,one
59812,one
59813,one
59842,one
59843,one
59860,one
59861,one
59862,one
59863,one
59903,one
59906,one
59907,one
59908,one
59910,one
59911,one
59932,one
59933,one
59934,one
59940,one
59961,one
59962,one
59969,one
59986,one
59987,one
59988,one
59989,one
59990,one
60014,one
60092,one
60098,one
60099,one
60100,one
60120,one
60121,one
60122,one
60123,one
60124,one
60125,one
60126,one
60152,one
60153,one
60175,one
60176,one
60177,one
60178,one
60186,one
60227,one
60239,one
60240,one
60241,one
60242,one
60243,one
60245,one
60247,one
60252,one
60253,one
60254,one
60291,one
60292,one
60293,one
60294,one
60295,one
60296,one
60297,one
60325,one
60326,one
60344,one
60366,one
60367,one
60397,one
60398,one
60453,one
60454,one
60455,one
60456,one
60457,one
60478,one
60479,one
60536,one
60537,one
60538,one
60585,one
60593,one
60594,one
60595,one
60624,one
60625,one
60626,one
60676,one
60677,one
60687,one
60688,one
60689,one
60690,one
60691,one
60713,one
60789,one
60807,one
60842,one
60843,one
60920,one
60921,one
60952,one
60991,one
60997,one
60998,one
60999,one
61000,one
61001,one
61004,one
61005,one
61006,one
61007,one
61008,one
61013,one
61014,one
61070,one
61071,one
61072,one
61073,one
61116,one
61117,one
61118,one
61127,one
61128,one
61129,one
61151,one
61162,one
61163,one
61166,one
61175,one
61192,one
61234,one
61258,one
61277,one
61300,one
61327,one
61337,one
61338,one
61375,one
61385,one
61386,one
61387,one
61388,one
61389,one
61394,one
61395,one
61396,one
61397,one
61404,one
61405,one
61437,one
61438,one
61439,one
61440,one
61465,one
61467,one
61471,one
61472,one
61509,one
61538,one
61544,one
61637,one
61709,one
61710,one
61792,one
61825,one
61826,one
61827,one
61828,one
61858,one
61869,one
61870,one
61871,one
61872,one
61886,one
61887,one
61913,one
61914,one
61915,one
61916,one
61917,one
61928,one
61965,one
61980,one
61981,one
61982,one
61983,one
61984,one
61985,one
62016,one
62017,one
62018,one
62019,one
62020,one
62023,one
62087,one
62088,one
62089,one
62090,one
62108,one
62109,one
62110,one
62111,one
62112,one
62118,one
62119,one
62120,one
62121,one
62131,one
62132,one
62133,one
62134,one
62135,one
62209,one
62210,one
62211,one
62212,one
62213,one
62222,one
62223,one
62224,one
62225,one
62226,one
62230,one
62231,one
62232,one
62233,one
62234,one
62275,one
62276,one
62277,one
62278,one
62279,one
62300,one
62323,one
62324,one
62325,one
62326,one
62327,one
62348,one
62369,one
62372,one
62373,one
62387,one
62388,one
62480,one
62502,one
62503,one
62504,one
62506,one
62540,one
62541,one
62542,one
62543,one
62544,one
62545,one
62546,one
62547,one
62548,one
62549,one
62552,one
62577,one
62578,one
62579,one
62587,one
62588,one
62589,one
62606,one
62607,one
62608,one
62609,one
62610,one
62611,one
62612,one
62613,one
62614,one
62615,one
62616,one
62617,one
62635,one
62636,one
62649,one
62650,one
62651,one
62679,one
62680,one
62681,one
62689,one
62690,one
62691,one
62692,one
62693,one
62702,one
62703,one
62704,one
62705,one
62706,one
62732,one
62753,one
62754,one
62755,one
62764,one
62809,one
62810,one
62811,one
62825,one
62826,one
62895,one
62896,one
62920,one
62921,one
62922,one
62923,one
62924,one
62959,one
62960,one
62990,one
62995,one
62996,one
63003,one
63004,one
63015,one
63016,one
63017,one
63052,one
63053,one
63054,one
63055,one
63056,one
63072,one
63111,one
63158,one
63159,one
63187,one
63222,one
63223,one
63224,one
63225,one
63247,one
63249,one
63250,one
63253,one
63254,one
63260,one
63261,one
63262,one
63271,one
63272,one
63273,one
63274,one
63275,one
63302,one
63305,one
63323,one
63368,one
63369,one
63370,one
63371,one
63372,one
63415,right
63420,right
63421,right
63422,right
63446,right
63489,right
63490,right
63491,right
63492,right
63493,right
63494,right
63543,right
63551,right
63552,right
63571,right
63572,right
63573,right
63574,right
63575,right
63576,right
63597,right
63598,right
63599,right
63600,right
63601,right
63664,right
63665,right
63666,right
63667,right
63668,right
63691,right
63692,right
63693,right
63694,right
63695,right
63717,right
63718,right
63719,right
63720,right
63721,right
63743,right
63744,right
63749,right
63780,right
63783,right
63799,right
63804,right
63805,right
63806,right
63848,right
63849,right
63853,right
63854,right
63855,right
63856,right
63857,right
63883,right
63951,right
63952,right
63953,right
63957,right
63958,right
63959,right
63960,right
63961,right
63976,right
63977,right
63978,right
63979,right
63980,right
63981,right
64024,right
64025,right
64026,right
64027,right
64028,right
64071,right
64089,right
64090,right
64130,right
64131,right
64132,right
64162,right
64163,right
64193,right
64210,right
64238,right
64291,right
64292,right
64293,right
64294,right
64295,right
64313,right
64362,right
64363,right
64410,right
64417,right
64418,right
64419,right
64420,right
64421,right
64427,right
64454,right
64455,right
64456,right
64457,right
64468,right
64469,right
64494,right
64507,right
64508,right
64509,right
64510,right
64511,right
64533,right
64534,right
64535,right
64580,right
64607,right
64611,right
64635,right
64636,right
64646,right
64828,right
64829,right
64830,right
64833,right
64834,right
64835,right
64836,right
64837,right
64841,right
64875,right
64876,right
64877,right
64893,right
64894,right
64895,right
64896,right
64897,right
64935,right
64936,right
64948,right
64949,right
64950,right
64951,right
64984,right
64986,right
64998,right
65006,right
65015,right
65016,right
65017,right
65059,right
65060,right
65061,right
65069,right
65070,right
65087,right
65088,right
65089,right
65094,right
65107,right
65141,right
65142,right
65143,right
65159,right
65179,right
65194,right
65224,right
65225,right
65226,right
65227,right
65228,right
65230,right
65235,right
65236,right
65237,right
65263,right
65264,right
65265,right
65292,right
65294,right
65360,right
65361,right
65362,right
65368,right
65369,right
65370,right
65456,right
65457,right
65458,right
65542,right
65543,right
65643,right
65644,right
65645,right
65646,right
65647,right
65680,right
65690,right
65691,right
65692,right
65693,right
65694,right
65704,right
65707,right
65722,right
65752,right
65753,right
65754,right
65755,right
65764,right
65808,right
65809,right
65810,right
65823,right
65824,right
65825,right
65826,right
65860,right
65863,right
65864,right
65865,right
65866,right
65867,right
65927,right
65928,right
65932,right
65933,right
65934,right
65935,right
65936,right
65952,right
65953,right
65954,right
65955,right
65956,right
65959,right
65968,right
65969,right
65970,right
65971,right
66057,right
66058,right
66059,right
66060,right
66061,right
66068,right
66069,right
66070,right
66071,right
66072,right
66074,right
66075,right
66076,right
66077,right
66111,right
66112,right
66113,right
66114,right
66115,right
66139,right
66157,right
66158,right
66159,right
66160,right
66193,right
66204,right
66205,right
66246,right
66291,right
66292,right
66293,right
66294,right
66316,right
66317,right
66318,right
66319,right
66320,right
66352,right
66353,right
66354,right
66355,right
66356,right
66357,right
66358,right
66359,right
66393,right
66401,right
66402,right
66403,right
66404,right
66415,right
66416,right
66417,right
66418,right
66419,right
66420,right
66421,right
66422,right
66423,right
66424,right
66425,right
66426,right
66427,right
66428,right
66429,right
66448,right
66449,right
66461,right
66462,right
66493,right
66494,right
66503,right
66504,right
66506,right
66507,right
66511,right
66512,right
66513,right
66542,right
66565,right
66568,right
66592,right
66593,right
66594,right
66607,right
66608,right
66619,right
66688,right
66699,right
66707,right
66708,right
66709,right
66710,right
66727,right
66728,right
66774,right
66775,right
66802,right
66825,right
66826,right
66827,right
66828,right
66829,right
66875,right
66876,right
66933,right
66959,right
66960,right
66961,right
66988,right
66989,right
66990,right
66991,right
66992,right
67015,right
67017,right
67024,right
67025,right
67026,right
67035,right
67036,right
67037,right
67038,right
67039,right
67050,right
67051,right
67052,right
67053,right
67054,right
67079,right
67129,right
67130,right
67145,right
67146,right
67176,right
67195,seven
67205,seven
67206,seven
67207,seven
67208,seven
67233,seven
67234,seven
67273,seven
67274,seven
67275,seven
67276,seven
67277,seven
67278,seven
67279,seven
67327,seven
67345,seven
67346,seven
67347,seven
67348,seven
67349,seven
67350,seven
67370,seven
67371,seven
67372,seven
67373,seven
67374,seven
67439,seven
67440,seven
67441,seven
67442,seven
67460,seven
67461,seven
67469,seven
67470,seven
67471,seven
67472,seven
67473,seven
67499,seven
67505,seven
67506,seven
67527,seven
67528,seven
67529,seven
67537,seven
67540,seven
67541,seven
67569,seven
67571,seven
67572,seven
67573,seven
67574,seven
67576,seven
67577,seven
67628,seven
67637,seven
67652,seven
67657,seven
67658,seven
67659,seven
67660,seven
67661,seven
67686,seven
67687,seven
67688,seven
67754,seven
67755,seven
67756,seven
67757,seven
67772,seven
67773,seven
67774,seven
67775,seven
67776,seven
67778,seven
67826,seven
67827,seven
67828,seven
67829,seven
67832,seven
67851,seven
67852,seven
67889,seven
67891,seven
67897,seven
67898,seven
67899,seven
67938,seven
67939,seven
67940,seven
67941,seven
67942,seven
67996,seven
68012,seven
68024,seven
68032,seven
68053,seven
68054,seven
68109,seven
68110,seven
68111,seven
68112,seven
68113,seven
68129,seven
68162,seven
68187,seven
68234,seven
68235,seven
68241,seven
68250,seven
68251,seven
68252,seven
68253,seven
68254,seven
68263,seven
68264,seven
68291,seven
68296,seven
68297,seven
68298,seven
68299,seven
68300,seven
68301,seven
68337,seven
68338,seven
68366,seven
68367,seven
68368,seven
68369,seven
68370,seven
68393,seven
68394,seven
68435,seven
68476,seven
68493,seven
68503,seven
68515,seven
68516,seven
68517,seven
68545,seven
68546,seven
68547,seven
68558,seven
68559,seven
68637,seven
68638,seven
68668,seven
68711,seven
68712,seven
68713,seven
68714,seven
68715,seven
68716,seven
68717,seven
68718,seven
68719,seven
68723,seven
68752,seven
68774,seven
68775,seven
68776,seven
68777,seven
68834,seven
68835,seven
68836,seven
68837,seven
68838,seven
68881,seven
68890,seven
68891,seven
68898,seven
68899,seven
68900,seven
68949,seven
68954,seven
68955,seven
68970,seven
68990,seven
68991,seven
69030,seven
69032,seven
69033,seven
69042,seven
69071,seven
69072,seven
69106,seven
69118,seven
69119,seven
69120,seven
69121,seven
69122,seven
69125,seven
69126,seven
69132,seven
69133,seven
69134,seven
69169,seven
69170,seven
69171,seven
69172,seven
69173,seven
69191,seven
69236,seven
69237,seven
69264,seven
69273,seven
69367,seven
69368,seven
69450,seven
69451,seven
69539,seven
69578,seven
69579,seven
69580,seven
69581,seven
69582,seven
69619,seven
69633,seven
69634,seven
69635,seven
69636,seven
69637,seven
69651,seven
69652,seven
69654,seven
69665,seven
69694,seven
69695,seven
69696,seven
69697,seven
69698,seven
69726,seven
69763,seven
69764,seven
69765,seven
69766,seven
69767,seven
69768,seven
69769,seven
69807,seven
69808,seven
69809,seven
69810,seven
69852,seven
69864,seven
69865,seven
69873,seven
69874,seven
69875,seven
69876,seven
69877,seven
69899,seven
69900,seven
69901,seven
69902,seven
69903,seven
69917,seven
69918,seven
69919,seven
69920,seven
70002,seven
70003,seven
70004,seven
70005,seven
70013,seven
70014,seven
70015,seven
70016,seven
70017,seven
70019,seven
70020,seven
70021,seven
70022,seven
70023,seven
70061,seven
70062,seven
70063,seven
70064,seven
70065,seven
70086,seven
70087,seven
70088,seven
70116,seven
70117,seven
70118,seven
70119,seven
70120,seven
70121,seven
70122,seven
70123,seven
70156,seven
70157,seven
70167,seven
70168,seven
70169,seven
70217,seven
70258,seven
70259,seven
70281,seven
70282,seven
70283,seven
70284,seven
70286,seven
70318,seven
70319,seven
70320,seven
70321,seven
70322,seven
70323,seven
70324,seven
70325,seven
70326,seven
70329,seven
70359,seven
70360,seven
70361,seven
70362,seven
70370,seven
70371,seven
70372,seven
70373,seven
70374,seven
70387,seven
70388,seven
70389,seven
70390,seven
70391,seven
70392,seven
70393,seven
70394,seven
70395,seven
70396,seven
70397,seven
70461,seven
70481,seven
70482,seven
70486,seven
70487,seven
70488,seven
70489,seven
70490,seven
70514,seven
70520,seven
70540,seven
70541,seven
70548,seven
70554,seven
70555,seven
70587,seven
70588,seven
70589,seven
70595,seven
70596,seven
70624,seven
70625,seven
70672,seven
70674,seven
70691,seven
70692,seven
70693,seven
70694,seven
70695,seven
70717,seven
70732,seven
70775,seven
70785,seven
70801,seven
70802,seven
70803,seven
70815,seven
70824,seven
70838,seven
70839,seven
70840,seven
70841,seven
70842,seven
70855,seven
70886,seven
70887,seven
70933,seven
70934,seven
70935,seven
70936,seven
70989,seven
70990,seven
70991,seven
70992,seven
71016,seven
71017,seven
71030,seven
71031,seven
71032,seven
71033,seven
71034,seven
71045,seven
71046,seven
71047,seven
71048,seven
71049,seven
71173,seven
71174,seven
71179,sheila
71180,sheila
71181,sheila
71218,sheila
71219,sheila
71228,sheila
71229,sheila
71230,sheila
71236,sheila
71266,sheila
71267,sheila
71283,sheila
71345,sheila
71361,sheila
71364,sheila
71374,sheila
71375,sheila
71379,sheila
71400,sheila
71402,sheila
71421,sheila
71428,sheila
71435,sheila
71436,sheila
71441,sheila
71442,sheila
71445,sheila
71504,sheila
71505,sheila
71506,sheila
71508,sheila
71529,sheila
71539,sheila
71540,sheila
71542,sheila
71543,sheila
71544,sheila
71569,sheila
71570,sheila
71571,sheila
71572,sheila
71573,sheila
71588,sheila
71589,sheila
71590,sheila
71620,sheila
71625,sheila
71626,sheila
71627,sheila
71650,sheila
71664,sheila
71683,sheila
71715,sheila
71741,sheila
71742,sheila
71745,sheila
71751,sheila
71757,sheila
71764,sheila
71765,sheila
71787,sheila
71822,sheila
71823,sheila
71846,sheila
71847,sheila
71848,sheila
71849,sheila
71858,sheila
71866,sheila
71886,sheila
71932,sheila
71933,sheila
71934,sheila
71969,sheila
71978,sheila
71980,sheila
71982,sheila
72003,sheila
72004,sheila
72033,sheila
72041,sheila
72061,sheila
72062,sheila
72074,sheila
72081,sheila
72082,sheila
72083,sheila
72104,sheila
72105,sheila
72109,sheila
72110,sheila
72115,sheila
72121,sheila
72127,sheila
72128,sheila
72129,sheila
72151,sheila
72154,sheila
72155,sheila
72162,sheila
72163,sheila
72192,sheila
72194,sheila
72195,sheila
72196,sheila
72203,sheila
72205,sheila
72223,sheila
72238,sheila
72241,sheila
72243,sheila
72282,sheila
72291,sheila
72299,sheila
72347,sheila
72348,sheila
72373,sheila
72466,sheila
72471,sheila
72472,sheila
72473,sheila
72474,sheila
72475,sheila
72476,sheila
72486,sheila
72499,sheila
72506,sheila
72507,sheila
72508,sheila
72533,sheila
72534,sheila
72535,sheila
72568,sheila
72573,sheila
72613,sheila
72618,sheila
72625,sheila
72639,sheila
72666,sheila
72674,sheila
72691,sheila
72696,sheila
72701,sheila
72702,sheila
72723,sheila
72724,sheila
72746,sheila
72747,sheila
72768,sheila
72770,sheila
72775,sheila
72789,sheila
72806,sheila
72812,sheila
72813,sheila
72822,sheila
72847,sheila
72849,sheila
72863,sheila
72875,sheila
72876,sheila
72877,sheila
72878,sheila
72884,sheila
72887,sheila
72904,sheila
72905,sheila
72921,sheila
72941,sheila
72947,sheila
72956,sheila
72973,sheila
72974,sheila
72975,sheila
72999,sheila
73019,sheila
73020,sheila
73031,sheila
73057,sheila
73058,sheila
73094,sheila
73095,sheila
73096,sheila
73097,sheila
73098,sheila
73118,sheila
73119,sheila
73120,sheila
73121,sheila
73123,sheila
73128,sheila
73133,sheila
73145,sheila
73146,sheila
73147,sheila
73155,sheila
73164,sheila
73165,sheila
73166,sheila
73167,sheila
73194,sheila
73195,sheila
73196,sheila
73218,six
73219,six
73220,six
73221,six
73222,six
73299,six
73300,six
73301,six
73302,six
73303,six
73380,six
73381,six
73382,six
73383,six
73384,six
73400,six
73401,six
73402,six
73403,six
73404,six
73464,six
73465,six
73466,six
73467,six
73489,six
73495,six
73496,six
73497,six
73518,six
73526,six
73527,six
73528,six
73529,six
73530,six
73531,six
73549,six
73550,six
73555,six
73563,six
73595,six
73620,six
73621,six
73622,six
73671,six
73674,six
73675,six
73676,six
73677,six
73678,six
73763,six
73770,six
73771,six
73772,six
73773,six
73774,six
73790,six
73791,six
73792,six
73793,six
73794,six
73797,six
73806,six
73824,six
73843,six
73844,six
73845,six
73846,six
73847,six
73855,six
73869,six
73910,six
73912,six
73913,six
73919,six
73920,six
73955,six
73956,six
73957,six
73958,six
73959,six
73985,six
74023,six
74053,six
74104,six
74105,six
74106,six
74107,six
74108,six
74147,six
74148,six
74175,six
74176,six
74224,six
74225,six
74232,six
74233,six
74234,six
74235,six
74271,six
74272,six
74273,six
74274,six
74275,six
74291,six
74292,six
74305,six
74328,six
74342,six
74343,six
74344,six
74345,six
74372,six
74373,six
74379,six
74408,six
74417,six
74418,six
74453,six
74454,six
74455,six
74461,six
74478,six
74498,six
74499,six
74500,six
74518,six
74526,six
74604,six
74677,six
74678,six
74679,six
74680,six
74681,six
74682,six
74683,six
74684,six
74685,six
74686,six
74691,six
74692,six
74730,six
74731,six
74732,six
74733,six
74734,six
74780,six
74781,six
74782,six
74783,six
74784,six
74826,six
74836,six
74884,six
74885,six
74890,six
74906,six
74923,six
74949,six
74992,six
74993,six
75044,six
75045,six
75046,six
75047,six
75048,six
75052,six
75053,six
75054,six
75057,six
75092,six
75093,six
75094,six
75095,six
75096,six
75120,six
75124,six
75125,six
75171,six
75303,six
75460,six
75500,six
75501,six
75502,six
75503,six
75504,six
75550,six
75551,six
75552,six
75553,six
75554,six
75564,six
75566,six
75567,six
75568,six
75569,six
75570,six
75596,six
75602,six
75603,six
75604,six
75605,six
75606,six
75619,six
75633,six
75634,six
75635,six
75667,six
75668,six
75669,six
75670,six
75671,six
75672,six
75673,six
75674,six
75707,six
75708,six
75710,six
75711,six
75712,six
75713,six
75714,six
75717,six
75763,six
75764,six
75765,six
75775,six
75776,six
75777,six
75782,six
75783,six
75784,six
75785,six
75786,six
75800,six
75801,six
75802,six
75803,six
75819,six
75820,six
75821,six
75822,six
75823,six
75892,six
75893,six
75894,six
75895,six
75904,six
75905,six
75906,six
75907,six
75908,six
75910,six
75911,six
75912,six
75913,six
75948,six
75949,six
75950,six
75951,six
75952,six
75973,six
75974,six
75975,six
75976,six
75999,six
76000,six
76001,six
76002,six
76003,six
76004,six
76024,six
76025,six
76026,six
76027,six
76057,six
76141,six
76164,six
76165,six
76166,six
76167,six
76203,six
76204,six
76205,six
76206,six
76207,six
76208,six
76209,six
76210,six
76211,six
76212,six
76213,six
76242,six
76243,six
76244,six
76245,six
76255,six
76256,six
76257,six
76258,six
76269,six
76270,six
76271,six
76272,six
76273,six
76274,six
76275,six
76276,six
76277,six
76278,six
76279,six
76280,six
76302,six
76314,six
76344,six
76347,six
76348,six
76349,six
76355,six
76356,six
76357,six
76358,six
76359,six
76387,six
76388,six
76389,six
76390,six
76391,six
76405,six
76406,six
76407,six
76408,six
76412,six
76413,six
76418,six
76421,six
76447,six
76448,six
76449,six
76462,six
76475,six
76476,six
76532,six
76533,six
76541,six
76543,six
76549,six
76550,six
76551,six
76552,six
76553,six
76577,six
76622,six
76641,six
76642,six
76655,six
76682,six
76683,six
76684,six
76685,six
76686,six
76701,six
76743,six
76744,six
76818,six
76858,six
76859,six
76860,six
76861,six
76888,six
76891,six
76892,six
76900,six
76901,six
76902,six
76912,six
76913,six
76914,six
76915,six
76916,six
76937,six
76948,six
76952,six
76994,six
77021,six
77022,six
77023,six
77056,six
77087,stop
77088,stop
77089,stop
77116,stop
77148,stop
77149,stop
77150,stop
77151,stop
77152,stop
77153,stop
77224,stop
77225,stop
77226,stop
77227,stop
77228,stop
77229,stop
77251,stop
77252,stop
77253,stop
77254,stop
77255,stop
77330,stop
77331,stop
77332,stop
77333,stop
77334,stop
77353,stop
77354,stop
77355,stop
77388,stop
77389,stop
77390,stop
77391,stop
77392,stop
77393,stop
77410,stop
77413,stop
77421,stop
77452,stop
77453,stop
77454,stop
77455,stop
77456,stop
77525,stop
77527,stop
77528,stop
77529,stop
77530,stop
77531,stop
77556,stop
77557,stop
77558,stop
77624,stop
77633,stop
77634,stop
77635,stop
77636,stop
77651,stop
77652,stop
77653,stop
77654,stop
77657,stop
77658,stop
77668,stop
77669,stop
77682,stop
77683,stop
77708,stop
77709,stop
77710,stop
77711,stop
77712,stop
77719,stop
77734,stop
77762,stop
77776,stop
77779,stop
77781,stop
77787,stop
77788,stop
77832,stop
77833,stop
77834,stop
77835,stop
77836,stop
77864,stop
77887,stop
77908,stop
77909,stop
78000,stop
78001,stop
78002,stop
78003,stop
78023,stop
78024,stop
78062,stop
78103,stop
78104,stop
78107,stop
78113,stop
78114,stop
78115,stop
78116,stop
78117,stop
78127,stop
78128,stop
78158,stop
78165,stop
78166,stop
78167,stop
78181,stop
78182,stop
78200,stop
78201,stop
78228,stop
78229,stop
78230,stop
78231,stop
78232,stop
78239,stop
78293,stop
78336,stop
78377,stop
78400,stop
78401,stop
78409,stop
78410,stop
78482,stop
78483,stop
78484,stop
78564,stop
78565,stop
78566,stop
78567,stop
78568,stop
78570,stop
78571,stop
78572,stop
78573,stop
78579,stop
78627,stop
78628,stop
78629,stop
78630,stop
78631,stop
78677,stop
78685,stop
78686,stop
78687,stop
78688,stop
78689,stop
78724,stop
78729,stop
78740,stop
78756,stop
78802,stop
78805,stop
78806,stop
78820,stop
78821,stop
78822,stop
78844,stop
78845,stop
78885,stop
78950,stop
78959,stop
78960,stop
78961,stop
78962,stop
78963,stop
78966,stop
78970,stop
78971,stop
78972,stop
78973,stop
79016,stop
79017,stop
79018,stop
79019,stop
79020,stop
79047,stop
79085,stop
79125,stop
79132,stop
79133,stop
79146,stop
79147,stop
79298,stop
79299,stop
79375,stop
79414,stop
79415,stop
79445,stop
79446,stop
79456,stop
79457,stop
79458,stop
79459,stop
79471,stop
79489,stop
79490,stop
79507,stop
79508,stop
79509,stop
79510,stop
79511,stop
79537,stop
79563,stop
79574,stop
79575,stop
79576,stop
79577,stop
79578,stop
79579,stop
79580,stop
79581,stop
79612,stop
79613,stop
79614,stop
79615,stop
79616,stop
79617,stop
79618,stop
79653,stop
79654,stop
79662,stop
79663,stop
79670,stop
79671,stop
79672,stop
79692,stop
79693,stop
79694,stop
79695,stop
79696,stop
79700,stop
79710,stop
79711,stop
79712,stop
79713,stop
79789,stop
79790,stop
79791,stop
79792,stop
79793,stop
79800,stop
79801,stop
79802,stop
79803,stop
79804,stop
79806,stop
79807,stop
79808,stop
79809,stop
79855,stop
79856,stop
79857,stop
79858,stop
79859,stop
79899,stop
79900,stop
79901,stop
79902,stop
79903,stop
79914,stop
79968,stop
80022,stop
80029,stop
80030,stop
80031,stop
80032,stop
80033,stop
80049,stop
80050,stop
80051,stop
80052,stop
80079,stop
80080,stop
80081,stop
80082,stop
80083,stop
80084,stop
80085,stop
80086,stop
80087,stop
80088,stop
80114,stop
80115,stop
80116,stop
80117,stop
80126,stop
80127,stop
80128,stop
80129,stop
80130,stop
80143,stop
80144,stop
80145,stop
80146,stop
80147,stop
80148,stop
80149,stop
80150,stop
80151,stop
80152,stop
80153,stop
80182,stop
80183,stop
80184,stop
80216,stop
80225,stop
80226,stop
80227,stop
80232,stop
80233,stop
80234,stop
80235,stop
80267,stop
80278,stop
80284,stop
80285,stop
80286,stop
80287,stop
80319,stop
80320,stop
80330,stop
80340,stop
80392,stop
80393,stop
80394,stop
80416,stop
80417,stop
80418,stop
80419,stop
80420,stop
80421,stop
80449,stop
80461,stop
80494,stop
80501,stop
80502,stop
80518,stop
80519,stop
80520,stop
80532,stop
80533,stop
80538,stop
80539,stop
80554,stop
80555,stop
80556,stop
80557,stop
80558,stop
80581,stop
80582,stop
80620,stop
80621,stop
80675,stop
80700,stop
80736,stop
80737,stop
80738,stop
80739,stop
80740,stop
80762,stop
80766,stop
80767,stop
80781,stop
80782,stop
80783,stop
80784,stop
80797,stop
80798,stop
80799,stop
80800,stop
80801,stop
80817,stop
80828,stop
80829,stop
80830,stop
80835,stop
80836,stop
80837,stop
80838,stop
80879,stop
80899,stop
80927,stop
80928,stop
80952,three
80953,three
80954,three
80973,three
80974,three
81015,three
81016,three
81017,three
81018,three
81019,three
81020,three
81021,three
81083,three
81084,three
81085,three
81086,three
81087,three
81088,three
81108,three
81109,three
81110,three
81111,three
81171,three
81172,three
81173,three
81174,three
81175,three
81201,three
81202,three
81203,three
81204,three
81205,three
81228,three
81235,three
81236,three
81237,three
81238,three
81239,three
81240,three
81241,three
81254,three
81259,three
81260,three
81265,three
81269,three
81306,three
81312,three
81313,three
81314,three
81315,three
81336,three
81337,three
81338,three
81344,three
81367,three
81380,three
81381,three
81386,three
81387,three
81388,three
81389,three
81390,three
81412,three
81413,three
81414,three
81484,three
81489,three
81493,three
81494,three
81495,three
81496,three
81497,three
81515,three
81516,three
81517,three
81518,three
81519,three
81543,three
81567,three
81568,three
81569,three
81570,three
81571,three
81589,three
81612,three
81627,three
81628,three
81629,three
81635,three
81636,three
81637,three
81638,three
81677,three
81678,three
81679,three
81680,three
81681,three
81682,three
81704,three
81705,three
81724,three
81764,three
81833,three
81834,three
81835,three
81898,three
81950,three
81951,three
81961,three
81962,three
81963,three
81969,three
81970,three
81997,three
81998,three
82027,three
82043,three
82049,three
82050,three
82051,three
82052,three
82059,three
82079,three
82082,three
82116,three
82126,three
82127,three
82180,three
82216,three
82223,three
82261,three
82291,three
82355,three
82356,three
82357,three
82358,three
82360,three
82361,three
82362,three
82363,three
82367,three
82392,three
82393,three
82394,three
82415,three
82416,three
82417,three
82418,three
82458,three
82459,three
82467,three
82468,three
82469,three
82470,three
82471,three
82513,three
82528,three
82567,three
82568,three
82586,three
82591,three
82634,three
82635,three
82652,three
82655,three
82731,three
82732,three
82733,three
82734,three
82735,three
82737,three
82738,three
82742,three
82771,three
82772,three
82773,three
82774,three
82775,three
82802,three
82880,three
82964,three
83047,three
83050,three
83154,three
83155,three
83156,three
83157,three
83158,three
83188,three
83189,three
83199,three
83200,three
83201,three
83202,three
83212,three
83213,three
83214,three
83215,three
83227,three
83244,three
83250,three
83251,three
83252,three
83253,three
83254,three
83264,three
83279,three
83280,three
83281,three
83311,three
83321,three
83322,three
83323,three
83324,three
83325,three
83326,three
83350,three
83355,three
83356,three
83357,three
83361,three
83410,three
83422,three
83423,three
83427,three
83428,three
83429,three
83430,three
83449,three
83450,three
83451,three
83452,three
83468,three
83469,three
83470,three
83471,three
83472,three
83550,three
83551,three
83552,three
83553,three
83554,three
83561,three
83562,three
83563,three
83566,three
83567,three
83568,three
83569,three
83570,three
83603,three
83604,three
83605,three
83606,three
83607,three
83631,three
83655,three
83656,three
83657,three
83658,three
83659,three
83660,three
83661,three
83689,three
83690,three
83693,three
83751,three
83781,three
83782,three
83788,three
83789,three
83810,three
83811,three
83812,three
83813,three
83814,three
83842,three
83843,three
83844,three
83845,three
83846,three
83847,three
83848,three
83849,three
83872,three
83873,three
83874,three
83883,three
83884,three
83885,three
83886,three
83887,three
83898,three
83899,three
83900,three
83901,three
83902,three
83903,three
83904,three
83905,three
83906,three
83924,three
83943,three
83944,three
83977,three
83994,three
83995,three
83996,three
83997,three
84038,three
84045,three
84046,three
84051,three
84082,three
84096,three
84097,three
84106,three
84117,three
84158,three
84159,three
84160,three
84162,three
84163,three
84173,three
84174,three
84175,three
84183,three
84184,three
84185,three
84186,three
84207,three
84253,three
84263,three
84264,three
84265,three
84282,three
84283,three
84295,three
84296,three
84297,three
84315,three
84316,three
84317,three
84329,three
84330,three
84369,three
84370,three
84371,three
84417,three
84418,three
84482,three
84483,three
84484,three
84485,three
84486,three
84507,three
84510,three
84519,three
84520,three
84521,three
84522,three
84534,three
84535,three
84536,three
84537,three
84538,three
84559,three
84569,three
84619,three
84633,three
84654,three
84655,three
84660,tree
84696,tree
84737,tree
84807,tree
84819,tree
84820,tree
84821,tree
84824,tree
84836,tree
84837,tree
84838,tree
84839,tree
84848,tree
84850,tree
84856,tree
84857,tree
84864,tree
84869,tree
84877,tree
84931,tree
84937,tree
84957,tree
84958,tree
84969,tree
84970,tree
84979,tree
84981,tree
84982,tree
85009,tree
85036,tree
85042,tree
85050,tree
85051,tree
85052,tree
85069,tree
85078,tree
85087,tree
85099,tree
85133,tree
85134,tree
85135,tree
85138,tree
85145,tree
85162,tree
85163,tree
85167,tree
85171,tree
85172,tree
85173,tree
85175,tree
85181,tree
85193,tree
85198,tree
85202,tree
85208,tree
85210,tree
85211,tree
85227,tree
85254,tree
85261,tree
85271,tree
85272,tree
85273,tree
85274,tree
85290,tree
85292,tree
85315,tree
85351,tree
85354,tree
85373,tree
85412,tree
85443,tree
85446,tree
85447,tree
85471,tree
85511,tree
85512,tree
85513,tree
85519,tree
85520,tree
85526,tree
85543,tree
85547,tree
85548,tree
85549,tree
85550,tree
85582,tree
85583,tree
85584,tree
85585,tree
85586,tree
85589,tree
85590,tree
85608,tree
85616,tree
85617,tree
85620,tree
85658,tree
85666,tree
85667,tree
85697,tree
85698,tree
85702,tree
85703,tree
85733,tree
85761,tree
85762,tree
85765,tree
85773,tree
85796,tree
85803,tree
85818,tree
85836,tree
85861,tree
85870,tree
85871,tree
85889,tree
85956,tree
85957,tree
85958,tree
85965,tree
85966,tree
85994,tree
85995,tree
85996,tree
85997,tree
85998,tree
86012,tree
86036,tree
86044,tree
86054,tree
86059,tree
86074,tree
86091,tree
86092,tree
86095,tree
86096,tree
86112,tree
86113,tree
86125,tree
86139,tree
86140,tree
86141,tree
86157,tree
86158,tree
86179,tree
86184,tree
86185,tree
86189,tree
86205,tree
86211,tree
86225,tree
86226,tree
86235,tree
86236,tree
86248,tree
86249,tree
86250,tree
86274,tree
86302,tree
86307,tree
86328,tree
86329,tree
86330,tree
86334,tree
86335,tree
86336,tree
86339,tree
86340,tree
86355,tree
86364,tree
86365,tree
86384,tree
86385,tree
86413,tree
86414,tree
86418,two
86419,two
86435,two
86444,two
86445,two
86464,two
86500,two
86518,two
86519,two
86520,two
86521,two
86522,two
86523,two
86524,two
86596,two
86597,two
86598,two
86599,two
86600,two
86601,two
86624,two
86625,two
86626,two
86627,two
86628,two
86700,two
86701,two
86702,two
86703,two
86704,two
86739,two
86740,two
86741,two
86742,two
86743,two
86770,two
86771,two
86772,two
86773,two
86798,two
86831,two
86832,two
86835,two
86861,two
86862,two
86889,two
86890,two
86909,two
86910,two
86911,two
86912,two
86913,two
86933,two
86934,two
86935,two
87003,two
87009,two
87010,two
87011,two
87012,two
87027,two
87028,two
87029,two
87030,two
87031,two
87034,two
87058,two
87079,two
87080,two
87081,two
87082,two
87083,two
87086,two
87109,two
87132,two
87133,two
87134,two
87135,two
87150,two
87151,two
87153,two
87158,two
87159,two
87160,two
87203,two
87204,two
87205,two
87229,two
87230,two
87231,two
87232,two
87271,two
87272,two
87355,two
87356,two
87357,two
87358,two
87383,two
87384,two
87385,two
87408,two
87409,two
87470,two
87475,two
87476,two
87477,two
87478,two
87479,two
87482,two
87506,two
87511,two
87512,two
87513,two
87514,two
87515,two
87516,two
87582,two
87583,two
87584,two
87585,two
87586,two
87612,two
87613,two
87653,two
87654,two
87665,two
87666,two
87693,two
87706,two
87707,two
87708,two
87728,two
87729,two
87754,two
87755,two
87763,two
87804,two
87840,two
87845,two
87918,two
87919,two
87925,two
87926,two
87927,two
87928,two
87929,two
87934,two
87935,two
87942,two
87990,two
87991,two
87992,two
87993,two
87994,two
88040,two
88041,two
88042,two
88043,two
88072,two
88081,two
88087,two
88093,two
88094,two
88095,two
88096,two
88135,two
88173,two
88174,two
88205,two
88223,two
88230,two
88231,two
88239,two
88292,two
88293,two
88294,two
88308,two
88309,two
88310,two
88311,two
88312,two
88357,two
88358,two
88359,two
88382,two
88383,two
88388,two
88433,two
88466,two
88467,two
88562,two
88563,two
88638,two
88642,two
88757,two
88758,two
88759,two
88760,two
88791,two
88792,two
88800,two
88801,two
88802,two
88803,two
88804,two
88817,two
88819,two
88856,two
88857,two
88858,two
88859,two
88860,two
88871,two
88888,two
88889,two
88890,two
88908,two
88921,two
88922,two
88923,two
88924,two
88925,two
88926,two
88974,two
88979,two
88980,two
88981,two
88982,two
88986,two
89033,two
89039,two
89045,two
89046,two
89053,two
89054,two
89055,two
89056,two
89057,two
89076,two
89077,two
89078,two
89079,two
89080,two
89084,two
89085,two
89086,two
89095,two
89096,two
89097,two
89098,two
89099,two
89170,two
89171,two
89172,two
89173,two
89180,two
89181,two
89182,two
89183,two
89184,two
89185,two
89186,two
89187,two
89188,two
89189,two
89224,two
89225,two
89226,two
89227,two
89228,two
89274,two
89275,two
89276,two
89277,two
89278,two
89292,two
89313,two
89314,two
89327,two
89328,two
89364,two
89378,two
89423,two
89424,two
89430,two
89431,two
89448,two
89449,two
89450,two
89451,two
89452,two
89481,two
89482,two
89483,two
89484,two
89485,two
89486,two
89487,two
89488,two
89489,two
89490,two
89517,two
89518,two
89519,two
89520,two
89525,two
89526,two
89527,two
89528,two
89539,two
89540,two
89541,two
89542,two
89543,two
89544,two
89545,two
89546,two
89547,two
89548,two
89549,two
89550,two
89551,two
89552,two
89553,two
89588,two
89589,two
89614,two
89633,two
89634,two
89635,two
89636,two
89637,two
89669,two
89670,two
89688,two
89689,two
89692,two
89708,two
89744,two
89773,two
89817,two
89824,two
89833,two
89834,two
89835,two
89836,two
89850,two
89851,two
89896,two
89897,two
89905,two
89906,two
89916,two
89917,two
89943,two
89944,two
89954,two
89955,two
89956,two
89957,two
90010,two
90011,two
90012,two
90061,two
90062,two
90092,two
90124,two
90125,two
90126,two
90127,two
90128,two
90153,two
90159,two
90167,two
90168,two
90169,two
90170,two
90182,two
90183,two
90184,two
90185,two
90186,two
90202,two
90211,two
90212,two
90294,two
90311,up
90312,up
90313,up
90324,up
90339,up
90340,up
90341,up
90385,up
90386,up
90387,up
90388,up
90435,up
90436,up
90453,up
90454,up
90455,up
90456,up
90457,up
90478,up
90479,up
90480,up
90481,up
90549,up
90550,up
90551,up
90552,up
90553,up
90568,up
90580,up
90581,up
90582,up
90583,up
90584,up
90603,up
90604,up
90605,up
90606,up
90607,up
90615,up
90616,up
90617,up
90618,up
90619,up
90640,up
90641,up
90642,up
90672,up
90673,up
90678,up
90679,up
90708,up
90752,up
90753,up
90754,up
90755,up
90756,up
90853,up
90854,up
90855,up
90856,up
90857,up
90870,up
90871,up
90872,up
90873,up
90877,up
90923,up
90924,up
90925,up
90926,up
90931,up
90932,up
90951,up
90952,up
90976,up
90992,up
90998,up
91034,up
91035,up
91036,up
91037,up
91056,up
91057,up
91058,up
91059,up
91060,up
91061,up
91081,up
91181,up
91182,up
91183,up
91184,up
91207,up
91208,up
91236,up
91237,up
91263,up
91312,up
91317,up
91318,up
91319,up
91320,up
91328,up
91329,up
91330,up
91331,up
91332,up
91336,up
91363,up
91364,up
91365,up
91366,up
91367,up
91379,up
91380,up
91381,up
91382,up
91386,up
91401,up
91424,up
91433,up
91434,up
91435,up
91436,up
91465,up
91466,up
91467,up
91509,up
91510,up
91516,up
91517,up
91555,up
91594,up
91595,up
91596,up
91625,up
91755,up
91763,up
91764,up
91765,up
91766,up
91767,up
91770,up
91771,up
91772,up
91773,up
91774,up
91827,up
91828,up
91829,up
91830,up
91872,up
91873,up
91904,up
91905,up
91918,up
91924,up
91928,up
91929,up
91969,up
91973,up
91987,up
92014,up
92043,up
92064,up
92065,up
92073,up
92074,up
92117,up
92128,up
92129,up
92130,up
92131,up
92132,up
92139,up
92140,up
92141,up
92142,up
92179,up
92180,up
92181,up
92198,up
92199,up
92200,up
92201,up
92204,up
92248,up
92249,up
92351,up
92372,up
92373,up
92448,up
92456,up
92531,up
92563,up
92564,up
92565,up
92566,up
92567,up
92600,up
92606,up
92607,up
92608,up
92609,up
92647,up
92648,up
92649,up
92650,up
92651,up
92672,up
92673,up
92694,up
92695,up
92703,up
92704,up
92705,up
92706,up
92707,up
92708,up
92709,up
92710,up
92747,up
92751,up
92752,up
92753,up
92754,up
92797,up
92803,up
92804,up
92806,up
92807,up
92808,up
92809,up
92810,up
92828,up
92829,up
92830,up
92831,up
92840,up
92841,up
92842,up
92843,up
92844,up
92921,up
92922,up
92923,up
92924,up
92925,up
92930,up
92931,up
92932,up
92933,up
92934,up
92937,up
92938,up
92939,up
92940,up
92941,up
92970,up
92971,up
92972,up
92973,up
92974,up
92991,up
93015,up
93016,up
93017,up
93018,up
93019,up
93034,up
93057,up
93074,up
93075,up
93150,up
93151,up
93156,up
93157,up
93183,up
93184,up
93185,up
93186,up
93187,up
93224,up
93225,up
93226,up
93227,up
93228,up
93229,up
93230,up
93231,up
93232,up
93260,up
93261,up
93262,up
93263,up
93275,up
93276,up
93277,up
93289,up
93290,up
93291,up
93292,up
93293,up
93294,up
93295,up
93296,up
93297,up
93298,up
93299,up
93316,up
93349,up
93350,up
93365,up
93366,up
93372,up
93373,up
93374,up
93375,up
93397,up
93398,up
93410,up
93411,up
93419,up
93420,up
93447,up
93448,up
93449,up
93465,up
93466,up
93476,up
93490,up
93532,up
93546,up
93547,up
93554,up
93555,up
93556,up
93557,up
93558,up
93624,up
93632,up
93633,up
93646,up
93682,up
93683,up
93684,up
93685,up
93686,up
93741,up
93742,up
93789,up
93813,up
93854,up
93855,up
93856,up
93857,up
93878,up
93880,up
93883,up
93893,up
93894,up
93895,up
93906,up
93907,up
93908,up
93909,up
93910,up
93929,up
93930,up
93975,up
93988,up
93989,up
94032,visual
94093,visual
94094,visual
94095,visual
94096,visual
94097,visual
94098,visual
94113,visual
94114,visual
94115,visual
94116,visual
94117,visual
94133,visual
94134,visual
94135,visual
94136,visual
94141,visual
94142,visual
94143,visual
94147,visual
94154,visual
94155,visual
94156,visual
94223,visual
94265,visual
94267,visual
94268,visual
94269,visual
94270,visual
94299,visual
94300,visual
94335,visual
94336,visual
94337,visual
94356,visual
94357,visual
94475,visual
94476,visual
94477,visual
94478,visual
94479,visual
94490,visual
94491,visual
94492,visual
94493,visual
94523,visual
94524,visual
94525,visual
94526,visual
94527,visual
94581,visual
94597,visual
94598,visual
94607,visual
94665,visual
94672,visual
94673,visual
94674,visual
94675,visual
94677,visual
94678,visual
94679,visual
94680,visual
94681,visual
94735,visual
94750,visual
94777,visual
94815,visual
94816,visual
94817,visual
94818,visual
94832,visual
94850,visual
94851,visual
94870,visual
94964,visual
94975,visual
94976,visual
94977,visual
95000,visual
95001,visual
95002,visual
95003,visual
95004,visual
95016,visual
95021,visual
95022,visual
95023,visual
95024,visual
95057,visual
95058,visual
95059,visual
95060,visual
95061,visual
95096,visual
95097,visual
95106,visual
95107,visual
95147,visual
95148,visual
95149,visual
95150,visual
95151,visual
95152,visual
95153,visual
95163,visual
95164,visual
95165,visual
95166,visual
95225,visual
95226,visual
95227,visual
95228,visual
95229,visual
95242,visual
95243,visual
95244,visual
95245,visual
95246,visual
95247,visual
95248,visual
95249,visual
95250,visual
95251,visual
95262,visual
95263,visual
95264,visual
95265,visual
95266,visual
95315,visual
95316,visual
95317,visual
95318,visual
95319,visual
95379,visual
95380,visual
95381,visual
95382,visual
95416,visual
95431,visual
95432,visual
95433,visual
95434,visual
95455,visual
95522,visual
95523,visual
95524,visual
95525,visual
95534,visual
95541,visual
95542,visual
95543,visual
95544,visual
95549,visual
95550,visual
95551,visual
95552,visual
95553,visual
95611,wow
95612,wow
95623,wow
95637,wow
95638,wow
95646,wow
95651,wow
95697,wow
95698,wow
95708,wow
95720,wow
95763,wow
95774,wow
95781,wow
95801,wow
95808,wow
95835,wow
95836,wow
95839,wow
95840,wow
95860,wow
95864,wow
95873,wow
95888,wow
95899,wow
95943,wow
95945,wow
95948,wow
95952,wow
95955,wow
95961,wow
95962,wow
96003,wow
96004,wow
96026,wow
96044,wow
96045,wow
96046,wow
96047,wow
96051,wow
96059,wow
96070,wow
96071,wow
96078,wow
96111,wow
96185,wow
96186,wow
96187,wow
96188,wow
96193,wow
96194,wow
96199,wow
96204,wow
96214,wow
96218,wow
96227,wow
96228,wow
96237,wow
96243,wow
96244,wow
96252,wow
96260,wow
96281,wow
96304,wow
96307,wow
96308,wow
96321,wow
96322,wow
96327,wow
96328,wow
96329,wow
96336,wow
96337,wow
96338,wow
96339,wow
96353,wow
96355,wow
96356,wow
96399,wow
96440,wow
96441,wow
96448,wow
96452,wow
96474,wow
96475,wow
96488,wow
96519,wow
96522,wow
96544,wow
96545,wow
96548,wow
96552,wow
96553,wow
96554,wow
96556,wow
96559,wow
96581,wow
96582,wow
96588,wow
96589,wow
96638,wow
96643,wow
96644,wow
96656,wow
96657,wow
96658,wow
96675,wow
96683,wow
96686,wow
96687,wow
96688,wow
96691,wow
96692,wow
96693,wow
96694,wow
96713,wow
96729,wow
96730,wow
96733,wow
96737,wow
96755,wow
96756,wow
96783,wow
96827,wow
96828,wow
96867,wow
96871,wow
96872,wow
96873,wow
96945,wow
96960,wow
96961,wow
96962,wow
96963,wow
96964,wow
96966,wow
96973,wow
96974,wow
96975,wow
96976,wow
96980,wow
96981,wow
96984,wow
96985,wow
96986,wow
97008,wow
97012,wow
97022,wow
97023,wow
97024,wow
97025,wow
97053,wow
97076,wow
97080,wow
97081,wow
97130,wow
97140,wow
97148,wow
97160,wow
97194,wow
97203,wow
97215,wow
97226,wow
97235,wow
97236,wow
97250,wow
97260,wow
97269,wow
97309,wow
97310,wow
97318,wow
97332,wow
97347,wow
97359,wow
97360,wow
97365,wow
97366,wow
97392,wow
97421,wow
97422,wow
97428,wow
97429,wow
97435,wow
97439,wow
97440,wow
97441,wow
97460,wow
97469,wow
97487,wow
97489,wow
97500,wow
97501,wow
97502,wow
97504,wow
97515,wow
97522,wow
97523,wow
97552,wow
97562,wow
97565,wow
97568,wow
97569,wow
97570,wow
97571,wow
97636,wow
97643,wow
97646,wow
97651,wow
97658,wow
97671,wow
97672,wow
97696,wow
97697,wow
97736,yes
97737,yes
97738,yes
97761,yes
97762,yes
97763,yes
97764,yes
97782,yes
97837,yes
97838,yes
97839,yes
97840,yes
97841,yes
97897,yes
97903,yes
97919,yes
97920,yes
97921,yes
97922,yes
97923,yes
97924,yes
97946,yes
97947,yes
97948,yes
97949,yes
97950,yes
98031,yes
98032,yes
98033,yes
98034,yes
98035,yes
98064,yes
98065,yes
98066,yes
98067,yes
98092,yes
98093,yes
98094,yes
98113,yes
98114,yes
98119,yes
98120,yes
98159,yes
98160,yes
98161,yes
98162,yes
98165,yes
98184,yes
98185,yes
98211,yes
98217,yes
98218,yes
98232,yes
98233,yes
98234,yes
98235,yes
98236,yes
98333,yes
98334,yes
98343,yes
98344,yes
98345,yes
98346,yes
98347,yes
98364,yes
98365,yes
98366,yes
98367,yes
98368,yes
98395,yes
98396,yes
98414,yes
98415,yes
98416,yes
98417,yes
98418,yes
98426,yes
98427,yes
98440,yes
98441,yes
98452,yes
98471,yes
98487,yes
98490,yes
98496,yes
98497,yes
98498,yes
98499,yes
98545,yes
98546,yes
98547,yes
98548,yes
98549,yes
98575,yes
98601,yes
98616,yes
98702,yes
98703,yes
98704,yes
98705,yes
98706,yes
98728,yes
98754,yes
98755,yes
98778,yes
98832,yes
98833,yes
98837,yes
98838,yes
98846,yes
98847,yes
98848,yes
98849,yes
98856,yes
98857,yes
98858,yes
98885,yes
98892,yes
98893,yes
98894,yes
98895,yes
98909,yes
98962,yes
98963,yes
98964,yes
98965,yes
98966,yes
98977,yes
98994,yes
99048,yes
99049,yes
99079,yes
99086,yes
99105,yes
99106,yes
99128,yes
99129,yes
99148,yes
99155,yes
99229,yes
99230,yes
99316,yes
99317,yes
99318,yes
99319,yes
99320,yes
99324,yes
99325,yes
99326,yes
99327,yes
99328,yes
99332,yes
99333,yes
99373,yes
99374,yes
99375,yes
99393,yes
99394,yes
99395,yes
99396,yes
99397,yes
99439,yes
99440,yes
99448,yes
99449,yes
99450,yes
99451,yes
99452,yes
99485,yes
99486,yes
99500,yes
99501,yes
99508,yes
99516,yes
99579,yes
99583,yes
99628,yes
99644,yes
99646,yes
99647,yes
99710,yes
99722,yes
99723,yes
99724,yes
99725,yes
99726,yes
99728,yes
99733,yes
99734,yes
99736,yes
99767,yes
99768,yes
99769,yes
99770,yes
99771,yes
99802,yes
99840,yes
99841,yes
99866,yes
99867,yes
99868,yes
99869,yes
99969,yes
99970,yes
100045,yes
100136,yes
100137,yes
100171,yes
100172,yes
100173,yes
100174,yes
100175,yes
100216,yes
100217,yes
100218,yes
100219,yes
100220,yes
100232,yes
100233,yes
100270,yes
100271,yes
100272,yes
100273,yes
100274,yes
100303,yes
100304,yes
100305,yes
100329,yes
100340,yes
100341,yes
100342,yes
100343,yes
100344,yes
100345,yes
100346,yes
100347,yes
100348,yes
100383,yes
100384,yes
100385,yes
100386,yes
100387,yes
100442,yes
100446,yes
100447,yes
100448,yes
100449,yes
100450,yes
100464,yes
100465,yes
100466,yes
100467,yes
100468,yes
100473,yes
100474,yes
100482,yes
100483,yes
100484,yes
100485,yes
100486,yes
100561,yes
100562,yes
100563,yes
100564,yes
100565,yes
100572,yes
100573,yes
100574,yes
100575,yes
100576,yes
100578,yes
100579,yes
100580,yes
100581,yes
100626,yes
100627,yes
100628,yes
100629,yes
100630,yes
100652,yes
100677,yes
100678,yes
100679,yes
100680,yes
100681,yes
100694,yes
100695,yes
100716,yes
100848,yes
100849,yes
100850,yes
100851,yes
100852,yes
100890,yes
100891,yes
100892,yes
100893,yes
100894,yes
100895,yes
100896,yes
100897,yes
100898,yes
100899,yes
100900,yes
100928,yes
100929,yes
100930,yes
100931,yes
100939,yes
100940,yes
100941,yes
100942,yes
100943,yes
100957,yes
100958,yes
100959,yes
100960,yes
100961,yes
100962,yes
100963,yes
100964,yes
100965,yes
100966,yes
100967,yes
100968,yes
101044,yes
101045,yes
101046,yes
101047,yes
101048,yes
101083,yes
101084,yes
101085,yes
101101,yes
101102,yes
101103,yes
101104,yes
101111,yes
101116,yes
101117,yes
101119,yes
101152,yes
101153,yes
101154,yes
101170,yes
101196,yes
101197,yes
101198,yes
101261,yes
101262,yes
101270,yes
101271,yes
101272,yes
101278,yes
101279,yes
101280,yes
101282,yes
101283,yes
101284,yes
101285,yes
101286,yes
101303,yes
101318,yes
101319,yes
101320,yes
101354,yes
101360,yes
101382,yes
101383,yes
101419,yes
101420,yes
101421,yes
101422,yes
101423,yes
101435,yes
101473,yes
101474,yes
101534,yes
101547,yes
101580,yes
101581,yes
101582,yes
101583,yes
101584,yes
101610,yes
101611,yes
101627,yes
101628,yes
101629,yes
101630,yes
101631,yes
101642,yes
101643,yes
101644,yes
101645,yes
101665,yes
101675,yes
101676,yes
101680,yes
101703,yes
101704,yes
101731,yes
101732,yes
101747,yes
101793,zero
101794,zero
101801,zero
101802,zero
101803,zero
101804,zero
101805,zero
101823,zero
101837,zero
101838,zero
101870,zero
101871,zero
101872,zero
101873,zero
101874,zero
101875,zero
101876,zero
101877,zero
101878,zero
101950,zero
101951,zero
101952,zero
101953,zero
101954,zero
101955,zero
101956,zero
101978,zero
101979,zero
101980,zero
101981,zero
101982,zero
102062,zero
102063,zero
102064,zero
102065,zero
102070,zero
102090,zero
102097,zero
102098,zero
102099,zero
102100,zero
102101,zero
102125,zero
102138,zero
102139,zero
102140,zero
102141,zero
102142,zero
102157,zero
102158,zero
102159,zero
102161,zero
102164,zero
102166,zero
102167,zero
102209,zero
102210,zero
102214,zero
102215,zero
102238,zero
102244,zero
102262,zero
102263,zero
102264,zero
102265,zero
102266,zero
102283,zero
102284,zero
102301,zero
102302,zero
102303,zero
102304,zero
102305,zero
102426,zero
102427,zero
102428,zero
102429,zero
102430,zero
102447,zero
102448,zero
102449,zero
102450,zero
102451,zero
102453,zero
102464,zero
102465,zero
102502,zero
102503,zero
102504,zero
102505,zero
102506,zero
102508,zero
102519,zero
102546,zero
102557,zero
102560,zero
102566,zero
102567,zero
102568,zero
102569,zero
102614,zero
102615,zero
102616,zero
102617,zero
102618,zero
102646,zero
102647,zero
102666,zero
102678,zero
102776,zero
102777,zero
102778,zero
102779,zero
102780,zero
102802,zero
102848,zero
102893,zero
102896,zero
102903,zero
102904,zero
102905,zero
102906,zero
102907,zero
102910,zero
102911,zero
102912,zero
102936,zero
102937,zero
102941,zero
102942,zero
102943,zero
102944,zero
102960,zero
102965,zero
103013,zero
103014,zero
103015,zero
103016,zero
103017,zero
103026,zero
103037,zero
103038,zero
103074,zero
103075,zero
103076,zero
103077,zero
103112,zero
103113,zero
103135,zero
103143,zero
103158,zero
103159,zero
103160,zero
103179,zero
103180,zero
103189,zero
103190,zero
103260,zero
103266,zero
103296,zero
103339,zero
103340,zero
103348,zero
103349,zero
103350,zero
103351,zero
103352,zero
103355,zero
103356,zero
103357,zero
103358,zero
103359,zero
103365,zero
103366,zero
103398,zero
103424,zero
103425,zero
103426,zero
103427,zero
103466,zero
103467,zero
103477,zero
103478,zero
103479,zero
103480,zero
103481,zero
103530,zero
103543,zero
103609,zero
103636,zero
103637,zero
103661,zero
103678,zero
103752,zero
103753,zero
103754,zero
103755,zero
103756,zero
103760,zero
103761,zero
103767,zero
103768,zero
103770,zero
103811,zero
103812,zero
103813,zero
103814,zero
103815,zero
103835,zero
103836,zero
103837,zero
103877,zero
103878,zero
103901,zero
103902,zero
103907,zero
103972,zero
103999,zero
104075,zero
104162,zero
104201,zero
104202,zero
104203,zero
104204,zero
104241,zero
104242,zero
104243,zero
104256,zero
104257,zero
104258,zero
104259,zero
104260,zero
104273,zero
104316,zero
104317,zero
104318,zero
104319,zero
104320,zero
104332,zero
104347,zero
104348,zero
104374,zero
104396,zero
104397,zero
104398,zero
104399,zero
104400,zero
104437,zero
104444,zero
104445,zero
104446,zero
104447,zero
104448,zero
104512,zero
104520,zero
104521,zero
104522,zero
104523,zero
104541,zero
104542,zero
104543,zero
104544,zero
104545,zero
104552,zero
104562,zero
104563,zero
104564,zero
104565,zero
104647,zero
104648,zero
104649,zero
104650,zero
104651,zero
104659,zero
104660,zero
104661,zero
104662,zero
104663,zero
104668,zero
104669,zero
104670,zero
104671,zero
104672,zero
104718,zero
104719,zero
104720,zero
104721,zero
104722,zero
104773,zero
104774,zero
104775,zero
104776,zero
104777,zero
104789,zero
104806,zero
104909,zero
104932,zero
104933,zero
104934,zero
104935,zero
104936,zero
104977,zero
104978,zero
104979,zero
104980,zero
104981,zero
104982,zero
104983,zero
104984,zero
104985,zero
104986,zero
105015,zero
105016,zero
105017,zero
105018,zero
105027,zero
105028,zero
105029,zero
105041,zero
105042,zero
105043,zero
105044,zero
105045,zero
105046,zero
105047,zero
105048,zero
105049,zero
105050,zero
105083,zero
105084,zero
105085,zero
105113,zero
105127,zero
105128,zero
105131,zero
105136,zero
105137,zero
105138,zero
105139,zero
105140,zero
105173,zero
105193,zero
105194,zero
105199,zero
105203,zero
105234,zero
105235,zero
105236,zero
105237,zero
105238,zero
105245,zero
105258,zero
105259,zero
105332,zero
105333,zero
105340,zero
105341,zero
105342,zero
105348,zero
105349,zero
105350,zero
105351,zero
105352,zero
105353,zero
105354,zero
105355,zero
105382,zero
105383,zero
105423,zero
105424,zero
105437,zero
105438,zero
105439,zero
105461,zero
105462,zero
105463,zero
105476,zero
105477,zero
105478,zero
105479,zero
105480,zero
105529,zero
105578,zero
105579,zero
105638,zero
105639,zero
105640,zero
105641,zero
105663,zero
105664,zero
105671,zero
105672,zero
105680,zero
105681,zero
105682,zero
105683,zero
105684,zero
105693,zero
105694,zero
105695,zero
105696,zero
105697,zero
105712,zero
105723,zero
105730,zero
105779,zero
105828,zero
1,backward
2,backward
3,backward
4,backward
5,backward
17,backward
18,backward
19,backward
20,backward
21,backward
97,backward
98,backward
99,backward
100,backward
101,backward
108,backward
109,backward
110,backward
124,backward
125,backward
126,backward
127,backward
128,backward
164,backward
165,backward
166,backward
167,backward
251,backward
252,backward
253,backward
310,backward
311,backward
412,backward
413,backward
414,backward
415,backward
443,backward
444,backward
445,backward
446,backward
507,backward
508,backward
509,backward
510,backward
511,backward
532,backward
533,backward
534,backward
535,backward
536,backward
539,backward
540,backward
541,backward
542,backward
572,backward
573,backward
574,backward
575,backward
576,backward
578,backward
608,backward
609,backward
610,backward
611,backward
633,backward
634,backward
635,backward
636,backward
637,backward
651,backward
652,backward
682,backward
683,backward
684,backward
695,backward
696,backward
697,backward
698,backward
699,backward
706,backward
707,backward
708,backward
709,backward
710,backward
713,backward
755,backward
756,backward
790,backward
791,backward
792,backward
793,backward
794,backward
795,backward
802,backward
803,backward
804,backward
805,backward
806,backward
851,backward
861,backward
862,backward
863,backward
864,backward
865,backward
866,backward
867,backward
868,backward
869,backward
870,backward
895,backward
896,backward
897,backward
898,backward
899,backward
913,backward
914,backward
916,backward
950,backward
987,backward
988,backward
989,backward
990,backward
991,backward
1097,backward
1103,backward
1104,backward
1105,backward
1118,backward
1119,backward
1120,backward
1121,backward
1122,backward
1162,backward
1163,backward
1164,backward
1165,backward
1200,backward
1201,backward
1202,backward
1203,backward
1204,backward
1205,backward
1206,backward
1234,backward
1235,backward
1236,backward
1280,backward
1311,backward
1312,backward
1313,backward
1314,backward
1315,backward
1344,backward
1345,backward
1346,backward
1347,backward
1376,backward
1377,backward
1378,backward
1379,backward
1380,backward
1530,backward
1531,backward
1532,backward
1533,backward
1534,backward
1663,backward
1669,bed
1680,bed
1694,bed
1699,bed
1700,bed
1703,bed
1728,bed
1730,bed
1731,bed
1732,bed
1767,bed
1782,bed
1783,bed
1840,bed
1869,bed
1875,bed
1877,bed
1878,bed
1884,bed
1903,bed
1934,bed
1935,bed
1953,bed
1957,bed
1981,bed
1982,bed
1997,bed
2000,bed
2010,bed
2027,bed
2032,bed
2038,bed
2069,bed
2070,bed
2075,bed
2082,bed
2085,bed
2092,bed
2098,bed
2100,bed
2101,bed
2102,bed
2113,bed
2130,bed
2138,bed
2146,bed
2147,bed
2151,bed
2152,bed
2157,bed
2158,bed
2187,bed
2206,bed
2207,bed
2229,bed
2230,bed
2245,bed
2264,bed
2273,bed
2275,bed
2277,bed
2325,bed
2344,bed
2352,bed
2354,bed
2360,bed
2361,bed
2382,bed
2404,bed
2425,bed
2426,bed
2427,bed
2428,bed
2443,bed
2444,bed
2452,bed
2453,bed
2461,bed
2473,bed
2485,bed
2489,bed
2490,bed
2491,bed
2492,bed
2510,bed
2511,bed
2523,bed
2575,bed
2576,bed
2578,bed
2579,bed
2580,bed
2583,bed
2584,bed
2596,bed
2597,bed
2629,bed
2648,bed
2649,bed
2658,bed
2667,bed
2668,bed
2687,bed
2688,bed
2696,bed
2699,bed
2705,bed
2706,bed
2707,bed
2708,bed
2747,bed
2758,bed
2761,bed
2776,bed
2777,bed
2778,bed
2798,bed
2799,bed
2824,bed
2825,bed
2829,bed
2834,bed
2835,bed
2842,bed
2858,bed
2882,bed
2894,bed
2929,bed
2960,bed
2961,bed
2962,bed
2967,bed
2969,bed
2972,bed
2995,bed
3013,bed
3014,bed
3015,bed
3021,bed
3022,bed
3032,bed
3033,bed
3067,bed
3077,bed
3089,bed
3099,bed
3101,bed
3111,bed
3113,bed
3114,bed
3130,bed
3131,bed
3133,bed
3157,bed
3158,bed
3159,bed
3169,bed
3172,bed
3178,bed
3209,bed
3210,bed
3232,bed
3233,bed
3243,bed
3254,bed
3255,bed
3263,bed
3273,bed
3293,bed
3336,bed
3342,bed
3363,bed
3391,bed
3435,bed
3436,bed
3437,bed
3444,bed
3448,bed
3470,bed
3508,bed
3509,bed
3510,bed
3511,bed
3543,bed
3546,bed
3563,bed
3583,bed
3584,bed
3588,bed
3589,bed
3609,bed
3610,bed
3614,bed
3615,bed
3616,bed
3617,bed
3618,bed
3622,bed
3630,bed
3644,bed
3668,bed
3678,bird
3684,bird
3685,bird
3702,bird
3706,bird
3707,bird
3732,bird
3733,bird
3734,bird
3740,bird
3761,bird
3765,bird
3780,bird
3798,bird
3812,bird
3840,bird
3853,bird
3869,bird
3870,bird
3872,bird
3886,bird
3887,bird
3905,bird
3906,bird
3920,bird
3931,bird
3932,bird
3958,bird
3971,bird
4000,bird
4007,bird
4008,bird
4011,bird
4045,bird
4046,bird
4047,bird
4048,bird
4072,bird
4091,bird
4092,bird
4103,bird
4124,bird
4132,bird
4133,bird
4134,bird
4137,bird
4151,bird
4161,bird
4171,bird
4172,bird
4187,bird
4188,bird
4189,bird
4190,bird
4202,bird
4217,bird
4221,bird
4252,bird
4253,bird
4281,bird
4306,bird
4318,bird
4319,bird
4324,bird
4325,bird
4326,bird
4372,bird
4390,bird
4406,bird
4412,bird
4415,bird
4416,bird
4432,bird
4450,bird
4462,bird
4463,bird
4464,bird
4465,bird
4482,bird
4483,bird
4484,bird
4490,bird
4491,bird
4501,bird
4509,bird
4520,bird
4537,bird
4538,bird
4539,bird
4558,bird
4573,bird
4580,bird
4597,bird
4598,bird
4599,bird
4613,bird
4632,bird
4641,bird
4642,bird
4654,bird
4684,bird
4695,bird
4709,bird
4710,bird
4716,bird
4735,bird
4739,bird
4740,bird
4753,bird
4757,bird
4765,bird
4779,bird
4801,bird
4802,bird
4817,bird
4842,bird
4843,bird
4868,bird
4873,bird
4874,bird
4875,bird
4909,bird
4927,bird
4929,bird
4964,bird
5011,bird
5026,bird
5027,bird
5048,bird
5053,bird
5054,bird
5055,bird
5076,bird
5085,bird
5090,bird
5091,bird
5092,bird
5121,bird
5125,bird
5131,bird
5144,bird
5145,bird
5146,bird
5159,bird
5162,bird
5172,bird
5174,bird
5184,bird
5185,bird
5186,bird
5188,bird
5192,bird
5206,bird
5207,bird
5208,bird
5211,bird
5212,bird
5218,bird
5228,bird
5229,bird
5230,bird
5231,bird
5248,bird
5249,bird
5272,bird
5280,bird
5292,bird
5313,bird
5317,bird
5318,bird
5330,bird
5349,bird
5378,bird
5380,bird
5391,bird
5394,bird
5395,bird
5396,bird
5397,bird
5422,bird
5423,bird
5447,bird
5477,bird
5509,bird
5514,bird
5530,bird
5531,bird
5567,bird
5568,bird
5569,bird
5570,bird
5593,bird
5594,bird
5605,bird
5607,bird
5608,bird
5637,bird
5643,bird
5647,bird
5678,bird
5679,bird
5680,bird
5681,bird
5687,bird
5692,bird
5693,bird
5744,cat
5748,cat
5754,cat
5769,cat
5770,cat
5806,cat
5833,cat
5846,cat
5873,cat
5936,cat
5941,cat
5942,cat
5975,cat
5983,cat
5987,cat
5988,cat
5989,cat
6020,cat
6021,cat
6030,cat
6060,cat
6090,cat
6109,cat
6110,cat
6120,cat
6121,cat
6134,cat
6135,cat
6157,cat
6158,cat
6159,cat
6162,cat
6178,cat
6193,cat
6194,cat
6222,cat
6224,cat
6236,cat
6254,cat
6255,cat
6256,cat
6260,cat
6265,cat
6275,cat
6276,cat
6294,cat
6295,cat
6300,cat
6305,cat
6322,cat
6347,cat
6365,cat
6377,cat
6378,cat
6379,cat
6416,cat
6431,cat
6433,cat
6441,cat
6442,cat
6444,cat
6446,cat
6447,cat
6448,cat
6463,cat
6474,cat
6480,cat
6481,cat
6489,cat
6490,cat
6491,cat
6504,cat
6505,cat
6506,cat
6507,cat
6513,cat
6514,cat
6517,cat
6518,cat
6527,cat
6539,cat
6556,cat
6557,cat
6580,cat
6587,cat
6609,cat
6631,cat
6634,cat
6649,cat
6650,cat
6652,cat
6653,cat
6656,cat
6666,cat
6669,cat
6670,cat
6696,cat
6708,cat
6727,cat
6728,cat
6739,cat
6740,cat
6741,cat
6742,cat
6744,cat
6746,cat
6747,cat
6775,cat
6778,cat
6787,cat
6788,cat
6789,cat
6790,cat
6802,cat
6829,cat
6841,cat
6850,cat
6857,cat
6858,cat
6859,cat
6875,cat
6876,cat
6877,cat
6878,cat
6925,cat
6942,cat
6943,cat
6960,cat
6970,cat
6983,cat
6987,cat
6997,cat
6998,cat
7049,cat
7050,cat
7051,cat
7055,cat
7060,cat
7074,cat
7107,cat
7108,cat
7116,cat
7127,cat
7128,cat
7172,cat
7173,cat
7180,cat
7191,cat
7205,cat
7208,cat
7219,cat
7220,cat
7230,cat
7231,cat
7234,cat
7235,cat
7240,cat
7253,cat
7254,cat
7255,cat
7264,cat
7275,cat
7281,cat
7282,cat
7294,cat
7295,cat
7302,cat
7303,cat
7331,cat
7337,cat
7338,cat
7339,cat
7349,cat
7366,cat
7392,cat
7410,cat
7411,cat
7413,cat
7418,cat
7419,cat
7444,cat
7477,cat
7504,cat
7531,cat
7536,cat
7541,cat
7542,cat
7596,cat
7615,cat
7616,cat
7617,cat
7618,cat
7632,cat
7634,cat
7635,cat
7654,cat
7679,cat
7680,cat
7685,cat
7703,cat
7709,cat
7717,cat
7759,cat
7782,dog
7809,dog
7811,dog
7812,dog
7813,dog
7854,dog
7855,dog
7857,dog
7878,dog
7879,dog
7883,dog
7900,dog
7920,dog
7921,dog
7923,dog
7943,dog
7975,dog
7982,dog
7995,dog
7996,dog
8032,dog
8033,dog
8034,dog
8039,dog
8083,dog
8096,dog
8146,dog
8147,dog
8163,dog
8176,dog
8186,dog
8226,dog
8227,dog
8228,dog
8244,dog
8245,dog
8246,dog
8266,dog
8269,dog
8287,dog
8296,dog
8303,dog
8318,dog
8328,dog
8330,dog
8331,dog
8356,dog
8358,dog
8359,dog
8362,dog
8363,dog
8381,dog
8408,dog
8432,dog
8441,dog
8445,dog
8488,dog
8506,dog
8510,dog
8512,dog
8516,dog
8518,dog
8519,dog
8520,dog
8527,dog
8537,dog
8538,dog
8564,dog
8565,dog
8566,dog
8575,dog
8578,dog
8588,dog
8589,dog
8601,dog
8616,dog
8626,dog
8627,dog
8630,dog
8632,dog
8634,dog
8647,dog
8654,dog
8655,dog
8685,dog
8693,dog
8694,dog
8695,dog
8696,dog
8713,dog
8723,dog
8724,dog
8733,dog
8734,dog
8747,dog
8749,dog
8758,dog
8759,dog
8783,dog
8794,dog
8813,dog
8814,dog
8815,dog
8822,dog
8826,dog
8832,dog
8851,dog
8852,dog
8853,dog
8856,dog
8857,dog
8869,dog
8873,dog
8882,dog
8883,dog
8884,dog
8894,dog
8924,dog
8937,dog
8944,dog
8945,dog
8946,dog
8947,dog
8948,dog
8987,dog
8989,dog
8992,dog
8993,dog
8995,dog
8996,dog
9048,dog
9084,dog
9087,dog
9088,dog
9089,dog
9090,dog
9128,dog
9129,dog
9132,dog
9133,dog
9156,dog
9161,dog
9171,dog
9189,dog
9190,dog
9208,dog
9210,dog
9211,dog
9249,dog
9262,dog
9263,dog
9264,dog
9274,dog
9278,dog
9287,dog
9289,dog
9306,dog
9310,dog
9313,dog
9333,dog
9334,dog
9342,dog
9347,dog
9353,dog
9363,dog
9383,dog
9390,dog
9399,dog
9418,dog
9419,dog
9433,dog
9437,dog
9438,dog
9447,dog
9448,dog
9466,dog
9504,dog
9507,dog
9519,dog
9522,dog
9523,dog
9524,dog
9531,dog
9532,dog
9533,dog
9547,dog
9562,dog
9587,dog
9589,dog
9642,dog
9650,dog
9655,dog
9656,dog
9657,dog
9745,dog
9760,dog
9762,dog
9763,dog
9764,dog
9777,dog
9778,dog
9779,dog
9789,dog
9807,dog
9808,dog
9809,dog
9812,dog
9838,dog
9839,dog
9846,dog
9871,dog
9887,dog
9888,dog
9906,down
9907,down
9923,down
9924,down
9925,down
9926,down
9927,down
9956,down
9957,down
9958,down
9959,down
9960,down
9961,down
10025,down
10026,down
10027,down
10030,down
10032,down
10033,down
10034,down
10086,down
10087,down
10088,down
10101,down
10122,down
10123,down
10124,down
10125,down
10149,down
10150,down
10155,down
10165,down
10181,down
10182,down
10183,down
10184,down
10185,down
10243,down
10276,down
10277,down
10278,down
10279,down
10288,down
10289,down
10290,down
10291,down
10292,down
10295,down
10355,down
10356,down
10357,down
10361,down
10362,down
10363,down
10383,down
10384,down
10401,down
10402,down
10450,down
10465,down
10466,down
10481,down
10483,down
10484,down
10485,down
10491,down
10492,down
10573,down
10578,down
10579,down
10580,down
10581,down
10609,down
10610,down
10611,down
10612,down
10613,down
10639,down
10640,down
10715,down
10762,down
10763,down
10771,down
10826,down
10854,down
10856,down
10857,down
10858,down
10859,down
10860,down
10861,down
10892,down
10893,down
10894,down
10895,down
10896,down
10926,down
10931,down
10932,down
10933,down
10934,down
10935,down
10936,down
10951,down
10952,down
10953,down
10954,down
10956,down
10977,down
10985,down
10986,down
10987,down
10988,down
10989,down
10996,down
10999,down
11031,down
11069,down
11070,down
11071,down
11092,down
11093,down
11138,down
11139,down
11140,down
11141,down
11142,down
11153,down
11155,down
11156,down
11161,down
11162,down
11163,down
11164,down
11165,down
11239,down
11240,down
11241,down
11242,down
11256,down
11278,down
11300,down
11301,down
11313,down
11314,down
11315,down
11326,down
11327,down
11328,down
11329,down
11373,down
11374,down
11375,down
11376,down
11377,down
11381,down
11396,down
11424,down
11425,down
11451,down
11472,down
11473,down
11474,down
11476,down
11492,down
11503,down
11504,down
11508,down
11509,down
11510,down
11536,down
11537,down
11550,down
11551,down
11552,down
11553,down
11559,down
11560,down
11561,down
11562,down
11563,down
11574,down
11575,down
11615,down
11616,down
11617,down
11647,down
11656,down
11657,down
11658,down
11677,down
11678,down
11679,down
11680,down
11681,down
11682,down
11683,down
11689,down
11743,down
11744,down
11745,down
11746,down
11758,down
11762,down
11763,down
11764,down
11765,down
11790,down
11791,down
11792,down
11793,down
11794,down
11795,down
11796,down
11797,down
11798,down
11809,down
11810,down
11811,down
11812,down
11819,down
11877,down
11878,down
11885,down
11889,down
11890,down
11902,down
11903,down
11904,down
11905,down
11906,down
11907,down
11925,down
11926,down
11927,down
11967,down
11987,down
11988,down
11989,down
11990,down
11991,down
11995,down
12006,down
12007,down
12008,down
12009,down
12019,down
12050,down
12051,down
12104,down
12105,down
12106,down
12108,down
12125,down
12126,down
12127,down
12159,down
12171,down
12207,down
12208,down
12209,down
12210,down
12211,down
12243,down
12276,down
12288,down
12395,down
12406,down
12408,down
12409,down
12453,down
12469,down
12470,down
12498,down
12499,down
12518,down
12521,down
12522,down
12523,down
12524,down
12612,down
12617,down
12618,down
12619,down
12620,down
12621,down
12645,down
12646,down
12688,down
12689,down
12690,down
12691,down
12692,down
12709,down
12710,down
12711,down
12712,down
12713,down
12714,down
12752,down
12753,down
12787,down
12788,down
12789,down
12806,down
12807,down
12808,down
12809,down
12810,down
12811,down
12827,down
12828,down
12829,down
12830,down
12832,down
12838,down
12839,down
12840,down
12841,down
12842,down
12875,down
12990,down
12991,down
12992,down
12993,down
12994,down
12995,down
13008,down
13072,down
13073,down
13074,down
13075,down
13130,down
13131,down
13132,down
13133,down
13134,down
13135,down
13138,down
13139,down
13148,down
13160,down
13161,down
13162,down
13164,down
13165,down
13171,down
13186,down
13267,down
13268,down
13269,down
13270,down
13271,down
13326,down
13327,down
13357,down
13358,down
13377,down
13378,down
13379,down
13380,down
13387,down
13389,down
13390,down
13483,down
13526,down
13552,down
13553,down
13554,down
13555,down
13561,down
13582,down
13583,down
13612,down
13613,down
13614,down
13622,down
13626,down
13627,down
13633,down
13683,down
13697,down
13698,down
13700,down
13713,down
13714,down
13715,down
13716,down
13724,down
13725,down
13774,down
13820,eight
13837,eight
13838,eight
13839,eight
13840,eight
13841,eight
13867,eight
13878,eight
13879,eight
13880,eight
13881,eight
13889,eight
13953,eight
13956,eight
13957,eight
13958,eight
13961,eight
14054,eight
14055,eight
14056,eight
14057,eight
14058,eight
14087,eight
14106,eight
14107,eight
14108,eight
14109,eight
14173,eight
14185,eight
14186,eight
14187,eight
14188,eight
14189,eight
14198,eight
14199,eight
14200,eight
14201,eight
14202,eight
14204,eight
14246,eight
14247,eight
14253,eight
14258,eight
14271,eight
14294,eight
14362,eight
14363,eight
14364,eight
14365,eight
14370,eight
14436,eight
14489,eight
14490,eight
14491,eight
14492,eight
14519,eight
14544,eight
14545,eight
14583,eight
14584,eight
14616,eight
14617,eight
14618,eight
14619,eight
14629,eight
14630,eight
14631,eight
14639,eight
14648,eight
14700,eight
14702,eight
14703,eight
14704,eight
14705,eight
14706,eight
14739,eight
14740,eight
14741,eight
14742,eight
14760,eight
14777,eight
14778,eight
14783,eight
14784,eight
14785,eight
14786,eight
14787,eight
14806,eight
14807,eight
14808,eight
14809,eight
14810,eight
14811,eight
14832,eight
14833,eight
14846,eight
14847,eight
14848,eight
14849,eight
14850,eight
14858,eight
14859,eight
14861,eight
14862,eight
14894,eight
14930,eight
14931,eight
14932,eight
14955,eight
14956,eight
14957,eight
14958,eight
14959,eight
15004,eight
15005,eight
15006,eight
15007,eight
15019,eight
15020,eight
15022,eight
15025,eight
15026,eight
15027,eight
15028,eight
15102,eight
15103,eight
15104,eight
15105,eight
15106,eight
15138,eight
15156,eight
15157,eight
15173,eight
15174,eight
15176,eight
15177,eight
15189,eight
15234,eight
15235,eight
15236,eight
15237,eight
15238,eight
15244,eight
15248,eight
15282,eight
15283,eight
15292,eight
15347,eight
15348,eight
15349,eight
15370,eight
15381,eight
15382,eight
15383,eight
15385,eight
15386,eight
15387,eight
15388,eight
15417,eight
15427,eight
15428,eight
15429,eight
15430,eight
15475,eight
15512,eight
15513,eight
15514,eight
15541,eight
15542,eight
15543,eight
15544,eight
15545,eight
15546,eight
15550,eight
15551,eight
15558,eight
15578,eight
15622,eight
15623,eight
15624,eight
15625,eight
15641,eight
15642,eight
15643,eight
15644,eight
15645,eight
15683,eight
15684,eight
15685,eight
15686,eight
15687,eight
15688,eight
15689,eight
15706,eight
15712,eight
15754,eight
15772,eight
15773,eight
15780,eight
15794,eight
15795,eight
15796,eight
15797,eight
15798,eight
15799,eight
15800,eight
15801,eight
15802,eight
15803,eight
15804,eight
15805,eight
15806,eight
15807,eight
15823,eight
15824,eight
15825,eight
15826,eight
15862,eight
15863,eight
15876,eight
15877,eight
15878,eight
15879,eight
15904,eight
15905,eight
15906,eight
15907,eight
15922,eight
15953,eight
15998,eight
16004,eight
16005,eight
16006,eight
16049,eight
16068,eight
16099,eight
16100,eight
16101,eight
16102,eight
16103,eight
16123,eight
16124,eight
16125,eight
16170,eight
16172,eight
16173,eight
16258,eight
16259,eight
16261,eight
16262,eight
16277,eight
16286,eight
16319,eight
16331,eight
16332,eight
16333,eight
16334,eight
16335,eight
16358,eight
16359,eight
16360,eight
16361,eight
16362,eight
16381,eight
16384,eight
16385,eight
16386,eight
16387,eight
16388,eight
16389,eight
16473,eight
16474,eight
16484,eight
16485,eight
16486,eight
16487,eight
16488,eight
16554,eight
16555,eight
16556,eight
16564,eight
16565,eight
16566,eight
16567,eight
16568,eight
16584,eight
16585,eight
16586,eight
16587,eight
16588,eight
16589,eight
16631,eight
16673,eight
16674,eight
16675,eight
16676,eight
16677,eight
16687,eight
16688,eight
16698,eight
16699,eight
16700,eight
16701,eight
16721,eight
16722,eight
16741,eight
16742,eight
16743,eight
16744,eight
16745,eight
16768,eight
16833,eight
16834,eight
16835,eight
16836,eight
16837,eight
16847,eight
16848,eight
16849,eight
16875,eight
16909,eight
16910,eight
16911,eight
16912,eight
16972,eight
16973,eight
16974,eight
16975,eight
16976,eight
16984,eight
17000,eight
17009,eight
17031,eight
17076,eight
17077,eight
17078,eight
17079,eight
17080,eight
17187,eight
17188,eight
17189,eight
17190,eight
17191,eight
17197,eight
17198,eight
17199,eight
17325,eight
17361,eight
17362,eight
17363,eight
17364,eight
17365,eight
17375,eight
17376,eight
17423,eight
17424,eight
17431,eight
17436,eight
17442,eight
17484,eight
17485,eight
17486,eight
17494,eight
17495,eight
17497,eight
17498,eight
17506,eight
17507,eight
17508,eight
17509,eight
17510,eight
17519,eight
17520,eight
17540,eight
17566,eight
17567,eight
17568,eight
17590,eight
17625,five
17626,five
17627,five
17628,five
17629,five
17655,five
17665,five
17666,five
17667,five
17668,five
17669,five
17670,five
17671,five
17677,five
17678,five
17738,five
17739,five
17747,five
17748,five
17811,five
17843,five
17844,five
17845,five
17846,five
17847,five
17902,five
17903,five
17904,five
17905,five
17906,five
17956,five
17957,five
17972,five
17991,five
17992,five
17993,five
17994,five
17995,five
18003,five
18004,five
18005,five
18006,five
18007,five
18008,five
18016,five
18023,five
18024,five
18067,five
18068,five
18072,five
18080,five
18160,five
18197,five
18198,five
18256,five
18257,five
18258,five
18280,five
18281,five
18299,five
18300,five
18345,five
18346,five
18347,five
18348,five
18349,five
18379,five
18384,five
18406,five
18407,five
18547,five
18579,five
18580,five
18581,five
18582,five
18610,five
18613,five
18614,five
18615,five
18616,five
18617,five
18645,five
18648,five
18655,five
18656,five
18657,five
18658,five
18659,five
18660,five
18661,five
18662,five
18682,five
18683,five
18684,five
18685,five
18686,five
18688,five
18689,five
18690,five
18725,five
18726,five
18727,five
18728,five
18729,five
18738,five
18739,five
18815,five
18816,five
18850,five
18851,five
18852,five
18853,five
18854,five
18901,five
18902,five
18903,five
18904,five
18905,five
18915,five
18918,five
18921,five
18922,five
18923,five
19002,five
19003,five
19004,five
19005,five
19006,five
19029,five
19030,five
19047,five
19048,five
19049,five
19050,five
19072,five
19073,five
19074,five
19075,five
19076,five
19090,five
19099,five
19100,five
19101,five
19102,five
19136,five
19157,five
19158,five
19159,five
19160,five
19161,five
19167,five
19182,five
19207,five
19212,five
19213,five
19214,five
19241,five
19262,five
19263,five
19264,five
19265,five
19283,five
19284,five
19295,five
19298,five
19299,five
19300,five
19301,five
19302,five
19303,five
19342,five
19355,five
19362,five
19363,five
19364,five
19365,five
19379,five
19380,five
19407,five
19408,five
19409,five
19450,five
19453,five
19454,five
19455,five
19456,five
19478,five
19479,five
19480,five
19481,five
19482,five
19483,five
19484,five
19485,five
19507,five
19508,five
19509,five
19517,five
19537,five
19581,five
19582,five
19583,five
19584,five
19595,five
19596,five
19597,five
19598,five
19626,five
19627,five
19628,five
19629,five
19630,five
19631,five
19632,five
19633,five
19652,five
19653,five
19654,five
19661,five
19662,five
19686,five
19719,five
19720,five
19721,five
19740,five
19741,five
19742,five
19743,five
19744,five
19745,five
19746,five
19747,five
19748,five
19749,five
19770,five
19771,five
19772,five
19773,five
19774,five
19807,five
19808,five
19825,five
19826,five
19827,five
19828,five
19829,five
19832,five
19850,five
19851,five
19852,five
19863,five
19864,five
19865,five
19866,five
19957,five
19964,five
19968,five
19971,five
19984,five
19985,five
19986,five
19987,five
19988,five
19989,five
19990,five
20022,five
20023,five
20087,five
20088,five
20089,five
20090,five
20091,five
20122,five
20123,five
20158,five
20159,five
20238,five
20249,five
20251,five
20252,five
20253,five
20305,five
20306,five
20317,five
20318,five
20319,five
20320,five
20337,five
20351,five
20352,five
20353,five
20354,five
20355,five
20358,five
20370,five
20371,five
20372,five
20373,five
20374,five
20375,five
20445,five
20446,five
20471,five
20472,five
20473,five
20474,five
20475,five
20542,five
20550,five
20551,five
20552,five
20553,five
20554,five
20572,five
20573,five
20574,five
20575,five
20576,five
20605,five
20606,five
20607,five
20610,five
20611,five
20612,five
20613,five
20633,five
20654,five
20655,five
20656,five
20657,five
20658,five
20659,five
20660,five
20670,five
20671,five
20676,five
20677,five
20678,five
20679,five
20689,five
20690,five
20691,five
20692,five
20731,five
20776,five
20804,five
20827,five
20849,five
20850,five
20851,five
20852,five
20853,five
20854,five
20855,five
20865,five
20890,five
20927,five
20928,five
20929,five
20930,five
20931,five
20980,five
20981,five
20982,five
20983,five
20984,five
20993,five
20994,five
20995,five
21002,five
21023,five
21024,five
21090,five
21093,five
21094,five
21095,five
21096,five
21097,five
21163,five
21201,five
21218,five
21219,five
21220,five
21221,five
21222,five
21245,five
21356,five
21357,five
21358,five
21389,five
21390,five
21391,five
21392,five
21393,five
21418,five
21463,five
21465,five
21519,five
21530,five
21532,five
21533,five
21549,five
21550,five
21551,five
21552,five
21559,five
21616,five
21657,follow
21658,follow
21659,follow
21660,follow
21661,follow
21662,follow
21663,follow
21664,follow
21675,follow
21676,follow
21677,follow
21678,follow
21679,follow
21757,follow
21758,follow
21759,follow
21772,follow
21778,follow
21779,follow
21780,follow
21781,follow
21782,follow
21815,follow
21816,follow
21817,follow
21818,follow
21819,follow
21851,follow
21907,follow
21908,follow
21909,follow
21960,follow
21961,follow
22010,follow
22011,follow
22012,follow
22061,follow
22062,follow
22063,follow
22064,follow
22065,follow
22090,follow
22091,follow
22092,follow
22093,follow
22094,follow
22111,follow
22112,follow
22122,follow
22164,follow
22165,follow
22166,follow
22167,follow
22168,follow
22190,follow
22191,follow
22193,follow
22194,follow
22195,follow
22196,follow
22197,follow
22226,follow
22227,follow
22228,follow
22255,follow
22256,follow
22257,follow
22258,follow
22276,follow
22277,follow
22278,follow
22279,follow
22280,follow
22281,follow
22282,follow
22317,follow
22318,follow
22329,follow
22330,follow
22331,follow
22332,follow
22333,follow
22342,follow
22343,follow
22404,follow
22405,follow
22406,follow
22407,follow
22408,follow
22416,follow
22417,follow
22418,follow
22419,follow
22464,follow
22465,follow
22466,follow
22467,follow
22468,follow
22469,follow
22470,follow
22471,follow
22472,follow
22473,follow
22497,follow
22498,follow
22499,follow
22500,follow
22501,follow
22502,follow
22519,follow
22545,follow
22562,follow
22563,follow
22582,follow
22583,follow
22584,follow
22585,follow
22586,follow
22613,follow
22698,follow
22699,follow
22700,follow
22701,follow
22702,follow
22719,follow
22720,follow
22721,follow
22722,follow
22764,follow
22765,follow
22768,follow
22769,follow
22770,follow
22802,follow
22803,follow
22804,follow
22805,follow
22806,follow
22826,follow
22827,follow
22828,follow
22829,follow
22830,follow
22895,follow
22896,follow
22897,follow
22898,follow
22922,follow
22923,follow
22924,follow
22925,follow
22950,follow
22951,follow
22952,follow
22953,follow
22954,follow
23114,follow
23115,follow
23236,forward
23237,forward
23238,forward
23239,forward
23240,forward
23241,forward
23251,forward
23252,forward
23253,forward
23254,forward
23255,forward
23323,forward
23324,forward
23325,forward
23326,forward
23330,forward
23341,forward
23342,forward
23343,forward
23344,forward
23345,forward
23377,forward
23410,forward
23411,forward
23466,forward
23507,forward
23508,forward
23526,forward
23527,forward
23528,forward
23529,forward
23630,forward
23631,forward
23632,forward
23657,forward
23658,forward
23659,forward
23660,forward
23661,forward
23683,forward
23684,forward
23723,forward
23724,forward
23725,forward
23742,forward
23743,forward
23744,forward
23745,forward
23746,forward
23749,forward
23750,forward
23751,forward
23752,forward
23753,forward
23783,forward
23784,forward
23785,forward
23786,forward
23787,forward
23815,forward
23816,forward
23817,forward
23818,forward
23819,forward
23839,forward
23840,forward
23841,forward
23842,forward
23843,forward
23855,forward
23884,forward
23885,forward
23886,forward
23887,forward
23888,forward
23898,forward
23899,forward
23900,forward
23901,forward
23910,forward
23911,forward
23912,forward
23913,forward
23915,forward
23950,forward
23979,forward
23980,forward
23981,forward
23982,forward
23983,forward
23991,forward
23992,forward
23993,forward
23994,forward
24036,forward
24044,forward
24045,forward
24046,forward
24047,forward
24048,forward
24049,forward
24050,forward
24051,forward
24075,forward
24076,forward
24077,forward
24078,forward
24079,forward
24080,forward
24081,forward
24095,forward
24096,forward
24097,forward
24102,forward
24138,forward
24171,forward
24172,forward
24173,forward
24174,forward
24175,forward
24276,forward
24277,forward
24278,forward
24279,forward
24280,forward
24291,forward
24292,forward
24293,forward
24329,forward
24330,forward
24331,forward
24332,forward
24365,forward
24366,forward
24367,forward
24368,forward
24393,forward
24394,forward
24450,forward
24455,forward
24456,forward
24457,forward
24480,forward
24481,forward
24482,forward
24483,forward
24509,forward
24510,forward
24511,forward
24512,forward
24513,forward
24669,forward
24670,forward
24671,forward
24672,forward
24673,forward
24794,four
24797,four
24807,four
24808,four
24809,four
24810,four
24835,four
24839,four
24840,four
24841,four
24842,four
24843,four
24844,four
24854,four
24855,four
24856,four
24917,four
24924,four
24975,four
24976,four
24987,four
25014,four
25015,four
25016,four
25017,four
25049,four
25056,four
25057,four
25058,four
25059,four
25135,four
25136,four
25137,four
25138,four
25139,four
25147,four
25148,four
25149,four
25150,four
25151,four
25152,four
25156,four
25219,four
25229,four
25230,four
25238,four
25312,four
25344,four
25345,four
25363,four
25364,four
25367,four
25368,four
25432,four
25433,four
25434,four
25476,four
25477,four
25497,four
25500,four
25522,four
25564,four
25565,four
25572,four
25611,four
25612,four
25613,four
25647,four
25665,four
25692,four
25693,four
25694,four
25696,four
25697,four
25698,four
25699,four
25700,four
25701,four
25733,four
25734,four
25735,four
25736,four
25743,four
25754,four
25769,four
25770,four
25771,four
25772,four
25791,four
25792,four
25793,four
25794,four
25795,four
25824,four
25825,four
25834,four
25835,four
25836,four
25837,four
25838,four
25850,four
25889,four
25941,four
25942,four
25943,four
25944,four
25987,four
25988,four
25989,four
25998,four
25999,four
26001,four
26003,four
26004,four
26005,four
26006,four
26081,four
26082,four
26083,four
26084,four
26099,four
26115,four
26141,four
26142,four
26143,four
26148,four
26149,four
26150,four
26151,four
26163,four
26164,four
26182,four
26183,four
26184,four
26185,four
26186,four
26214,four
26215,four
26229,four
26230,four
26231,four
26232,four
26233,four
26242,four
26256,four
26257,four
26258,four
26276,four
26282,four
26283,four
26284,four
26285,four
26286,four
26287,four
26309,four
26332,four
26333,four
26334,four
26335,four
26365,four
26366,four
26367,four
26368,four
26369,four
26370,four
26371,four
26372,four
26421,four
26422,four
26423,four
26424,four
26468,four
26469,four
26511,four
26512,four
26513,four
26531,four
26532,four
26533,four
26534,four
26535,four
26536,four
26537,four
26538,four
26547,four
26565,four
26581,four
26582,four
26621,four
26622,four
26623,four
26624,four
26625,four
26641,four
26642,four
26643,four
26644,four
26645,four
26678,four
26679,four
26680,four
26681,four
26682,four
26692,four
26700,four
26705,four
26732,four
26741,four
26742,four
26743,four
26744,four
26765,four
26766,four
26774,four
26775,four
26776,four
26790,four
26791,four
26792,four
26793,four
26794,four
26795,four
26796,four
26797,four
26798,four
26812,four
26813,four
26814,four
26845,four
26860,four
26861,four
26862,four
26863,four
26866,four
26886,four
26887,four
26900,four
26901,four
26902,four
26986,four
26993,four
26994,four
26999,four
27011,four
27012,four
27013,four
27014,four
27056,four
27057,four
27086,four
27087,four
27088,four
27089,four
27090,four
27116,four
27133,four
27142,four
27144,four
27145,four
27230,four
27235,four
27236,four
27238,four
27239,four
27245,four
27288,four
27289,four
27290,four
27291,four
27292,four
27321,four
27322,four
27337,four
27338,four
27339,four
27402,four
27403,four
27422,four
27431,four
27432,four
27433,four
27495,four
27502,four
27503,four
27504,four
27505,four
27525,four
27526,four
27527,four
27528,four
27529,four
27561,four
27562,four
27563,four
27566,four
27573,four
27583,four
27588,four
27606,four
27607,four
27608,four
27609,four
27610,four
27621,four
27625,four
27626,four
27637,four
27638,four
27639,four
27640,four
27683,four
27703,four
27726,four
27727,four
27744,four
27745,four
27770,four
27771,four
27772,four
27773,four
27774,four
27775,four
27776,four
27785,four
27811,four
27846,four
27847,four
27848,four
27849,four
27850,four
27897,four
27898,four
27899,four
27900,four
27903,four
27921,four
27924,four
27926,four
27936,four
27999,four
28000,four
28004,four
28005,four
28006,four
28007,four
28008,four
28065,four
28066,four
28108,four
28123,four
28124,four
28125,four
28137,four
28160,four
28273,four
28297,four
28298,four
28299,four
28300,four
28324,four
28359,four
28366,four
28367,four
28368,four
28373,four
28374,four
28431,four
28432,four
28433,four
28434,four
28455,four
28456,four
28457,four
28523,go
28527,go
28528,go
28548,go
28549,go
28550,go
28551,go
28552,go
28584,go
28593,go
28594,go
28595,go
28596,go
28597,go
28603,go
28664,go
28665,go
28671,go
28672,go
28746,go
28747,go
28770,go
28771,go
28772,go
28773,go
28774,go
28801,go
28828,go
28829,go
28830,go
28831,go
28832,go
28887,go
28888,go
28908,go
28917,go
28918,go
28919,go
28920,go
28921,go
28929,go
28930,go
28931,go
28932,go
28933,go
28934,go
28948,go
28949,go
28950,go
29035,go
29070,go
29103,go
29124,go
29128,go
29201,go
29202,go
29213,go
29214,go
29249,go
29250,go
29251,go
29252,go
29279,go
29314,go
29352,go
29353,go
29388,go
29389,go
29397,go
29398,go
29407,go
29408,go
29465,go
29498,go
29499,go
29500,go
29501,go
29502,go
29533,go
29534,go
29535,go
29536,go
29537,go
29566,go
29573,go
29574,go
29580,go
29581,go
29582,go
29583,go
29584,go
29585,go
29586,go
29587,go
29588,go
29603,go
29604,go
29605,go
29606,go
29641,go
29642,go
29643,go
29644,go
29645,go
29660,go
29661,go
29662,go
29667,go
29730,go
29756,go
29757,go
29758,go
29759,go
29799,go
29800,go
29801,go
29802,go
29803,go
29813,go
29815,go
29816,go
29817,go
29818,go
29819,go
29907,go
29908,go
29909,go
29910,go
29911,go
29927,go
29928,go
29944,go
29971,go
29972,go
29973,go
29974,go
29987,go
29988,go
29989,go
30001,go
30002,go
30003,go
30055,go
30056,go
30057,go
30058,go
30066,go
30080,go
30081,go
30107,go
30108,go
30109,go
30134,go
30156,go
30157,go
30158,go
30159,go
30160,go
30161,go
30179,go
30192,go
30194,go
30195,go
30196,go
30197,go
30198,go
30199,go
30200,go
30239,go
30245,go
30246,go
30247,go
30258,go
30281,go
30282,go
30283,go
30284,go
30296,go
30333,go
30334,go
30335,go
30336,go
30337,go
30359,go
30360,go
30361,go
30362,go
30363,go
30364,go
30365,go
30366,go
30372,go
30385,go
30386,go
30404,go
30442,go
30443,go
30451,go
30455,go
30456,go
30457,go
30458,go
30459,go
30484,go
30485,go
30486,go
30487,go
30505,go
30532,go
30559,go
30564,go
30576,go
30577,go
30578,go
30579,go
30580,go
30581,go
30582,go
30583,go
30584,go
30585,go
30586,go
30603,go
30604,go
30605,go
30649,go
30650,go
30651,go
30652,go
30653,go
30678,go
30679,go
30680,go
30681,go
30682,go
30691,go
30724,go
30725,go
30726,go
30773,go
30774,go
30783,go
30784,go
30787,go
30800,go
30801,go
30829,go
30840,go
30877,go
30878,go
30879,go
30880,go
30881,go
30908,go
30933,go
30936,go
30947,go
31024,go
31033,go
31041,go
31042,go
31093,go
31094,go
31095,go
31096,go
31097,go
31128,go
31129,go
31135,go
31136,go
31137,go
31151,go
31152,go
31153,go
31154,go
31155,go
31224,go
31242,go
31249,go
31250,go
31251,go
31252,go
31278,go
31313,go
31320,go
31321,go
31322,go
31323,go
31324,go
31340,go
31341,go
31342,go
31343,go
31346,go
31379,go
31380,go
31383,go
31405,go
31414,go
31415,go
31434,go
31435,go
31436,go
31437,go
31438,go
31439,go
31440,go
31457,go
31463,go
31464,go
31465,go
31466,go
31468,go
31477,go
31478,go
31479,go
31480,go
31508,go
31509,go
31550,go
31593,go
31594,go
31595,go
31621,go
31622,go
31623,go
31624,go
31625,go
31626,go
31627,go
31637,go
31662,go
31663,go
31701,go
31702,go
31703,go
31704,go
31758,go
31759,go
31760,go
31761,go
31762,go
31765,go
31774,go
31775,go
31776,go
31788,go
31791,go
31797,go
31806,go
31882,go
31883,go
31885,go
31886,go
31887,go
31888,go
31889,go
31936,go
31997,go
31998,go
31999,go
32000,go
32007,go
32150,go
32151,go
32152,go
32153,go
32157,go
32158,go
32159,go
32184,go
32185,go
32218,go
32231,go
32232,go
32233,go
32234,go
32274,go
32285,go
32286,go
32290,go
32300,go
32301,go
32302,go
32303,go
32332,go
32383,go
32401,happy
32402,happy
32403,happy
32404,happy
32412,happy
32431,happy
32432,happy
32435,happy
32436,happy
32437,happy
32478,happy
32480,happy
32481,happy
32519,happy
32544,happy
32575,happy
32576,happy
32590,happy
32591,happy
32601,happy
32607,happy
32608,happy
32617,happy
32637,happy
32646,happy
32647,happy
32654,happy
32655,happy
32664,happy
32665,happy
32687,happy
32688,happy
32723,happy
32730,happy
32731,happy
32732,happy
32742,happy
32744,happy
32745,happy
32757,happy
32775,happy
32806,happy
32807,happy
32839,happy
32870,happy
32881,happy
32882,happy
32883,happy
32895,happy
32923,happy
32929,happy
32933,happy
32941,happy
32943,happy
32961,happy
32962,happy
32968,happy
32977,happy
32990,happy
32991,happy
33024,happy
33056,happy
33063,happy
33064,happy
33066,happy
33067,happy
33068,happy
33070,happy
33071,happy
33076,happy
33124,happy
33139,happy
33140,happy
33155,happy
33160,happy
33168,happy
33188,happy
33194,happy
33196,happy
33218,happy
33222,happy
33233,happy
33247,happy
33258,happy
33263,happy
33264,happy
33265,happy
33288,happy
33289,happy
33298,happy
33335,happy
33339,happy
33354,happy
33372,happy
33384,happy
33387,happy
33388,happy
33389,happy
33419,happy
33438,happy
33439,happy
33445,happy
33446,happy
33447,happy
33451,happy
33452,happy
33453,happy
33475,happy
33476,happy
33492,happy
33493,happy
33494,happy
33500,happy
33501,happy
33502,happy
33503,happy
33504,happy
33550,happy
33554,happy
33567,happy
33573,happy
33574,happy
33575,happy
33587,happy
33588,happy
33608,happy
33609,happy
33616,happy
33619,happy
33634,happy
33635,happy
33651,happy
33663,happy
33686,happy
33694,happy
33695,happy
33703,happy
33707,happy
33743,happy
33744,happy
33751,happy
33752,happy
33780,happy
33809,happy
33810,happy
33819,happy
33820,happy
33872,happy
33885,happy
33911,happy
33927,happy
33928,happy
33931,happy
33932,happy
33935,happy
33952,happy
33953,happy
33954,happy
33955,happy
33956,happy
33957,happy
33961,happy
33963,happy
33987,happy
33999,happy
34032,happy
34036,happy
34042,happy
34056,happy
34090,happy
34093,happy
34102,happy
34103,happy
34110,happy
34111,happy
34113,happy
34125,happy
34126,happy
34156,happy
34157,happy
34160,happy
34180,happy
34181,happy
34182,happy
34183,happy
34201,happy
34208,happy
34212,happy
34233,happy
34302,happy
34305,happy
34336,happy
34341,happy
34352,happy
34353,happy
34354,happy
34391,happy
34395,happy
34396,happy
34397,happy
34398,happy
34403,happy
34409,happy
34419,happy
34439,happy
34455,house
34459,house
34469,house
34485,house
34486,house
34490,house
34491,house
34497,house
34498,house
34527,house
34535,house
34536,house
34537,house
34568,house
34569,house
34570,house
34576,house
34577,house
34588,house
34641,house
34650,house
34656,house
34662,house
34665,house
34666,house
34729,house
34740,house
34765,house
34777,house
34778,house
34784,house
34804,house
34805,house
34811,house
34812,house
34813,house
34821,house
34836,house
34853,house
34882,house
34883,house
34902,house
34903,house
34904,house
34913,house
34946,house
34947,house
34951,house
34952,house
34964,house
34965,house
34966,house
34967,house
34977,house
34984,house
34998,house
34999,house
35008,house
35012,house
35013,house
35019,house
35021,house
35028,house
35029,house
35030,house
35031,house
35050,house
35055,house
35098,house
35117,house
35138,house
35151,house
35188,house
35202,house
35203,house
35206,house
35207,house
35216,house
35218,house
35223,house
35224,house
35226,house
35260,house
35268,house
35270,house
35271,house
35293,house
35317,house
35318,house
35331,house
35334,house
35363,house
35371,house
35383,house
35384,house
35385,house
35409,house
35410,house
35421,house
35441,house
35442,house
35443,house
35444,house
35451,house
35469,house
35470,house
35471,house
35483,house
35505,house
35519,house
35536,house
35537,house
35538,house
35544,house
35545,house
35555,house
35589,house
35598,house
35617,house
35653,house
35676,house
35677,house
35720,house
35721,house
35723,house
35733,house
35734,house
35746,house
35747,house
35780,house
35807,house
35811,house
35812,house
35879,house
35882,house
35883,house
35884,house
35885,house
35888,house
35909,house
35914,house
35929,house
35930,house
35943,house
35944,house
35945,house
35961,house
35962,house
35995,house
35996,house
36003,house
36018,house
36019,house
36035,house
36036,house
36039,house
36051,house
36052,house
36055,house
36069,house
36073,house
36074,house
36095,house
36096,house
36104,house
36105,house
36112,house
36129,house
36130,house
36148,house
36169,house
36170,house
36171,house
36172,house
36184,house
36185,house
36197,house
36212,house
36239,house
36253,house
36270,house
36280,house
36310,house
36362,house
36366,house
36367,house
36369,house
36370,house
36383,house
36424,house
36425,house
36438,house
36451,house
36453,house
36462,house
36488,house
36489,house
36490,house
36511,house
36518,house
36519,house
36520,house
36521,house
36525,house
36529,house
36536,house
36537,house
36552,house
36553,house
36554,house
36565,house
36566,house
36569,learn
36570,learn
36571,learn
36572,learn
36573,learn
36574,learn
36581,learn
36582,learn
36583,learn
36584,learn
36585,learn
36663,learn
36664,learn
36665,learn
36666,learn
36667,learn
36673,learn
36686,learn
36688,learn
36689,learn
36690,learn
36726,learn
36727,learn
36728,learn
36729,learn
36730,learn
36761,learn
36814,learn
36865,learn
36866,learn
36867,learn
36868,learn
36910,learn
36959,learn
36960,learn
36961,learn
36962,learn
36991,learn
36992,learn
36993,learn
36994,learn
37014,learn
37015,learn
37024,learn
37068,learn
37069,learn
37070,learn
37093,learn
37094,learn
37095,learn
37096,learn
37098,learn
37099,learn
37100,learn
37131,learn
37132,learn
37133,learn
37134,learn
37163,learn
37164,learn
37165,learn
37166,learn
37191,learn
37192,learn
37193,learn
37194,learn
37195,learn
37210,learn
37211,learn
37241,learn
37242,learn
37243,learn
37244,learn
37254,learn
37255,learn
37256,learn
37257,learn
37266,learn
37267,learn
37300,learn
37322,learn
37323,learn
37324,learn
37325,learn
37326,learn
37331,learn
37332,learn
37333,learn
37334,learn
37374,learn
37382,learn
37383,learn
37384,learn
37385,learn
37386,learn
37410,learn
37411,learn
37412,learn
37413,learn
37414,learn
37415,learn
37431,learn
37432,learn
37433,learn
37464,learn
37465,learn
37466,learn
37501,learn
37502,learn
37503,learn
37504,learn
37510,learn
37530,learn
37612,learn
37613,learn
37614,learn
37615,learn
37616,learn
37617,learn
37631,learn
37632,learn
37633,learn
37634,learn
37635,learn
37667,learn
37668,learn
37669,learn
37670,learn
37699,learn
37700,learn
37701,learn
37702,learn
37703,learn
37704,learn
37726,learn
37727,learn
37728,learn
37770,learn
37778,learn
37804,learn
37805,learn
37806,learn
37807,learn
37808,learn
37833,learn
37834,learn
37835,learn
37836,learn
37837,learn
37863,learn
37864,learn
37865,learn
38027,learn
38028,learn
38029,learn
38030,learn
38031,learn
38145,left
38148,left
38164,left
38165,left
38166,left
38167,left
38168,left
38195,left
38205,left
38206,left
38207,left
38208,left
38209,left
38210,left
38216,left
38277,left
38279,left
38373,left
38374,left
38375,left
38397,left
38398,left
38424,left
38425,left
38426,left
38427,left
38428,left
38473,left
38489,left
38505,left
38506,left
38507,left
38508,left
38517,left
38518,left
38519,left
38520,left
38521,left
38579,left
38584,left
38588,left
38598,left
38620,left
38663,left
38682,left
38698,left
38762,left
38787,left
38799,left
38835,left
38836,left
38837,left
38838,left
38839,left
38865,left
38896,left
38897,left
38939,left
38945,left
38967,left
38977,left
38985,left
38986,left
39019,left
39067,left
39068,left
39069,left
39071,left
39072,left
39073,left
39074,left
39075,left
39102,left
39103,left
39104,left
39105,left
39106,left
39138,left
39143,left
39144,left
39151,left
39152,left
39153,left
39154,left
39155,left
39156,left
39174,left
39175,left
39176,left
39177,left
39178,left
39180,left
39207,left
39215,left
39216,left
39217,left
39218,left
39228,left
39325,left
39326,left
39327,left
39328,left
39367,left
39368,left
39369,left
39370,left
39380,left
39382,left
39383,left
39385,left
39388,left
39389,left
39390,left
39391,left
39392,left
39476,left
39477,left
39478,left
39479,left
39480,left
39511,left
39512,left
39513,left
39533,left
39538,left
39539,left
39540,left
39570,left
39571,left
39572,left
39573,left
39602,left
39603,left
39604,left
39620,left
39621,left
39622,left
39623,left
39624,left
39628,left
39637,left
39638,left
39639,left
39640,left
39664,left
39665,left
39666,left
39675,left
39702,left
39728,left
39729,left
39730,left
39746,left
39756,left
39758,left
39759,left
39760,left
39761,left
39762,left
39763,left
39790,left
39791,left
39792,left
39805,left
39806,left
39807,left
39880,left
39881,left
39882,left
39890,left
39891,left
39892,left
39893,left
39914,left
39915,left
39916,left
39917,left
39918,left
39923,left
39924,left
39940,left
39946,left
40001,left
40002,left
40017,left
40018,left
40019,left
40020,left
40041,left
40042,left
40043,left
40044,left
40045,left
40046,left
40047,left
40048,left
40049,left
40067,left
40068,left
40069,left
40070,left
40077,left
40101,left
40102,left
40103,left
40112,left
40134,left
40141,left
40144,left
40154,left
40155,left
40156,left
40157,left
40158,left
40159,left
40160,left
40161,left
40162,left
40180,left
40181,left
40182,left
40219,left
40230,left
40231,left
40232,left
40233,left
40234,left
40256,left
40257,left
40268,left
40269,left
40270,left
40271,left
40303,left
40304,left
40305,left
40347,left
40348,left
40355,left
40356,left
40359,left
40369,left
40370,left
40371,left
40372,left
40373,left
40403,left
40467,left
40468,left
40469,left
40470,left
40471,left
40495,left
40516,left
40605,left
40606,left
40614,left
40615,left
40659,left
40661,left
40672,left
40673,left
40674,left
40684,left
40698,left
40705,left
40706,left
40724,left
40725,left
40726,left
40727,left
40728,left
40809,left
40811,left
40812,left
40813,left
40814,left
40815,left
40881,left
40882,left
40889,left
40890,left
40891,left
40892,left
40893,left
40908,left
40909,left
40910,left
40911,left
40912,left
40950,left
40951,left
40956,left
40970,left
40991,left
40992,left
40993,left
40994,left
40995,left
41007,left
41010,left
41011,left
41012,left
41013,left
41026,left
41027,left
41028,left
41029,left
41030,left
41038,left
41065,left
41079,left
41080,left
41128,left
41151,left
41152,left
41153,left
41154,left
41164,left
41229,left
41230,left
41231,left
41232,left
41233,left
41292,left
41293,left
41294,left
41309,left
41317,left
41318,left
41319,left
41320,left
41321,left
41324,left
41337,left
41354,left
41397,left
41398,left
41400,left
41401,left
41402,left
41462,left
41518,left
41519,left
41520,left
41521,left
41530,left
41532,left
41533,left
41549,left
41617,left
41618,left
41649,left
41650,left
41680,left
41681,left
41682,left
41683,left
41684,left
41690,left
41707,left
41738,left
41752,left
41753,left
41760,left
41761,left
41807,left
41808,left
41809,left
41810,left
41820,left
41821,left
41824,left
41837,left
41838,left
41839,left
41840,left
41841,left
41900,left
41901,left
41922,left
41948,marvin
41957,marvin
41985,marvin
41986,marvin
41993,marvin
42020,marvin
42021,marvin
42022,marvin
42024,marvin
42025,marvin
42057,marvin
42071,marvin
42085,marvin
42117,marvin
42118,marvin
42134,marvin
42140,marvin
42141,marvin
42144,marvin
42145,marvin
42158,marvin
42159,marvin
42160,marvin
42185,marvin
42186,marvin
42187,marvin
42195,marvin
42201,marvin
42236,marvin
42245,marvin
42246,marvin
42254,marvin
42255,marvin
42256,marvin
42271,marvin
42282,marvin
42291,marvin
42292,marvin
42293,marvin
42346,marvin
42347,marvin
42348,marvin
42366,marvin
42369,marvin
42392,marvin
42416,marvin
42436,marvin
42437,marvin
42442,marvin
42448,marvin
42458,marvin
42459,marvin
42478,marvin
42484,marvin
42494,marvin
42510,marvin
42515,marvin
42521,marvin
42522,marvin
42523,marvin
42561,marvin
42573,marvin
42595,marvin
42609,marvin
42610,marvin
42615,marvin
42656,marvin
42679,marvin
42680,marvin
42696,marvin
42697,marvin
42707,marvin
42728,marvin
42736,marvin
42743,marvin
42744,marvin
42754,marvin
42755,marvin
42759,marvin
42760,marvin
42765,marvin
42766,marvin
42767,marvin
42768,marvin
42799,marvin
42817,marvin
42820,marvin
42821,marvin
42822,marvin
42835,marvin
42841,marvin
42856,marvin
42857,marvin
42870,marvin
42885,marvin
42886,marvin
42893,marvin
42902,marvin
42905,marvin
42921,marvin
42927,marvin
42937,marvin
42950,marvin
42962,marvin
42988,marvin
42989,marvin
42990,marvin
42997,marvin
42998,marvin
42999,marvin
43000,marvin
43003,marvin
43004,marvin
43005,marvin
43006,marvin
43028,marvin
43043,marvin
43047,marvin
43061,marvin
43090,marvin
43091,marvin
43092,marvin
43093,marvin
43103,marvin
43105,marvin
43118,marvin
43123,marvin
43124,marvin
43167,marvin
43170,marvin
43177,marvin
43180,marvin
43181,marvin
43202,marvin
43203,marvin
43217,marvin
43250,marvin
43254,marvin
43262,marvin
43265,marvin
43304,marvin
43305,marvin
43309,marvin
43311,marvin
43340,marvin
43359,marvin
43366,marvin
43413,marvin
43419,marvin
43431,marvin
43432,marvin
43441,marvin
43446,marvin
43449,marvin
43458,marvin
43478,marvin
43479,marvin
43490,marvin
43491,marvin
43501,marvin
43502,marvin
43503,marvin
43507,marvin
43515,marvin
43516,marvin
43517,marvin
43518,marvin
43527,marvin
43528,marvin
43531,marvin
43534,marvin
43544,marvin
43545,marvin
43563,marvin
43564,marvin
43571,marvin
43586,marvin
43606,marvin
43607,marvin
43612,marvin
43636,marvin
43669,marvin
43670,marvin
43686,marvin
43695,marvin
43745,marvin
43775,marvin
43776,marvin
43777,marvin
43798,marvin
43813,marvin
43814,marvin
43817,marvin
43818,marvin
43832,marvin
43902,marvin
43904,marvin
43905,marvin
43934,marvin
43939,marvin
43947,marvin
43970,marvin
43976,marvin
43977,marvin
43978,marvin
43979,marvin
43984,marvin
43990,marvin
44017,marvin
44018,marvin
44061,nine
44062,nine
44063,nine
44064,nine
44095,nine
44104,nine
44105,nine
44106,nine
44107,nine
44108,nine
44183,nine
44186,nine
44187,nine
44191,nine
44248,nine
44261,nine
44262,nine
44286,nine
44287,nine
44288,nine
44289,nine
44290,nine
44315,nine
44316,nine
44321,nine
44322,nine
44347,nine
44348,nine
44349,nine
44412,nine
44413,nine
44430,nine
44431,nine
44449,nine
44450,nine
44451,nine
44452,nine
44464,nine
44465,nine
44466,nine
44467,nine
44468,nine
44473,nine
44474,nine
44518,nine
44519,nine
44520,nine
44530,nine
44538,nine
44554,nine
44555,nine
44556,nine
44557,nine
44558,nine
44613,nine
44628,nine
44645,nine
44646,nine
44647,nine
44648,nine
44649,nine
44671,nine
44672,nine
44673,nine
44674,nine
44727,nine
44748,nine
44776,nine
44777,nine
44811,nine
44812,nine
44813,nine
44814,nine
44815,nine
44830,nine
44831,nine
44834,nine
44964,nine
44976,nine
44977,nine
44999,nine
45001,nine
45027,nine
45028,nine
45029,nine
45030,nine
45031,nine
45032,nine
45033,nine
45034,nine
45058,nine
45064,nine
45065,nine
45066,nine
45067,nine
45094,nine
45102,nine
45103,nine
45104,nine
45105,nine
45106,nine
45107,nine
45121,nine
45122,nine
45123,nine
45124,nine
45125,nine
45158,nine
45159,nine
45160,nine
45161,nine
45170,nine
45244,nine
45245,nine
45274,nine
45275,nine
45276,nine
45326,nine
45327,nine
45328,nine
45329,nine
45330,nine
45341,nine
45344,nine
45345,nine
45346,nine
45349,nine
45350,nine
45351,nine
45352,nine
45415,nine
45416,nine
45417,nine
45430,nine
45447,nine
45448,nine
45449,nine
45450,nine
45451,nine
45480,nine
45481,nine
45482,nine
45483,nine
45484,nine
45501,nine
45502,nine
45503,nine
45508,nine
45520,nine
45521,nine
45522,nine
45523,nine
45575,nine
45576,nine
45577,nine
45578,nine
45579,nine
45600,nine
45619,nine
45620,nine
45624,nine
45632,nine
45633,nine
45682,nine
45683,nine
45684,nine
45685,nine
45709,nine
45710,nine
45711,nine
45718,nine
45719,nine
45720,nine
45721,nine
45722,nine
45751,nine
45768,nine
45769,nine
45775,nine
45776,nine
45777,nine
45778,nine
45779,nine
45794,nine
45832,nine
45833,nine
45867,nine
45873,nine
45874,nine
45875,nine
45876,nine
45877,nine
45901,nine
45902,nine
45903,nine
45904,nine
45905,nine
45906,nine
45907,nine
45908,nine
45912,nine
45925,nine
45931,nine
45947,nine
45976,nine
45977,nine
45978,nine
45979,nine
45991,nine
45992,nine
45993,nine
45994,nine
45995,nine
46027,nine
46028,nine
46029,nine
46030,nine
46031,nine
46032,nine
46051,nine
46059,nine
46089,nine
46126,nine
46129,nine
46130,nine
46131,nine
46143,nine
46144,nine
46145,nine
46146,nine
46147,nine
46163,nine
46164,nine
46165,nine
46202,nine
46203,nine
46204,nine
46205,nine
46221,nine
46222,nine
46223,nine
46224,nine
46225,nine
46242,nine
46243,nine
46252,nine
46288,nine
46340,nine
46343,nine
46350,nine
46351,nine
46363,nine
46364,nine
46365,nine
46366,nine
46367,nine
46368,nine
46369,nine
46398,nine
46399,nine
46414,nine
46447,nine
46448,nine
46449,nine
46450,nine
46527,nine
46530,nine
46531,nine
46532,nine
46533,nine
46626,nine
46627,nine
46638,nine
46639,nine
46640,nine
46686,nine
46687,nine
46688,nine
46701,nine
46702,nine
46715,nine
46727,nine
46728,nine
46729,nine
46730,nine
46735,nine
46736,nine
46737,nine
46738,nine
46751,nine
46752,nine
46753,nine
46754,nine
46816,nine
46841,nine
46842,nine
46843,nine
46844,nine
46875,nine
46876,nine
46916,nine
46917,nine
46918,nine
46919,nine
46920,nine
46937,nine
46938,nine
46939,nine
46940,nine
46977,nine
47017,nine
47036,nine
47037,nine
47038,nine
47039,nine
47040,nine
47041,nine
47042,nine
47043,nine
47051,nine
47053,nine
47054,nine
47056,nine
47057,nine
47067,nine
47068,nine
47069,nine
47070,nine
47071,nine
47095,nine
47133,nine
47160,nine
47205,nine
47206,nine
47207,nine
47208,nine
47218,nine
47239,nine
47240,nine
47241,nine
47276,nine
47277,nine
47278,nine
47279,nine
47336,nine
47337,nine
47338,nine
47339,nine
47340,nine
47349,nine
47354,nine
47372,nine
47373,nine
47437,nine
47438,nine
47439,nine
47440,nine
47441,nine
47533,nine
47534,nine
47535,nine
47552,nine
47553,nine
47554,nine
47555,nine
47580,nine
47660,nine
47694,nine
47725,nine
47726,nine
47727,nine
47728,nine
47729,nine
47736,nine
47758,nine
47788,nine
47795,nine
47796,nine
47797,nine
47805,nine
47866,nine
47867,nine
47868,nine
47869,nine
47870,nine
47880,nine
47901,nine
47902,nine
47903,nine
47932,nine
47948,nine
47949,nine
47991,no
47992,no
47993,no
47994,no
47995,no
48031,no
48032,no
48033,no
48034,no
48035,no
48103,no
48104,no
48108,no
48166,no
48167,no
48206,no
48207,no
48208,no
48209,no
48210,no
48229,no
48230,no
48231,no
48241,no
48257,no
48258,no
48259,no
48333,no
48353,no
48370,no
48371,no
48372,no
48373,no
48374,no
48382,no
48383,no
48384,no
48385,no
48386,no
48387,no
48400,no
48401,no
48444,no
48445,no
48446,no
48453,no
48457,no
48458,no
48469,no
48519,no
48520,no
48556,no
48557,no
48576,no
48577,no
48578,no
48579,no
48713,no
48714,no
48715,no
48741,no
48803,no
48866,no
48903,no
48930,no
48934,no
48935,no
48936,no
48937,no
48938,no
48966,no
48967,no
48968,no
48969,no
48998,no
49002,no
49008,no
49009,no
49010,no
49011,no
49012,no
49029,no
49030,no
49031,no
49032,no
49033,no
49034,no
49061,no
49062,no
49063,no
49064,no
49073,no
49074,no
49076,no
49103,no
49104,no
49105,no
49145,no
49165,no
49166,no
49167,no
49168,no
49214,no
49215,no
49216,no
49217,no
49218,no
49229,no
49230,no
49232,no
49233,no
49237,no
49238,no
49239,no
49240,no
49244,no
49245,no
49246,no
49247,no
49327,no
49328,no
49329,no
49330,no
49331,no
49367,no
49368,no
49389,no
49390,no
49391,no
49392,no
49393,no
49408,no
49409,no
49411,no
49412,no
49413,no
49426,no
49427,no
49428,no
49458,no
49474,no
49475,no
49476,no
49477,no
49496,no
49497,no
49498,no
49522,no
49528,no
49529,no
49586,no
49587,no
49588,no
49589,no
49590,no
49609,no
49617,no
49619,no
49620,no
49621,no
49622,no
49623,no
49654,no
49666,no
49671,no
49672,no
49673,no
49674,no
49685,no
49686,no
49687,no
49714,no
49755,no
49765,no
49766,no
49767,no
49768,no
49790,no
49791,no
49792,no
49793,no
49794,no
49795,no
49796,no
49797,no
49798,no
49820,no
49821,no
49836,no
49868,no
49869,no
49870,no
49871,no
49881,no
49882,no
49883,no
49884,no
49885,no
49910,no
49911,no
49912,no
49913,no
49914,no
49915,no
49931,no
49938,no
49939,no
49946,no
49980,no
49981,no
49991,no
49992,no
49993,no
50012,no
50013,no
50033,no
50034,no
50035,no
50036,no
50037,no
50038,no
50039,no
50040,no
50041,no
50042,no
50043,no
50044,no
50045,no
50046,no
50068,no
50069,no
50070,no
50123,no
50124,no
50125,no
50126,no
50127,no
50131,no
50153,no
50154,no
50155,no
50201,no
50202,no
50203,no
50253,no
50259,no
50260,no
50277,no
50278,no
50279,no
50280,no
50355,no
50356,no
50357,no
50358,no
50359,no
50386,no
50387,no
50421,no
50422,no
50430,no
50433,no
50520,no
50521,no
50531,no
50532,no
50533,no
50539,no
50540,no
50541,no
50578,no
50594,no
50595,no
50596,no
50597,no
50598,no
50615,no
50616,no
50617,no
50660,no
50661,no
50662,no
50663,no
50720,no
50741,no
50742,no
50743,no
50744,no
50819,no
50820,no
50821,no
50822,no
50839,no
50840,no
50841,no
50842,no
50843,no
50882,no
50883,no
50884,no
50889,no
50895,no
50896,no
50916,no
50917,no
50924,no
50943,no
50944,no
50945,no
50946,no
50947,no
50960,no
50961,no
50962,no
50963,no
50965,no
50974,no
50975,no
50976,no
50977,no
50978,no
51014,no
51015,no
51044,no
51074,no
51119,no
51143,no
51144,no
51145,no
51146,no
51147,no
51148,no
51163,no
51164,no
51188,no
51189,no
51229,no
51230,no
51231,no
51232,no
51233,no
51277,no
51278,no
51279,no
51280,no
51281,no
51282,no
51290,no
51299,no
51305,no
51306,no
51320,no
51321,no
51383,no
51384,no
51385,no
51386,no
51387,no
51388,no
51439,no
51440,no
51474,no
51496,no
51497,no
51498,no
51499,no
51500,no
51511,no
51514,no
51535,no
51536,no
51605,no
51667,no
51668,no
51669,no
51670,no
51671,no
51676,no
51677,no
51678,no
51734,no
51735,no
51736,no
51739,no
51745,no
51802,no
51814,no
51815,no
51816,no
51817,no
51845,no
51846,no
51893,no
51937,off
51938,off
51939,off
51940,off
51941,off
51967,off
51968,off
51975,off
51976,off
51977,off
51978,off
52040,off
52041,off
52115,off
52139,off
52140,off
52141,off
52142,off
52166,off
52193,off
52194,off
52195,off
52196,off
52197,off
52268,off
52281,off
52282,off
52283,off
52284,off
52285,off
52293,off
52294,off
52295,off
52296,off
52297,off
52298,off
52301,off
52310,off
52311,off
52357,off
52358,off
52367,off
52380,off
52381,off
52382,off
52399,off
52400,off
52401,off
52444,off
52445,off
52457,off
52458,off
52459,off
52479,off
52480,off
52527,off
52528,off
52561,off
52595,off
52596,off
52597,off
52598,off
52624,off
52625,off
52628,off
52629,off
52702,off
52732,off
52733,off
52744,off
52745,off
52771,off
52807,off
52811,off
52812,off
52843,off
52844,off
52845,off
52846,off
52847,off
52848,off
52871,off
52872,off
52873,off
52874,off
52906,off
52907,off
52908,off
52914,off
52915,off
52917,off
52918,off
52919,off
52920,off
52921,off
52923,off
52939,off
52940,off
52941,off
52942,off
52975,off
52976,off
52977,off
52978,off
52989,off
52990,off
52991,off
53060,off
53084,off
53085,off
53086,off
53134,off
53135,off
53136,off
53137,off
53138,off
53147,off
53148,off
53149,off
53150,off
53151,off
53152,off
53153,off
53227,off
53228,off
53229,off
53230,off
53262,off
53288,off
53294,off
53295,off
53296,off
53297,off
53298,off
53310,off
53311,off
53312,off
53313,off
53314,off
53324,off
53325,off
53357,off
53377,off
53378,off
53379,off
53380,off
53390,off
53404,off
53428,off
53434,off
53441,off
53459,off
53482,off
53483,off
53484,off
53485,off
53486,off
53507,off
53517,off
53519,off
53520,off
53521,off
53522,off
53523,off
53524,off
53554,off
53572,off
53573,off
53574,off
53575,off
53612,off
53622,off
53658,off
53659,off
53666,off
53667,off
53668,off
53690,off
53691,off
53692,off
53693,off
53695,off
53732,off
53733,off
53780,off
53781,off
53782,off
53783,off
53784,off
53793,off
53794,off
53795,off
53829,off
53830,off
53831,off
53832,off
53833,off
53843,off
53844,off
53845,off
53850,off
53915,off
53916,off
53935,off
53936,off
53937,off
53938,off
53939,off
53940,off
53941,off
53959,off
53960,off
53961,off
53962,off
54001,off
54019,off
54020,off
54021,off
54022,off
54023,off
54044,off
54045,off
54058,off
54059,off
54089,off
54134,off
54135,off
54136,off
54151,off
54152,off
54163,off
54190,off
54208,off
54209,off
54210,off
54237,off
54238,off
54239,off
54240,off
54241,off
54290,off
54303,off
54304,off
54386,off
54387,off
54391,off
54400,off
54422,off
54425,off
54426,off
54428,off
54441,off
54442,off
54443,off
54444,off
54445,off
54469,off
54470,off
54471,off
54472,off
54478,off
54492,off
54493,off
54494,off
54495,off
54496,off
54497,off
54498,off
54579,off
54586,off
54587,off
54588,off
54589,off
54649,off
54654,off
54655,off
54656,off
54657,off
54658,off
54674,off
54675,off
54676,off
54677,off
54678,off
54679,off
54713,off
54717,off
54718,off
54724,off
54763,off
54764,off
54765,off
54766,off
54767,off
54768,off
54769,off
54777,off
54778,off
54783,off
54784,off
54785,off
54786,off
54794,off
54795,off
54796,off
54797,off
54853,off
54854,off
54883,off
54924,off
54925,off
54926,off
54927,off
54928,off
54998,off
54999,off
55000,off
55047,off
55048,off
55049,off
55050,off
55051,off
55052,off
55059,off
55060,off
55061,off
55072,off
55074,off
55080,off
55106,off
55152,off
55153,off
55154,off
55157,off
55158,off
55159,off
55160,off
55161,off
55243,off
55244,off
55258,off
55259,off
55260,off
55261,off
55262,off
55272,off
55418,off
55419,off
55420,off
55427,off
55428,off
55444,off
55473,off
55474,off
55483,off
55493,off
55499,off
55500,off
55539,off
55540,off
55541,off
55542,off
55543,off
55544,off
55553,off
55554,off
55567,off
55568,off
55569,off
55570,off
55591,off
55592,off
55593,off
55637,off
55681,on
55682,on
55683,on
55684,on
55718,on
55719,on
55720,on
55721,on
55722,on
55723,on
55789,on
55790,on
55794,on
55795,on
55847,on
55848,on
55860,on
55880,on
55881,on
55882,on
55883,on
55906,on
55934,on
55935,on
55936,on
55952,on
55988,on
56006,on
56007,on
56024,on
56025,on
56026,on
56039,on
56040,on
56041,on
56042,on
56043,on
56044,on
56048,on
56049,on
56050,on
56051,on
56107,on
56124,on
56175,on
56176,on
56193,on
56208,on
56225,on
56226,on
56227,on
56228,on
56229,on
56231,on
56232,on
56293,on
56294,on
56307,on
56309,on
56350,on
56351,on
56352,on
56353,on
56354,on
56400,on
56401,on
56474,on
56482,on
56492,on
56513,on
56514,on
56527,on
56528,on
56552,on
56583,on
56584,on
56585,on
56586,on
56587,on
56588,on
56616,on
56617,on
56618,on
56619,on
56620,on
56633,on
56634,on
56659,on
56660,on
56661,on
56662,on
56663,on
56664,on
56668,on
56678,on
56679,on
56680,on
56681,on
56683,on
56684,on
56717,on
56718,on
56719,on
56720,on
56721,on
56729,on
56793,on
56794,on
56795,on
56823,on
56824,on
56825,on
56870,on
56871,on
56872,on
56873,on
56874,on
56884,on
56890,on
56891,on
56892,on
56893,on
56974,on
56975,on
57015,on
57016,on
57020,on
57021,on
57022,on
57023,on
57046,on
57051,on
57052,on
57053,on
57054,on
57055,on
57069,on
57070,on
57071,on
57072,on
57073,on
57074,on
57075,on
57091,on
57092,on
57144,on
57145,on
57146,on
57167,on
57168,on
57196,on
57240,on
57241,on
57242,on
57243,on
57244,on
57248,on
57272,on
57273,on
57279,on
57280,on
57281,on
57282,on
57283,on
57319,on
57328,on
57329,on
57339,on
57340,on
57373,on
57410,on
57419,on
57420,on
57421,on
57422,on
57447,on
57448,on
57449,on
57450,on
57451,on
57452,on
57453,on
57468,on
57472,on
57473,on
57539,on
57540,on
57541,on
57542,on
57551,on
57555,on
57556,on
57557,on
57558,on
57559,on
57584,on
57585,on
57586,on
57587,on
57588,on
57589,on
57590,on
57605,on
57606,on
57613,on
57643,on
57644,on
57656,on
57681,on
57682,on
57693,on
57694,on
57695,on
57696,on
57697,on
57698,on
57699,on
57700,on
57701,on
57702,on
57703,on
57704,on
57705,on
57706,on
57707,on
57725,on
57726,on
57783,on
57784,on
57785,on
57786,on
57787,on
57800,on
57808,on
57844,on
57845,on
57912,on
57913,on
57914,on
57925,on
57926,on
57927,on
57928,on
57929,on
57930,on
57931,on
57960,on
57961,on
57976,on
57977,on
58007,on
58008,on
58009,on
58010,on
58011,on
58034,on
58144,on
58146,on
58154,on
58155,on
58157,on
58164,on
58215,on
58216,on
58217,on
58218,on
58219,on
58232,on
58247,on
58248,on
58249,on
58250,on
58266,on
58267,on
58268,on
58269,on
58270,on
58271,on
58272,on
58366,on
58367,on
58368,on
58369,on
58370,on
58436,on
58437,on
58443,on
58444,on
58445,on
58446,on
58447,on
58467,on
58468,on
58469,on
58470,on
58471,on
58500,on
58524,on
58536,on
58537,on
58538,on
58558,on
58559,on
58560,on
58561,on
58562,on
58563,on
58576,on
58577,on
58578,on
58579,on
58580,on
58582,on
58586,on
58587,on
58588,on
58589,on
58620,on
58646,on
58664,on
58725,on
58726,on
58727,on
58728,on
58729,on
58765,on
58766,on
58801,on
58802,on
58803,on
58804,on
58861,on
58862,on
58863,on
58864,on
58865,on
58873,on
58878,on
58879,on
58898,on
58920,on
58921,on
58922,on
58923,on
58970,on
58971,on
58972,on
58973,on
59031,on
59032,on
59075,on
59092,on
59093,on
59094,on
59095,on
59096,on
59113,on
59114,on
59131,on
59132,on
59200,on
59232,on
59259,on
59260,on
59261,on
59262,on
59263,on
59267,on
59268,on
59269,on
59270,on
59291,on
59320,on
59321,on
59322,on
59353,on
59391,on
59392,on
59407,on
59408,on
59409,on
59410,on
59469,on
59489,on
59525,one
59526,one
59527,one
59528,one
59557,one
59565,one
59566,one
59567,one
59568,one
59579,one
59648,one
59653,one
59698,one
59713,one
59740,one
59741,one
59742,one
59743,one
59744,one
59772,one
59774,one
59775,one
59797,one
59798,one
59799,one
59800,one
59801,one
59866,one
59876,one
59877,one
59878,one
59879,one
59880,one
59892,one
59893,one
59894,one
59895,one
59896,one
59897,one
59913,one
59957,one
59958,one
59959,one
59960,one
59970,one
59971,one
60005,one
60006,one
60044,one
60045,one
60046,one
60061,one
60078,one
60096,one
60097,one
60154,one
60190,one
60191,one
60192,one
60193,one
60228,one
60229,one
60230,one
60231,one
60232,one
60259,one
60368,one
60377,one
60401,one
60413,one
60434,one
60464,one
60465,one
60467,one
60468,one
60469,one
60470,one
60471,one
60498,one
60502,one
60503,one
60504,one
60525,one
60526,one
60527,one
60540,one
60541,one
60548,one
60549,one
60550,one
60551,one
60552,one
60553,one
60569,one
60570,one
60571,one
60572,one
60573,one
60576,one
60604,one
60605,one
60606,one
60607,one
60608,one
60621,one
60622,one
60686,one
60706,one
60707,one
60708,one
60709,one
60710,one
60711,one
60756,one
60757,one
60758,one
60759,one
60760,one
60765,one
60771,one
60772,one
60773,one
60836,one
60837,one
60838,one
60839,one
60854,one
60873,one
60875,one
60897,one
60898,one
60899,one
60900,one
60915,one
60917,one
60918,one
60919,one
60927,one
60928,one
60929,one
60930,one
60962,one
60963,one
60980,one
60981,one
60982,one
60983,one
60984,one
61002,one
61003,one
61033,one
61087,one
61088,one
61089,one
61090,one
61110,one
61122,one
61123,one
61124,one
61125,one
61126,one
61152,one
61161,one
61168,one
61169,one
61170,one
61171,one
61184,one
61264,one
61265,one
61266,one
61267,one
61290,one
61291,one
61292,one
61293,one
61294,one
61298,one
61313,one
61314,one
61332,one
61333,one
61334,one
61366,one
61367,one
61368,one
61369,one
61380,one
61381,one
61382,one
61383,one
61384,one
61416,one
61417,one
61418,one
61419,one
61420,one
61421,one
61422,one
61423,one
61424,one
61435,one
61442,one
61443,one
61444,one
61447,one
61482,one
61483,one
61484,one
61524,one
61525,one
61526,one
61527,one
61528,one
61529,one
61550,one
61551,one
61552,one
61553,one
61593,one
61608,one
61609,one
61610,one
61611,one
61613,one
61633,one
61634,one
61635,one
61636,one
61647,one
61727,one
61728,one
61729,one
61736,one
61738,one
61743,one
61757,one
61758,one
61759,one
61760,one
61790,one
61791,one
61839,one
61840,one
61841,one
61842,one
61843,one
61868,one
61900,one
61988,one
61996,one
61997,one
61998,one
62029,one
62030,one
62031,one
62032,one
62033,one
62045,one
62046,one
62047,one
62048,one
62062,one
62075,one
62076,one
62079,one
62080,one
62081,one
62098,one
62099,one
62100,one
62101,one
62102,one
62103,one
62104,one
62105,one
62200,one
62201,one
62202,one
62203,one
62204,one
62271,one
62280,one
62281,one
62282,one
62283,one
62284,one
62301,one
62302,one
62303,one
62304,one
62305,one
62339,one
62340,one
62343,one
62344,one
62345,one
62357,one
62376,one
62377,one
62405,one
62406,one
62407,one
62408,one
62409,one
62422,one
62423,one
62424,one
62425,one
62426,one
62427,one
62435,one
62436,one
62437,one
62438,one
62467,one
62492,one
62510,one
62511,one
62561,one
62562,one
62576,one
62580,one
62581,one
62582,one
62583,one
62584,one
62585,one
62594,one
62595,one
62663,one
62664,one
62665,one
62666,one
62667,one
62723,one
62724,one
62725,one
62726,one
62739,one
62740,one
62750,one
62751,one
62752,one
62756,one
62766,one
62845,one
62846,one
62847,one
62848,one
62849,one
62910,one
62948,one
62949,one
62971,one
62972,one
62973,one
62974,one
62975,one
62981,one
63008,one
63009,one
63083,one
63118,one
63145,one
63146,one
63147,one
63148,one
63149,one
63157,one
63212,one
63213,one
63219,one
63220,one
63221,one
63227,one
63228,one
63267,one
63282,one
63283,one
63292,one
63293,one
63294,one
63295,one
63296,one
63304,one
63319,one
63320,one
63354,one
63355,one
63356,one
63378,one
63400,right
63401,right
63417,right
63418,right
63419,right
63441,right
63442,right
63449,right
63450,right
63451,right
63452,right
63453,right
63454,right
63463,right
63529,right
63533,right
63604,right
63631,right
63632,right
63633,right
63634,right
63635,right
63657,right
63678,right
63679,right
63680,right
63681,right
63682,right
63724,right
63725,right
63745,right
63756,right
63757,right
63758,right
63759,right
63773,right
63774,right
63775,right
63776,right
63777,right
63778,right
63820,right
63821,right
63822,right
63823,right
63831,right
63832,right
63874,right
63907,right
63925,right
63926,right
63927,right
63956,right
64009,right
64023,right
64037,right
64038,right
64042,right
64072,right
64073,right
64074,right
64075,right
64076,right
64099,right
64125,right
64168,right
64169,right
64207,right
64208,right
64220,right
64221,right
64225,right
64226,right
64239,right
64240,right
64241,right
64251,right
64271,right
64301,right
64303,right
64304,right
64305,right
64306,right
64307,right
64308,right
64333,right
64337,right
64338,right
64339,right
64340,right
64341,right
64383,right
64384,right
64385,right
64386,right
64387,right
64402,right
64403,right
64404,right
64425,right
64426,right
64434,right
64435,right
64436,right
64437,right
64438,right
64447,right
64471,right
64472,right
64473,right
64531,right
64572,right
64573,right
64574,right
64575,right
64576,right
64589,right
64590,right
64595,right
64596,right
64662,right
64663,right
64664,right
64665,right
64666,right
64697,right
64698,right
64699,right
64720,right
64721,right
64722,right
64723,right
64724,right
64739,right
64740,right
64741,right
64751,right
64781,right
64782,right
64783,right
64808,right
64809,right
64810,right
64811,right
64812,right
64821,right
64822,right
64831,right
64832,right
64853,right
64857,right
64866,right
64891,right
64907,right
64908,right
64911,right
64939,right
64941,right
64942,right
64943,right
64944,right
64945,right
64946,right
64947,right
64974,right
64975,right
64988,right
64989,right
64990,right
64991,right
64992,right
65005,right
65040,right
65041,right
65090,right
65096,right
65097,right
65098,right
65099,right
65100,right
65121,right
65122,right
65123,right
65124,right
65125,right
65126,right
65132,right
65209,right
65210,right
65211,right
65212,right
65213,right
65221,right
65222,right
65223,right
65245,right
65246,right
65247,right
65248,right
65249,right
65261,right
65266,right
65267,right
65269,right
65270,right
65300,right
65329,right
65331,right
65345,right
65346,right
65347,right
65348,right
65349,right
65350,right
65351,right
65352,right
65353,right
65372,right
65373,right
65374,right
65412,right
65424,right
65425,right
65426,right
65452,right
65453,right
65454,right
65455,right
65466,right
65467,right
65564,right
65565,right
65570,right
65571,right
65583,right
65584,right
65585,right
65586,right
65587,right
65625,right
65659,right
65660,right
65661,right
65662,right
65663,right
65688,right
65689,right
65710,right
65719,right
65720,right
65733,right
65734,right
65735,right
65738,right
65819,right
65820,right
65821,right
65828,right
65838,right
65873,right
65885,right
65886,right
65887,right
65888,right
65901,right
65902,right
65920,right
65921,right
65922,right
65923,right
65924,right
65925,right
65930,right
65941,right
65942,right
65943,right
65944,right
65945,right
66036,right
66047,right
66048,right
66049,right
66050,right
66051,right
66078,right
66116,right
66117,right
66118,right
66119,right
66140,right
66141,right
66142,right
66143,right
66173,right
66175,right
66181,right
66223,right
66224,right
66225,right
66226,right
66227,right
66228,right
66238,right
66240,right
66241,right
66248,right
66249,right
66250,right
66251,right
66252,right
66279,right
66351,right
66366,right
66394,right
66395,right
66396,right
66397,right
66398,right
66399,right
66409,right
66473,right
66474,right
66475,right
66476,right
66533,right
66534,right
66535,right
66536,right
66537,right
66547,right
66554,right
66555,right
66556,right
66586,right
66587,right
66643,right
66645,right
66646,right
66647,right
66648,right
66700,right
66752,right
66753,right
66754,right
66755,right
66756,right
66781,right
66850,right
66851,right
66852,right
66853,right
66917,right
66918,right
66919,right
66920,right
66921,right
66928,right
66929,right
66930,right
66931,right
66932,right
66987,right
66993,right
67046,right
67056,right
67057,right
67058,right
67059,right
67060,right
67070,right
67071,right
67072,right
67073,right
67081,right
67131,right
67132,right
67151,right
67181,seven
67182,seven
67196,seven
67197,seven
67198,seven
67199,seven
67200,seven
67237,seven
67238,seven
67239,seven
67240,seven
67306,seven
67311,seven
67312,seven
67313,seven
67375,seven
67396,seven
67397,seven
67398,seven
67399,seven
67400,seven
67438,seven
67454,seven
67455,seven
67456,seven
67457,seven
67511,seven
67530,seven
67531,seven
67547,seven
67548,seven
67549,seven
67550,seven
67560,seven
67561,seven
67562,seven
67563,seven
67564,seven
67581,seven
67582,seven
67627,seven
67655,seven
67656,seven
67677,seven
67746,seven
67747,seven
67748,seven
67749,seven
67753,seven
67836,seven
67837,seven
67843,seven
67877,seven
67878,seven
67879,seven
67880,seven
67881,seven
67906,seven
67907,seven
67908,seven
67976,seven
68010,seven
68033,seven
68034,seven
68035,seven
68069,seven
68090,seven
68118,seven
68119,seven
68120,seven
68121,seven
68122,seven
68123,seven
68153,seven
68154,seven
68155,seven
68156,seven
68157,seven
68176,seven
68177,seven
68192,seven
68198,seven
68202,seven
68203,seven
68204,seven
68205,seven
68206,seven
68207,seven
68208,seven
68211,seven
68221,seven
68222,seven
68223,seven
68224,seven
68225,seven
68227,seven
68228,seven
68259,seven
68270,seven
68271,seven
68272,seven
68273,seven
68274,seven
68285,seven
68289,seven
68321,seven
68322,seven
68363,seven
68388,seven
68389,seven
68390,seven
68391,seven
68436,seven
68437,seven
68438,seven
68439,seven
68448,seven
68449,seven
68450,seven
68454,seven
68455,seven
68456,seven
68457,seven
68458,seven
68533,seven
68534,seven
68535,seven
68536,seven
68537,seven
68581,seven
68585,seven
68586,seven
68587,seven
68603,seven
68604,seven
68605,seven
68606,seven
68611,seven
68612,seven
68613,seven
68614,seven
68615,seven
68630,seven
68631,seven
68644,seven
68645,seven
68646,seven
68647,seven
68680,seven
68681,seven
68696,seven
68697,seven
68698,seven
68699,seven
68706,seven
68733,seven
68742,seven
68770,seven
68792,seven
68793,seven
68794,seven
68796,seven
68816,seven
68826,seven
68829,seven
68830,seven
68831,seven
68832,seven
68833,seven
68883,seven
68884,seven
68885,seven
68886,seven
68887,seven
68929,seven
68938,seven
68971,seven
68975,seven
68976,seven
68977,seven
68978,seven
68979,seven
69000,seven
69001,seven
69002,seven
69003,seven
69004,seven
69006,seven
69011,seven
69031,seven
69051,seven
69052,seven
69053,seven
69096,seven
69097,seven
69098,seven
69099,seven
69113,seven
69114,seven
69115,seven
69116,seven
69117,seven
69143,seven
69144,seven
69145,seven
69146,seven
69147,seven
69148,seven
69149,seven
69150,seven
69166,seven
69198,seven
69235,seven
69238,seven
69249,seven
69250,seven
69251,seven
69252,seven
69253,seven
69254,seven
69255,seven
69256,seven
69257,seven
69278,seven
69279,seven
69280,seven
69281,seven
69320,seven
69333,seven
69334,seven
69335,seven
69336,seven
69337,seven
69362,seven
69363,seven
69364,seven
69365,seven
69376,seven
69377,seven
69472,seven
69479,seven
69501,seven
69502,seven
69503,seven
69504,seven
69505,seven
69506,seven
69595,seven
69596,seven
69597,seven
69598,seven
69599,seven
69631,seven
69632,seven
69662,seven
69671,seven
69672,seven
69756,seven
69757,seven
69771,seven
69772,seven
69773,seven
69783,seven
69812,seven
69824,seven
69825,seven
69826,seven
69827,seven
69828,seven
69844,seven
69861,seven
69862,seven
69863,seven
69883,seven
69889,seven
69890,seven
69891,seven
69892,seven
69893,seven
69894,seven
69959,seven
69960,seven
69990,seven
69991,seven
69992,seven
69993,seven
70066,seven
70067,seven
70068,seven
70069,seven
70070,seven
70089,seven
70090,seven
70091,seven
70092,seven
70093,seven
70094,seven
70095,seven
70096,seven
70097,seven
70136,seven
70137,seven
70138,seven
70139,seven
70160,seven
70161,seven
70185,seven
70186,seven
70187,seven
70188,seven
70189,seven
70190,seven
70191,seven
70200,seven
70201,seven
70202,seven
70206,seven
70207,seven
70208,seven
70210,seven
70211,seven
70220,seven
70221,seven
70222,seven
70223,seven
70224,seven
70243,seven
70270,seven
70288,seven
70290,seven
70314,seven
70315,seven
70340,seven
70341,seven
70364,seven
70365,seven
70366,seven
70367,seven
70368,seven
70405,seven
70406,seven
70407,seven
70448,seven
70449,seven
70450,seven
70451,seven
70510,seven
70511,seven
70512,seven
70513,seven
70515,seven
70516,seven
70517,seven
70527,seven
70537,seven
70538,seven
70551,seven
70580,seven
70581,seven
70628,seven
70629,seven
70630,seven
70631,seven
70632,seven
70633,seven
70634,seven
70723,seven
70724,seven
70747,seven
70748,seven
70749,seven
70750,seven
70759,seven
70762,seven
70789,seven
70922,seven
70923,seven
70924,seven
70925,seven
70932,seven
70956,seven
70957,seven
70982,seven
71051,seven
71052,seven
71053,seven
71054,seven
71055,seven
71056,seven
71057,seven
71068,seven
71069,seven
71070,seven
71071,seven
71072,seven
71099,seven
71100,seven
71133,seven
71134,seven
71177,sheila
71178,sheila
71182,sheila
71183,sheila
71190,sheila
71220,sheila
71221,sheila
71256,sheila
71257,sheila
71280,sheila
71286,sheila
71308,sheila
71326,sheila
71328,sheila
71339,sheila
71365,sheila
71366,sheila
71377,sheila
71386,sheila
71393,sheila
71433,sheila
71434,sheila
71454,sheila
71455,sheila
71456,sheila
71467,sheila
71476,sheila
71477,sheila
71485,sheila
71486,sheila
71517,sheila
71527,sheila
71528,sheila
71546,sheila
71547,sheila
71553,sheila
71554,sheila
71564,sheila
71565,sheila
71597,sheila
71598,sheila
71609,sheila
71610,sheila
71611,sheila
71621,sheila
71630,sheila
71631,sheila
71643,sheila
71644,sheila
71654,sheila
71655,sheila
71670,sheila
71691,sheila
71698,sheila
71706,sheila
71725,sheila
71726,sheila
71729,sheila
71735,sheila
71759,sheila
71760,sheila
71805,sheila
71836,sheila
71837,sheila
71838,sheila
71839,sheila
71841,sheila
71908,sheila
71909,sheila
71922,sheila
71926,sheila
71927,sheila
71930,sheila
71931,sheila
71942,sheila
71948,sheila
71960,sheila
71970,sheila
71971,sheila
71979,sheila
71989,sheila
71990,sheila
72008,sheila
72009,sheila
72020,sheila
72021,sheila
72022,sheila
72023,sheila
72030,sheila
72031,sheila
72035,sheila
72036,sheila
72039,sheila
72040,sheila
72051,sheila
72052,sheila
72053,sheila
72060,sheila
72069,sheila
72093,sheila
72098,sheila
72099,sheila
72100,sheila
72116,sheila
72125,sheila
72137,sheila
72138,sheila
72143,sheila
72158,sheila
72181,sheila
72191,sheila
72211,sheila
72212,sheila
72213,sheila
72220,sheila
72221,sheila
72226,sheila
72249,sheila
72254,sheila
72266,sheila
72269,sheila
72271,sheila
72278,sheila
72295,sheila
72324,sheila
72332,sheila
72361,sheila
72385,sheila
72386,sheila
72393,sheila
72400,sheila
72401,sheila
72425,sheila
72450,sheila
72464,sheila
72465,sheila
72479,sheila
72484,sheila
72494,sheila
72541,sheila
72542,sheila
72544,sheila
72545,sheila
72551,sheila
72574,sheila
72577,sheila
72578,sheila
72591,sheila
72609,sheila
72622,sheila
72627,sheila
72651,sheila
72652,sheila
72662,sheila
72675,sheila
72685,sheila
72686,sheila
72710,sheila
72712,sheila
72714,sheila
72726,sheila
72730,sheila
72736,sheila
72737,sheila
72744,sheila
72749,sheila
72799,sheila
72809,sheila
72860,sheila
72865,sheila
72866,sheila
72867,sheila
72874,sheila
72879,sheila
72891,sheila
72901,sheila
72902,sheila
72925,sheila
72928,sheila
72952,sheila
72985,sheila
73007,sheila
73039,sheila
73060,sheila
73061,sheila
73069,sheila
73071,sheila
73072,sheila
73073,sheila
73087,sheila
73105,sheila
73106,sheila
73114,sheila
73115,sheila
73138,sheila
73141,sheila
73142,sheila
73149,sheila
73152,sheila
73168,sheila
73179,sheila
73180,sheila
73212,six
73213,six
73214,six
73215,six
73216,six
73262,six
73263,six
73264,six
73265,six
73266,six
73267,six
73339,six
73341,six
73342,six
73343,six
73344,six
73348,six
73349,six
73396,six
73406,six
73429,six
73430,six
73431,six
73432,six
73454,six
73482,six
73483,six
73484,six
73485,six
73486,six
73535,six
73551,six
73569,six
73570,six
73571,six
73572,six
73582,six
73583,six
73584,six
73585,six
73586,six
73592,six
73593,six
73594,six
73600,six
73645,six
73646,six
73647,six
73648,six
73649,six
73656,six
73657,six
73692,six
73720,six
73721,six
73765,six
73766,six
73769,six
73859,six
73897,six
73898,six
73899,six
73900,six
73901,six
73923,six
73927,six
73989,six
74031,six
74039,six
74040,six
74066,six
74087,six
74088,six
74116,six
74117,six
74118,six
74119,six
74120,six
74142,six
74143,six
74144,six
74145,six
74146,six
74164,six
74165,six
74179,six
74184,six
74185,six
74191,six
74192,six
74193,six
74194,six
74195,six
74212,six
74213,six
74214,six
74215,six
74216,six
74217,six
74239,six
74240,six
74248,six
74249,six
74250,six
74251,six
74252,six
74261,six
74265,six
74294,six
74295,six
74337,six
74338,six
74339,six
74367,six
74368,six
74369,six
74370,six
74409,six
74410,six
74411,six
74412,six
74413,six
74427,six
74428,six
74429,six
74430,six
74432,six
74434,six
74437,six
74438,six
74439,six
74440,six
74441,six
74513,six
74514,six
74515,six
74528,six
74547,six
74566,six
74572,six
74573,six
74574,six
74575,six
74576,six
74591,six
74595,six
74596,six
74597,six
74598,six
74606,six
74607,six
74608,six
74609,six
74655,six
74656,six
74657,six
74658,six
74659,six
74699,six
74700,six
74704,six
74708,six
74709,six
74749,six
74750,six
74751,six
74775,six
74776,six
74777,six
74778,six
74779,six
74827,six
74828,six
74829,six
74830,six
74831,six
74841,six
74874,six
74907,six
74911,six
74912,six
74913,six
74914,six
74934,six
74935,six
74936,six
74937,six
74938,six
74941,six
74961,six
74967,six
75021,six
75022,six
75023,six
75024,six
75025,six
75039,six
75040,six
75041,six
75042,six
75043,six
75071,six
75072,six
75073,six
75074,six
75075,six
75076,six
75077,six
75078,six
75097,six
75132,six
75133,six
75134,six
75145,six
75146,six
75147,six
75172,six
75181,six
75182,six
75183,six
75184,six
75185,six
75186,six
75199,six
75200,six
75201,six
75202,six
75203,six
75272,six
75273,six
75274,six
75275,six
75276,six
75298,six
75299,six
75300,six
75301,six
75313,six
75314,six
75345,six
75395,six
75402,six
75403,six
75406,six
75422,six
75423,six
75424,six
75425,six
75426,six
75427,six
75459,six
75514,six
75515,six
75516,six
75517,six
75518,six
75523,six
75549,six
75571,six
75585,six
75665,six
75666,six
75676,six
75677,six
75678,six
75679,six
75689,six
75720,six
75729,six
75730,six
75731,six
75732,six
75733,six
75773,six
75774,six
75780,six
75793,six
75794,six
75795,six
75796,six
75797,six
75858,six
75881,six
75882,six
75883,six
75884,six
75914,six
75944,six
75953,six
75954,six
75955,six
75956,six
75957,six
75977,six
75978,six
75979,six
75980,six
75981,six
75982,six
76015,six
76028,six
76029,six
76030,six
76072,six
76073,six
76074,six
76075,six
76076,six
76077,six
76086,six
76087,six
76090,six
76091,six
76092,six
76093,six
76100,six
76101,six
76102,six
76103,six
76104,six
76156,six
76157,six
76171,six
76172,six
76173,six
76201,six
76223,six
76224,six
76225,six
76246,six
76247,six
76248,six
76249,six
76250,six
76251,six
76292,six
76324,six
76325,six
76326,six
76327,six
76328,six
76380,six
76381,six
76382,six
76383,six
76395,six
76396,six
76404,six
76409,six
76420,six
76441,six
76488,six
76489,six
76570,six
76590,six
76591,six
76592,six
76593,six
76594,six
76603,six
76606,six
76607,six
76608,six
76631,six
76712,six
76752,six
76779,six
76780,six
76781,six
76782,six
76809,six
76810,six
76841,six
76851,six
76857,six
76908,six
76920,six
76924,six
76925,six
76938,six
76939,six
76940,six
76941,six
76942,six
76951,six
76997,six
77025,six
77058,stop
77059,stop
77060,stop
77061,stop
77077,stop
77078,stop
77079,stop
77080,stop
77081,stop
77117,stop
77118,stop
77119,stop
77120,stop
77121,stop
77122,stop
77123,stop
77124,stop
77244,stop
77245,stop
77257,stop
77258,stop
77259,stop
77286,stop
77287,stop
77288,stop
77289,stop
77290,stop
77316,stop
77342,stop
77343,stop
77344,stop
77345,stop
77346,stop
77414,stop
77428,stop
77429,stop
77430,stop
77431,stop
77432,stop
77442,stop
77443,stop
77444,stop
77445,stop
77446,stop
77448,stop
77449,stop
77461,stop
77462,stop
77507,stop
77511,stop
77512,stop
77546,stop
77547,stop
77575,stop
77576,stop
77591,stop
77592,stop
77593,stop
77629,stop
77630,stop
77684,stop
77706,stop
77707,stop
77723,stop
77763,stop
77764,stop
77765,stop
77766,stop
77794,stop
77796,stop
77822,stop
77867,stop
77868,stop
77904,stop
77921,stop
77928,stop
77947,stop
77948,stop
77949,stop
77961,stop
77980,stop
77981,stop
78012,stop
78013,stop
78014,stop
78015,stop
78016,stop
78017,stop
78043,stop
78044,stop
78045,stop
78046,stop
78047,stop
78063,stop
78070,stop
78073,stop
78074,stop
78075,stop
78076,stop
78077,stop
78078,stop
78093,stop
78094,stop
78095,stop
78096,stop
78097,stop
78121,stop
78122,stop
78123,stop
78135,stop
78136,stop
78137,stop
78138,stop
78150,stop
78153,stop
78187,stop
78188,stop
78250,stop
78251,stop
78252,stop
78294,stop
78295,stop
78296,stop
78297,stop
78298,stop
78310,stop
78314,stop
78315,stop
78316,stop
78317,stop
78391,stop
78392,stop
78393,stop
78413,stop
78455,stop
78456,stop
78457,stop
78458,stop
78476,stop
78477,stop
78489,stop
78490,stop
78491,stop
78492,stop
78525,stop
78545,stop
78546,stop
78547,stop
78548,stop
78569,stop
78590,stop
78593,stop
78594,stop
78595,stop
78622,stop
78646,stop
78647,stop
78648,stop
78649,stop
78651,stop
78652,stop
78670,stop
78671,stop
78681,stop
78682,stop
78683,stop
78684,stop
78723,stop
78732,stop
78733,stop
78734,stop
78735,stop
78780,stop
78792,stop
78828,stop
78829,stop
78830,stop
78831,stop
78857,stop
78858,stop
78859,stop
78860,stop
78861,stop
78862,stop
78863,stop
78864,stop
78876,stop
78877,stop
78884,stop
78898,stop
78899,stop
78900,stop
78937,stop
78938,stop
78939,stop
78940,stop
78954,stop
78955,stop
78956,stop
78957,stop
78958,stop
78990,stop
78991,stop
78992,stop
78993,stop
78994,stop
78995,stop
78996,stop
79010,stop
79011,stop
79012,stop
79024,stop
79076,stop
79077,stop
79086,stop
79098,stop
79099,stop
79100,stop
79101,stop
79102,stop
79103,stop
79104,stop
79105,stop
79106,stop
79107,stop
79108,stop
79109,stop
79110,stop
79111,stop
79112,stop
79113,stop
79114,stop
79115,stop
79116,stop
79117,stop
79118,stop
79119,stop
79136,stop
79195,stop
79196,stop
79197,stop
79198,stop
79199,stop
79217,stop
79218,stop
79226,stop
79227,stop
79228,stop
79229,stop
79324,stop
79325,stop
79337,stop
79338,stop
79339,stop
79340,stop
79341,stop
79342,stop
79374,stop
79426,stop
79427,stop
79428,stop
79429,stop
79430,stop
79455,stop
79474,stop
79475,stop
79485,stop
79486,stop
79571,stop
79572,stop
79586,stop
79623,stop
79634,stop
79635,stop
79636,stop
79637,stop
79648,stop
79666,stop
79680,stop
79681,stop
79682,stop
79683,stop
79684,stop
79748,stop
79749,stop
79769,stop
79777,stop
79778,stop
79779,stop
79780,stop
79781,stop
79810,stop
79811,stop
79812,stop
79851,stop
79860,stop
79861,stop
79862,stop
79863,stop
79864,stop
79880,stop
79881,stop
79882,stop
79883,stop
79884,stop
79910,stop
79911,stop
79915,stop
79921,stop
79953,stop
79954,stop
79955,stop
79956,stop
79957,stop
79966,stop
79969,stop
79970,stop
79971,stop
79972,stop
79973,stop
79974,stop
79975,stop
79976,stop
79984,stop
79985,stop
79986,stop
79987,stop
80018,stop
80042,stop
80053,stop
80077,stop
80099,stop
80100,stop
80119,stop
80120,stop
80121,stop
80122,stop
80123,stop
80159,stop
80202,stop
80203,stop
80204,stop
80205,stop
80257,stop
80258,stop
80259,stop
80279,stop
80291,stop
80356,stop
80357,stop
80358,stop
80359,stop
80360,stop
80406,stop
80467,stop
80468,stop
80469,stop
80470,stop
80471,stop
80478,stop
80479,stop
80506,stop
80507,stop
80593,stop
80628,stop
80629,stop
80661,stop
80662,stop
80663,stop
80664,stop
80665,stop
80673,stop
80674,stop
80687,stop
80729,stop
80730,stop
80802,stop
80803,stop
80804,stop
80818,stop
80819,stop
80820,stop
80821,stop
80822,stop
80834,stop
80880,stop
80881,stop
80882,stop
80903,stop
80929,three
80933,three
80946,three
80947,three
80948,three
80949,three
80978,three
80983,three
80984,three
80985,three
80986,three
80987,three
80988,three
80989,three
81050,three
81132,three
81133,three
81134,three
81135,three
81136,three
81161,three
81184,three
81185,three
81186,three
81245,three
81246,three
81261,three
81262,three
81277,three
81278,three
81279,three
81280,three
81294,three
81295,three
81296,three
81297,three
81298,three
81304,three
81316,three
81383,three
81384,three
81385,three
81401,three
81441,three
81442,three
81455,three
81544,three
81566,three
81578,three
81613,three
81614,three
81615,three
81616,three
81617,three
81643,three
81647,three
81670,three
81707,three
81708,three
81744,three
81754,three
81765,three
81784,three
81816,three
81840,three
81843,three
81844,three
81845,three
81846,three
81847,three
81848,three
81849,three
81870,three
81873,three
81874,three
81875,three
81876,three
81877,three
81892,three
81906,three
81912,three
81914,three
81915,three
81916,three
81917,three
81918,three
81935,three
81936,three
81937,three
81938,three
81939,three
81940,three
81967,three
81968,three
81978,three
81979,three
81980,three
81981,three
81989,three
81990,three
82016,three
82075,three
82076,three
82117,three
82118,three
82119,three
82120,three
82121,three
82136,three
82138,three
82139,three
82140,three
82141,three
82143,three
82144,three
82145,three
82146,three
82211,three
82212,three
82213,three
82214,three
82243,three
82267,three
82268,three
82269,three
82270,three
82282,three
82293,three
82294,three
82295,three
82296,three
82340,three
82341,three
82342,three
82343,three
82344,three
82359,three
82374,three
82376,three
82377,three
82385,three
82386,three
82411,three
82432,three
82433,three
82434,three
82451,three
82452,three
82463,three
82464,three
82465,three
82466,three
82498,three
82508,three
82509,three
82515,three
82516,three
82517,three
82518,three
82519,three
82525,three
82549,three
82550,three
82558,three
82587,three
82593,three
82594,three
82595,three
82596,three
82615,three
82616,three
82617,three
82618,three
82619,three
82620,three
82653,three
82666,three
82667,three
82709,three
82710,three
82711,three
82712,three
82713,three
82726,three
82727,three
82728,three
82729,three
82730,three
82752,three
82753,three
82754,three
82755,three
82756,three
82757,three
82769,three
82770,three
82776,three
82779,three
82817,three
82818,three
82819,three
82835,three
82843,three
82850,three
82851,three
82852,three
82853,three
82854,three
82855,three
82869,three
82870,three
82871,three
82872,three
82919,three
82920,three
82933,three
82934,three
82935,three
82936,three
82937,three
82959,three
82960,three
82961,three
82962,three
82971,three
82972,three
82973,three
82974,three
82975,three
83064,three
83071,three
83072,three
83073,three
83091,three
83092,three
83118,three
83133,three
83168,three
83169,three
83170,three
83171,three
83172,three
83177,three
83225,three
83318,three
83319,three
83368,three
83369,three
83370,three
83382,three
83383,three
83384,three
83385,three
83419,three
83425,three
83426,three
83439,three
83440,three
83441,three
83442,three
83443,three
83512,three
83537,three
83538,three
83539,three
83540,three
83599,three
83608,three
83609,three
83610,three
83611,three
83632,three
83633,three
83634,three
83635,three
83636,three
83669,three
83670,three
83672,three
83673,three
83674,three
83678,three
83679,three
83698,three
83704,three
83705,three
83723,three
83724,three
83725,three
83726,three
83727,three
83728,three
83741,three
83742,three
83743,three
83744,three
83745,three
83754,three
83755,three
83756,three
83757,three
83799,three
83800,three
83816,three
83817,three
83876,three
83877,three
83878,three
83879,three
83880,three
83881,three
83891,three
83912,three
83913,three
83959,three
83960,three
83961,three
83962,three
83963,three
84018,three
84019,three
84020,three
84021,three
84024,three
84025,three
84039,three
84041,three
84053,three
84078,three
84119,three
84120,three
84121,three
84122,three
84123,three
84124,three
84125,three
84126,three
84127,three
84229,three
84230,three
84237,three
84255,three
84256,three
84341,three
84376,three
84405,three
84406,three
84407,three
84408,three
84414,three
84415,three
84416,three
84441,three
84468,three
84474,three
84475,three
84480,three
84481,three
84487,three
84528,three
84529,three
84544,three
84545,three
84560,three
84561,three
84562,three
84563,three
84588,three
84589,three
84636,three
84637,three
84638,three
84688,tree
84690,tree
84718,tree
84721,tree
84741,tree
84742,tree
84746,tree
84747,tree
84768,tree
84812,tree
84827,tree
84831,tree
84840,tree
84855,tree
84861,tree
84862,tree
84873,tree
84874,tree
84882,tree
84902,tree
84903,tree
84912,tree
84921,tree
84929,tree
84930,tree
84951,tree
84966,tree
84967,tree
84986,tree
84990,tree
85013,tree
85033,tree
85043,tree
85056,tree
85057,tree
85063,tree
85065,tree
85066,tree
85072,tree
85075,tree
85076,tree
85084,tree
85092,tree
85093,tree
85094,tree
85111,tree
85112,tree
85118,tree
85119,tree
85144,tree
85152,tree
85153,tree
85159,tree
85178,tree
85207,tree
85228,tree
85236,tree
85237,tree
85238,tree
85239,tree
85241,tree
85242,tree
85246,tree
85286,tree
85313,tree
85314,tree
85328,tree
85349,tree
85350,tree
85352,tree
85353,tree
85370,tree
85392,tree
85410,tree
85415,tree
85416,tree
85418,tree
85434,tree
85441,tree
85448,tree
85456,tree
85463,tree
85464,tree
85472,tree
85488,tree
85489,tree
85492,tree
85509,tree
85517,tree
85532,tree
85542,tree
85556,tree
85557,tree
85565,tree
85566,tree
85572,tree
85573,tree
85574,tree
85591,tree
85593,tree
85603,tree
85606,tree
85609,tree
85654,tree
85665,tree
85671,tree
85672,tree
85673,tree
85711,tree
85712,tree
85764,tree
85777,tree
85779,tree
85788,tree
85789,tree
85790,tree
85824,tree
85825,tree
85827,tree
85866,tree
85867,tree
85878,tree
85879,tree
85910,tree
85911,tree
85924,tree
85932,tree
85947,tree
85948,tree
85951,tree
85963,tree
85971,tree
85972,tree
85977,tree
85981,tree
85989,tree
85990,tree
86006,tree
86014,tree
86015,tree
86020,tree
86021,tree
86038,tree
86039,tree
86042,tree
86050,tree
86051,tree
86086,tree
86097,tree
86098,tree
86099,tree
86124,tree
86183,tree
86207,tree
86208,tree
86218,tree
86233,tree
86234,tree
86276,tree
86288,tree
86289,tree
86290,tree
86291,tree
86311,tree
86320,tree
86323,tree
86326,tree
86345,tree
86360,tree
86361,tree
86367,tree
86374,tree
86386,tree
86387,tree
86388,tree
86389,tree
86436,two
86437,two
86438,two
86439,two
86440,two
86475,two
86476,two
86485,two
86486,two
86487,two
86488,two
86489,two
86564,two
86658,two
86659,two
86660,two
86661,two
86662,two
86689,two
86690,two
86723,two
86724,two
86725,two
86726,two
86727,two
86790,two
86791,two
86792,two
86806,two
86807,two
86808,two
86809,two
86820,two
86821,two
86822,two
86823,two
86824,two
86837,two
86879,two
86880,two
86881,two
86882,two
86926,two
86975,two
87004,two
87090,two
87091,two
87092,two
87095,two
87096,two
87097,two
87136,two
87137,two
87138,two
87139,two
87168,two
87169,two
87173,two
87197,two
87268,two
87269,two
87280,two
87281,two
87290,two
87310,two
87311,two
87339,two
87372,two
87373,two
87374,two
87375,two
87376,two
87377,two
87378,two
87404,two
87405,two
87406,two
87407,two
87417,two
87421,two
87429,two
87433,two
87434,two
87435,two
87436,two
87437,two
87438,two
87455,two
87456,two
87457,two
87458,two
87459,two
87462,two
87480,two
87488,two
87489,two
87490,two
87491,two
87492,two
87504,two
87536,two
87579,two
87607,two
87608,two
87609,two
87655,two
87656,two
87657,two
87658,two
87659,two
87673,two
87674,two
87676,two
87677,two
87678,two
87745,two
87746,two
87747,two
87748,two
87765,two
87766,two
87787,two
87805,two
87806,two
87811,two
87812,two
87813,two
87814,two
87815,two
87833,two
87834,two
87838,two
87839,two
87851,two
87852,two
87853,two
87854,two
87855,two
87886,two
87887,two
87905,two
87906,two
87907,two
87908,two
87909,two
87930,two
87931,two
87932,two
87933,two
87953,two
87954,two
87958,two
88005,two
88006,two
88007,two
88008,two
88009,two
88011,two
88033,two
88034,two
88035,two
88036,two
88037,two
88038,two
88039,two
88067,two
88068,two
88075,two
88076,two
88077,two
88078,two
88116,two
88157,two
88162,two
88163,two
88164,two
88165,two
88186,two
88187,two
88188,two
88189,two
88190,two
88191,two
88192,two
88197,two
88198,two
88219,two
88277,two
88278,two
88279,two
88280,two
88281,two
88303,two
88304,two
88305,two
88306,two
88307,two
88328,two
88329,two
88330,two
88331,two
88332,two
88333,two
88334,two
88335,two
88352,two
88353,two
88354,two
88355,two
88360,two
88361,two
88362,two
88365,two
88390,two
88401,two
88423,two
88424,two
88430,two
88434,two
88435,two
88445,two
88446,two
88447,two
88448,two
88449,two
88450,two
88451,two
88452,two
88453,two
88454,two
88455,two
88456,two
88457,two
88458,two
88459,two
88474,two
88475,two
88476,two
88515,two
88541,two
88542,two
88543,two
88544,two
88545,two
88559,two
88560,two
88561,two
88568,two
88569,two
88610,two
88656,two
88672,two
88673,two
88686,two
88687,two
88688,two
88717,two
88771,two
88772,two
88773,two
88774,two
88798,two
88799,two
88827,two
88828,two
88829,two
88840,two
88918,two
88927,two
88929,two
88930,two
88931,two
88932,two
88933,two
88941,two
88987,two
89006,two
89007,two
89008,two
89009,two
89025,two
89026,two
89038,two
89049,two
89066,two
89067,two
89068,two
89069,two
89070,two
89071,two
89140,two
89162,two
89163,two
89164,two
89223,two
89229,two
89230,two
89231,two
89232,two
89233,two
89250,two
89251,two
89252,two
89253,two
89254,two
89257,two
89290,two
89298,two
89299,two
89300,two
89320,two
89345,two
89346,two
89347,two
89348,two
89349,two
89350,two
89361,two
89365,two
89366,two
89367,two
89368,two
89370,two
89371,two
89372,two
89380,two
89381,two
89382,two
89383,two
89384,two
89414,two
89441,two
89453,two
89454,two
89479,two
89521,two
89522,two
89523,two
89524,two
89534,two
89599,two
89600,two
89601,two
89602,two
89603,two
89659,two
89660,two
89661,two
89662,two
89674,two
89687,two
89690,two
89693,two
89705,two
89728,two
89729,two
89730,two
89776,two
89778,two
89779,two
89780,two
89781,two
89855,two
89873,two
89874,two
89875,two
89876,two
89884,two
89885,two
89980,two
90048,two
90049,two
90050,two
90051,two
90052,two
90060,two
90114,two
90123,two
90144,two
90192,two
90193,two
90203,two
90204,two
90205,two
90206,two
90231,two
90232,two
90233,two
90298,up
90315,up
90316,up
90317,up
90318,up
90319,up
90351,up
90354,up
90355,up
90356,up
90357,up
90358,up
90359,up
90360,up
90361,up
90470,up
90471,up
90472,up
90483,up
90507,up
90508,up
90509,up
90510,up
90511,up
90534,up
90535,up
90562,up
90563,up
90564,up
90565,up
90638,up
90649,up
90650,up
90651,up
90652,up
90653,up
90661,up
90662,up
90663,up
90664,up
90665,up
90670,up
90683,up
90724,up
90725,up
90726,up
90729,up
90750,up
90800,up
90801,up
90802,up
90815,up
90843,up
90844,up
90845,up
90846,up
90847,up
90900,up
90901,up
90902,up
90903,up
90922,up
90977,up
90978,up
90979,up
90980,up
91025,up
91026,up
91027,up
91070,up
91109,up
91110,up
91130,up
91161,up
91162,up
91193,up
91194,up
91195,up
91196,up
91197,up
91198,up
91199,up
91231,up
91232,up
91233,up
91234,up
91235,up
91265,up
91274,up
91275,up
91276,up
91277,up
91278,up
91279,up
91297,up
91298,up
91299,up
91300,up
91301,up
91337,up
91338,up
91339,up
91340,up
91341,up
91354,up
91390,up
91459,up
91460,up
91461,up
91462,up
91511,up
91512,up
91513,up
91514,up
91526,up
91528,up
91529,up
91532,up
91533,up
91534,up
91610,up
91611,up
91612,up
91613,up
91614,up
91629,up
91647,up
91648,up
91649,up
91669,up
91673,up
91674,up
91689,up
91690,up
91697,up
91698,up
91745,up
91746,up
91768,up
91769,up
91789,up
91798,up
91799,up
91844,up
91845,up
91846,up
91847,up
91848,up
91867,up
91868,up
91869,up
91870,up
91871,up
91911,up
91912,up
91913,up
91914,up
91915,up
91948,up
91949,up
91988,up
91989,up
91990,up
92001,up
92002,up
92003,up
92004,up
92005,up
92030,up
92031,up
92032,up
92033,up
92034,up
92040,up
92041,up
92050,up
92056,up
92057,up
92107,up
92108,up
92109,up
92110,up
92123,up
92124,up
92125,up
92126,up
92127,up
92155,up
92156,up
92157,up
92158,up
92159,up
92174,up
92175,up
92176,up
92177,up
92178,up
92182,up
92184,up
92185,up
92186,up
92208,up
92209,up
92237,up
92244,up
92245,up
92250,up
92258,up
92259,up
92260,up
92261,up
92262,up
92263,up
92264,up
92265,up
92266,up
92267,up
92268,up
92269,up
92270,up
92271,up
92272,up
92273,up
92274,up
92293,up
92294,up
92295,up
92345,up
92346,up
92347,up
92348,up
92349,up
92366,up
92367,up
92368,up
92382,up
92383,up
92384,up
92470,up
92478,up
92497,up
92498,up
92499,up
92500,up
92501,up
92530,up
92578,up
92579,up
92580,up
92581,up
92582,up
92624,up
92712,up
92715,up
92724,up
92774,up
92775,up
92776,up
92791,up
92802,up
92817,up
92818,up
92819,up
92820,up
92821,up
92822,up
92881,up
92905,up
92906,up
92907,up
92908,up
92909,up
92975,up
92976,up
92977,up
92978,up
92979,up
92992,up
92993,up
92994,up
92997,up
92998,up
92999,up
93030,up
93033,up
93035,up
93061,up
93062,up
93092,up
93093,up
93094,up
93095,up
93096,up
93105,up
93106,up
93107,up
93109,up
93118,up
93119,up
93120,up
93121,up
93122,up
93169,up
93191,up
93195,up
93221,up
93222,up
93243,up
93265,up
93266,up
93267,up
93268,up
93269,up
93270,up
93271,up
93272,up
93273,up
93283,up
93305,up
93306,up
93337,up
93338,up
93339,up
93340,up
93390,up
93391,up
93392,up
93393,up
93394,up
93406,up
93409,up
93440,up
93441,up
93491,up
93495,up
93496,up
93545,up
93559,up
93560,up
93582,up
93596,up
93597,up
93598,up
93599,up
93606,up
93607,up
93609,up
93610,up
93611,up
93637,up
93750,up
93774,up
93775,up
93776,up
93777,up
93784,up
93785,up
93786,up
93787,up
93788,up
93840,up
93849,up
93853,up
93858,up
93903,up
93904,up
93911,up
93912,up
93922,up
93923,up
93935,up
93936,up
94018,visual
94019,visual
94020,visual
94021,visual
94022,visual
94023,visual
94024,visual
94037,visual
94038,visual
94039,visual
94040,visual
94041,visual
94118,visual
94119,visual
94120,visual
94121,visual
94122,visual
94127,visual
94137,visual
94138,visual
94139,visual
94140,visual
94172,visual
94173,visual
94174,visual
94175,visual
94266,visual
94301,visual
94302,visual
94322,visual
94323,visual
94324,visual
94325,visual
94368,visual
94373,visual
94420,visual
94421,visual
94422,visual
94423,visual
94424,visual
94454,visual
94455,visual
94456,visual
94457,visual
94458,visual
94480,visual
94489,visual
94535,visual
94536,visual
94537,visual
94538,visual
94539,visual
94561,visual
94562,visual
94563,visual
94564,visual
94565,visual
94567,visual
94568,visual
94569,visual
94570,visual
94571,visual
94603,visual
94604,visual
94605,visual
94606,visual
94608,visual
94633,visual
94634,visual
94658,visual
94659,visual
94660,visual
94661,visual
94662,visual
94666,visual
94676,visual
94709,visual
94719,visual
94720,visual
94721,visual
94722,visual
94730,visual
94731,visual
94732,visual
94733,visual
94734,visual
94771,visual
94797,visual
94798,visual
94799,visual
94800,visual
94801,visual
94808,visual
94809,visual
94810,visual
94811,visual
94856,visual
94857,visual
94858,visual
94859,visual
94887,visual
94888,visual
94889,visual
94890,visual
94891,visual
94903,visual
94904,visual
94905,visual
94908,visual
94909,visual
94947,visual
94982,visual
94983,visual
94984,visual
94985,visual
95087,visual
95088,visual
95089,visual
95090,visual
95102,visual
95103,visual
95104,visual
95105,visual
95139,visual
95142,visual
95143,visual
95144,visual
95145,visual
95179,visual
95180,visual
95181,visual
95182,visual
95183,visual
95209,visual
95210,visual
95211,visual
95212,visual
95213,visual
95240,visual
95241,visual
95267,visual
95268,visual
95269,visual
95270,visual
95296,visual
95297,visual
95298,visual
95299,visual
95300,visual
95328,visual
95329,visual
95330,visual
95331,visual
95332,visual
95483,visual
95484,visual
95485,visual
95486,visual
95621,wow
95639,wow
95682,wow
95683,wow
95685,wow
95715,wow
95737,wow
95755,wow
95766,wow
95767,wow
95772,wow
95816,wow
95825,wow
95832,wow
95846,wow
95847,wow
95848,wow
95865,wow
95866,wow
95887,wow
95919,wow
95920,wow
95921,wow
95963,wow
95976,wow
95984,wow
96013,wow
96014,wow
96023,wow
96054,wow
96055,wow
96068,wow
96079,wow
96080,wow
96096,wow
96097,wow
96115,wow
96116,wow
96126,wow
96136,wow
96139,wow
96143,wow
96149,wow
96157,wow
96158,wow
96171,wow
96174,wow
96175,wow
96211,wow
96250,wow
96264,wow
96282,wow
96296,wow
96299,wow
96350,wow
96366,wow
96369,wow
96370,wow
96381,wow
96382,wow
96383,wow
96384,wow
96391,wow
96401,wow
96413,wow
96414,wow
96433,wow
96449,wow
96450,wow
96451,wow
96468,wow
96481,wow
96482,wow
96497,wow
96499,wow
96500,wow
96516,wow
96530,wow
96531,wow
96532,wow
96550,wow
96568,wow
96575,wow
96594,wow
96602,wow
96618,wow
96619,wow
96621,wow
96624,wow
96625,wow
96626,wow
96636,wow
96651,wow
96652,wow
96673,wow
96682,wow
96704,wow
96705,wow
96714,wow
96715,wow
96719,wow
96749,wow
96750,wow
96753,wow
96757,wow
96758,wow
96759,wow
96765,wow
96766,wow
96767,wow
96768,wow
96800,wow
96810,wow
96837,wow
96838,wow
96839,wow
96881,wow
96887,wow
96893,wow
96900,wow
96901,wow
96914,wow
96915,wow
96949,wow
97001,wow
97002,wow
97003,wow
97049,wow
97050,wow
97051,wow
97057,wow
97058,wow
97064,wow
97086,wow
97087,wow
97098,wow
97120,wow
97126,wow
97143,wow
97180,wow
97181,wow
97182,wow
97192,wow
97216,wow
97227,wow
97228,wow
97229,wow
97245,wow
97246,wow
97247,wow
97251,wow
97252,wow
97254,wow
97255,wow
97256,wow
97264,wow
97274,wow
97282,wow
97284,wow
97285,wow
97288,wow
97303,wow
97314,wow
97324,wow
97330,wow
97331,wow
97348,wow
97349,wow
97357,wow
97378,wow
97405,wow
97406,wow
97408,wow
97409,wow
97410,wow
97419,wow
97420,wow
97423,wow
97437,wow
97473,wow
97475,wow
97495,wow
97496,wow
97497,wow
97498,wow
97517,wow
97518,wow
97531,wow
97532,wow
97533,wow
97535,wow
97536,wow
97596,wow
97597,wow
97605,wow
97616,wow
97628,wow
97629,wow
97634,wow
97637,wow
97638,wow
97654,wow
97660,wow
97664,wow
97665,wow
97669,wow
97678,wow
97706,wow
97707,wow
97716,wow
97717,wow
97732,wow
97735,yes
97755,yes
97756,yes
97757,yes
97758,yes
97789,yes
97790,yes
97791,yes
97792,yes
97800,yes
97801,yes
97802,yes
97803,yes
97804,yes
97879,yes
97880,yes
97881,yes
97938,yes
97939,yes
97953,yes
97982,yes
97983,yes
97984,yes
97985,yes
97986,yes
98049,yes
98050,yes
98051,yes
98052,yes
98053,yes
98096,yes
98127,yes
98128,yes
98129,yes
98130,yes
98131,yes
98144,yes
98145,yes
98146,yes
98147,yes
98148,yes
98158,yes
98166,yes
98208,yes
98209,yes
98210,yes
98251,yes
98252,yes
98253,yes
98283,yes
98284,yes
98285,yes
98338,yes
98413,yes
98430,yes
98472,yes
98473,yes
98474,yes
98475,yes
98476,yes
98506,yes
98538,yes
98578,yes
98585,yes
98623,yes
98624,yes
98629,yes
98658,yes
98713,yes
98715,yes
98716,yes
98717,yes
98718,yes
98719,yes
98720,yes
98721,yes
98748,yes
98749,yes
98750,yes
98751,yes
98766,yes
98784,yes
98785,yes
98791,yes
98792,yes
98797,yes
98798,yes
98799,yes
98800,yes
98801,yes
98802,yes
98803,yes
98807,yes
98823,yes
98824,yes
98825,yes
98826,yes
98827,yes
98852,yes
98865,yes
98866,yes
98867,yes
98868,yes
98869,yes
98878,yes
98879,yes
98915,yes
98957,yes
98958,yes
98986,yes
98987,yes
98988,yes
98989,yes
98990,yes
98991,yes
98992,yes
99041,yes
99042,yes
99043,yes
99044,yes
99045,yes
99056,yes
99057,yes
99060,yes
99061,yes
99062,yes
99063,yes
99064,yes
99143,yes
99144,yes
99145,yes
99146,yes
99193,yes
99199,yes
99200,yes
99201,yes
99202,yes
99217,yes
99219,yes
99220,yes
99221,yes
99222,yes
99235,yes
99236,yes
99269,yes
99270,yes
99294,yes
99295,yes
99296,yes
99297,yes
99298,yes
99309,yes
99321,yes
99322,yes
99323,yes
99345,yes
99350,yes
99361,yes
99362,yes
99363,yes
99364,yes
99412,yes
99413,yes
99414,yes
99433,yes
99434,yes
99443,yes
99444,yes
99445,yes
99446,yes
99447,yes
99473,yes
99481,yes
99482,yes
99483,yes
99484,yes
99490,yes
99491,yes
99492,yes
99493,yes
99494,yes
99507,yes
99580,yes
99581,yes
99585,yes
99586,yes
99587,yes
99588,yes
99589,yes
99613,yes
99614,yes
99615,yes
99616,yes
99617,yes
99618,yes
99619,yes
99622,yes
99637,yes
99663,yes
99664,yes
99698,yes
99699,yes
99700,yes
99701,yes
99702,yes
99717,yes
99718,yes
99719,yes
99720,yes
99721,yes
99744,yes
99745,yes
99746,yes
99747,yes
99748,yes
99749,yes
99766,yes
99772,yes
99818,yes
99852,yes
99853,yes
99854,yes
99855,yes
99856,yes
99857,yes
99858,yes
99859,yes
99875,yes
99876,yes
99877,yes
99878,yes
99918,yes
99919,yes
99938,yes
99939,yes
99940,yes
99941,yes
99942,yes
99945,yes
99964,yes
99965,yes
99966,yes
99967,yes
99983,yes
99984,yes
99985,yes
99986,yes
99987,yes
99988,yes
100067,yes
100077,yes
100078,yes
100081,yes
100095,yes
100096,yes
100097,yes
100098,yes
100099,yes
100100,yes
100133,yes
100134,yes
100135,yes
100188,yes
100189,yes
100190,yes
100191,yes
100192,yes
100215,yes
100234,yes
100235,yes
100248,yes
100250,yes
100251,yes
100397,yes
100407,yes
100408,yes
100409,yes
100410,yes
100411,yes
100428,yes
100457,yes
100458,yes
100459,yes
100460,yes
100461,yes
100540,yes
100548,yes
100549,yes
100550,yes
100551,yes
100582,yes
100583,yes
100624,yes
100631,yes
100632,yes
100633,yes
100634,yes
100635,yes
100653,yes
100654,yes
100655,yes
100656,yes
100657,yes
100658,yes
100659,yes
100660,yes
100691,yes
100692,yes
100696,yes
100702,yes
100719,yes
100720,yes
100721,yes
100750,yes
100751,yes
100752,yes
100753,yes
100754,yes
100765,yes
100770,yes
100771,yes
100772,yes
100773,yes
100774,yes
100785,yes
100786,yes
100787,yes
100788,yes
100789,yes
100855,yes
100888,yes
100889,yes
100909,yes
100910,yes
100911,yes
100933,yes
100934,yes
100935,yes
100936,yes
100937,yes
100948,yes
100949,yes
100950,yes
101011,yes
101012,yes
101013,yes
101014,yes
101015,yes
101073,yes
101074,yes
101075,yes
101076,yes
101077,yes
101078,yes
101079,yes
101080,yes
101090,yes
101145,yes
101146,yes
101199,yes
101201,yes
101202,yes
101203,yes
101204,yes
101205,yes
101309,yes
101332,yes
101333,yes
101334,yes
101335,yes
101336,yes
101342,yes
101367,yes
101368,yes
101369,yes
101446,yes
101447,yes
101448,yes
101482,yes
101505,yes
101506,yes
101507,yes
101508,yes
101509,yes
101517,yes
101518,yes
101519,yes
101520,yes
101536,yes
101537,yes
101538,yes
101571,yes
101579,yes
101587,yes
101650,yes
101651,yes
101666,yes
101667,yes
101668,yes
101669,yes
101670,yes
101678,yes
101679,yes
101702,yes
101753,yes
101754,yes
101796,zero
101797,zero
101798,zero
101799,zero
101830,zero
101831,zero
101839,zero
101840,zero
101841,zero
101842,zero
101843,zero
101844,zero
101850,zero
101910,zero
101984,zero
101985,zero
101986,zero
101987,zero
102014,zero
102015,zero
102016,zero
102017,zero
102018,zero
102047,zero
102075,zero
102083,zero
102084,zero
102085,zero
102086,zero
102144,zero
102145,zero
102162,zero
102175,zero
102176,zero
102177,zero
102178,zero
102179,zero
102194,zero
102195,zero
102196,zero
102197,zero
102198,zero
102205,zero
102277,zero
102318,zero
102360,zero
102361,zero
102362,zero
102376,zero
102395,zero
102396,zero
102397,zero
102415,zero
102416,zero
102417,zero
102418,zero
102419,zero
102420,zero
102421,zero
102424,zero
102425,zero
102482,zero
102483,zero
102484,zero
102512,zero
102547,zero
102548,zero
102549,zero
102550,zero
102573,zero
102574,zero
102578,zero
102579,zero
102606,zero
102607,zero
102656,zero
102695,zero
102716,zero
102753,zero
102754,zero
102755,zero
102756,zero
102757,zero
102787,zero
102788,zero
102789,zero
102790,zero
102791,zero
102792,zero
102793,zero
102794,zero
102795,zero
102823,zero
102824,zero
102825,zero
102826,zero
102839,zero
102850,zero
102858,zero
102859,zero
102860,zero
102861,zero
102866,zero
102867,zero
102868,zero
102869,zero
102870,zero
102886,zero
102887,zero
102888,zero
102889,zero
102918,zero
102919,zero
102920,zero
102921,zero
102922,zero
103011,zero
103034,zero
103035,zero
103036,zero
103078,zero
103079,zero
103080,zero
103081,zero
103082,zero
103089,zero
103096,zero
103097,zero
103098,zero
103099,zero
103100,zero
103170,zero
103171,zero
103172,zero
103173,zero
103174,zero
103208,zero
103209,zero
103232,zero
103233,zero
103239,zero
103240,zero
103241,zero
103242,zero
103257,zero
103258,zero
103259,zero
103271,zero
103272,zero
103273,zero
103274,zero
103275,zero
103326,zero
103327,zero
103328,zero
103329,zero
103330,zero
103353,zero
103354,zero
103374,zero
103375,zero
103379,zero
103380,zero
103381,zero
103389,zero
103390,zero
103391,zero
103420,zero
103436,zero
103437,zero
103438,zero
103439,zero
103460,zero
103471,zero
103472,zero
103473,zero
103474,zero
103475,zero
103476,zero
103505,zero
103506,zero
103519,zero
103521,zero
103522,zero
103523,zero
103524,zero
103537,zero
103565,zero
103610,zero
103618,zero
103619,zero
103620,zero
103621,zero
103622,zero
103649,zero
103650,zero
103651,zero
103652,zero
103653,zero
103655,zero
103679,zero
103732,zero
103733,zero
103734,zero
103735,zero
103736,zero
103747,zero
103748,zero
103749,zero
103750,zero
103751,zero
103785,zero
103786,zero
103787,zero
103788,zero
103789,zero
103790,zero
103791,zero
103792,zero
103806,zero
103807,zero
103808,zero
103809,zero
103869,zero
103874,zero
103887,zero
103888,zero
103889,zero
103890,zero
103891,zero
103892,zero
103893,zero
103894,zero
103895,zero
103896,zero
103914,zero
103915,zero
103916,zero
103967,zero
103968,zero
103969,zero
103970,zero
103994,zero
103995,zero
103996,zero
103997,zero
103998,zero
104008,zero
104009,zero
104045,zero
104099,zero
104109,zero
104127,zero
104128,zero
104219,zero
104220,zero
104221,zero
104222,zero
104223,zero
104254,zero
104255,zero
104284,zero
104296,zero
104297,zero
104298,zero
104385,zero
104386,zero
104387,zero
104388,zero
104389,zero
104390,zero
104391,zero
104392,zero
104404,zero
104413,zero
104414,zero
104415,zero
104461,zero
104477,zero
104478,zero
104479,zero
104480,zero
104481,zero
104498,zero
104499,zero
104510,zero
104511,zero
104518,zero
104527,zero
104528,zero
104529,zero
104530,zero
104531,zero
104532,zero
104635,zero
104636,zero
104637,zero
104638,zero
104673,zero
104712,zero
104723,zero
104724,zero
104725,zero
104726,zero
104727,zero
104745,zero
104746,zero
104747,zero
104748,zero
104749,zero
104750,zero
104787,zero
104794,zero
104832,zero
104833,zero
104834,zero
104835,zero
104836,zero
104837,zero
104850,zero
104851,zero
104853,zero
104854,zero
104855,zero
104856,zero
104864,zero
104865,zero
104866,zero
104867,zero
104868,zero
104898,zero
104922,zero
104972,zero
104973,zero
104974,zero
105020,zero
105021,zero
105022,zero
105023,zero
105024,zero
105025,zero
105100,zero
105101,zero
105102,zero
105103,zero
105159,zero
105160,zero
105161,zero
105162,zero
105163,zero
105164,zero
105165,zero
105167,zero
105168,zero
105169,zero
105178,zero
105187,zero
105188,zero
105189,zero
105195,zero
105196,zero
105206,zero
105229,zero
105277,zero
105278,zero
105279,zero
105280,zero
105281,zero
105282,zero
105283,zero
105395,zero
105396,zero
105397,zero
105398,zero
105399,zero
105407,zero
105408,zero
105565,zero
105566,zero
105567,zero
105568,zero
105569,zero
105576,zero
105577,zero
105596,zero
105597,zero
105598,zero
105631,zero
105633,zero
105699,zero
105700,zero
105701,zero
105702,zero
105703,zero
105704,zero
105713,zero
105714,zero
105715,zero
105716,zero
105717,zero
105727,zero
105728,zero
105729,zero
105750,zero
105801,zero
177,backward
178,backward
179,backward
180,backward
181,backward
210,backward
211,backward
212,backward
213,backward
223,backward
224,backward
225,backward
262,backward
263,backward
264,backward
265,backward
266,backward
349,backward
350,backward
351,backward
352,backward
353,backward
383,backward
384,backward
385,backward
386,backward
416,backward
417,backward
418,backward
419,backward
489,backward
490,backward
496,backward
497,backward
595,backward
600,backward
601,backward
602,backward
603,backward
604,backward
605,backward
622,backward
623,backward
624,backward
625,backward
626,backward
665,backward
666,backward
681,backward
726,backward
727,backward
728,backward
729,backward
730,backward
736,backward
737,backward
738,backward
739,backward
740,backward
745,backward
746,backward
747,backward
748,backward
749,backward
767,backward
774,backward
775,backward
776,backward
777,backward
778,backward
856,backward
857,backward
858,backward
859,backward
860,backward
922,backward
923,backward
924,backward
925,backward
932,backward
951,backward
952,backward
953,backward
954,backward
955,backward
956,backward
957,backward
958,backward
959,backward
965,backward
966,backward
967,backward
968,backward
1020,backward
1021,backward
1022,backward
1023,backward
1024,backward
1025,backward
1026,backward
1088,backward
1089,backward
1098,backward
1175,backward
1176,backward
1177,backward
1178,backward
1179,backward
1207,backward
1208,backward
1209,backward
1210,backward
1211,backward
1223,backward
1224,backward
1225,backward
1226,backward
1231,backward
1274,backward
1297,backward
1298,backward
1299,backward
1300,backward
1301,backward
1356,backward
1357,backward
1358,backward
1359,backward
1360,backward
1361,backward
1362,backward
1383,backward
1384,backward
1385,backward
1386,backward
1418,backward
1419,backward
1420,backward
1421,backward
1422,backward
1423,backward
1424,backward
1425,backward
1431,backward
1432,backward
1433,backward
1524,backward
1525,backward
1526,backward
1527,backward
1528,backward
1529,backward
1572,backward
1573,backward
1574,backward
1575,backward
1635,backward
1636,backward
1637,backward
1638,backward
1639,backward
1640,backward
1641,backward
1642,backward
1643,backward
1644,backward
1676,bed
1677,bed
1726,bed
1739,bed
1740,bed
1756,bed
1758,bed
1761,bed
1763,bed
1775,bed
1795,bed
1814,bed
1815,bed
1820,bed
1885,bed
1919,bed
1928,bed
1929,bed
1940,bed
1947,bed
1948,bed
1951,bed
1966,bed
1970,bed
1972,bed
1989,bed
1998,bed
1999,bed
2015,bed
2016,bed
2017,bed
2020,bed
2044,bed
2045,bed
2055,bed
2056,bed
2074,bed
2077,bed
2084,bed
2097,bed
2103,bed
2118,bed
2123,bed
2150,bed
2175,bed
2184,bed
2185,bed
2186,bed
2188,bed
2189,bed
2191,bed
2204,bed
2205,bed
2231,bed
2232,bed
2233,bed
2242,bed
2243,bed
2244,bed
2276,bed
2327,bed
2340,bed
2342,bed
2343,bed
2345,bed
2346,bed
2357,bed
2358,bed
2369,bed
2380,bed
2407,bed
2408,bed
2409,bed
2419,bed
2420,bed
2455,bed
2456,bed
2457,bed
2469,bed
2477,bed
2478,bed
2480,bed
2484,bed
2497,bed
2498,bed
2502,bed
2503,bed
2504,bed
2541,bed
2548,bed
2565,bed
2573,bed
2574,bed
2590,bed
2604,bed
2605,bed
2609,bed
2618,bed
2647,bed
2731,bed
2732,bed
2733,bed
2734,bed
2735,bed
2737,bed
2744,bed
2745,bed
2762,bed
2767,bed
2768,bed
2769,bed
2782,bed
2796,bed
2827,bed
2828,bed
2836,bed
2840,bed
2841,bed
2855,bed
2863,bed
2867,bed
2872,bed
2873,bed
2886,bed
2887,bed
2928,bed
2939,bed
2940,bed
2941,bed
2942,bed
2943,bed
2944,bed
2951,bed
2952,bed
2976,bed
2977,bed
3003,bed
3005,bed
3012,bed
3023,bed
3031,bed
3090,bed
3095,bed
3097,bed
3115,bed
3116,bed
3117,bed
3134,bed
3156,bed
3179,bed
3206,bed
3207,bed
3208,bed
3245,bed
3275,bed
3287,bed
3288,bed
3291,bed
3310,bed
3314,bed
3332,bed
3344,bed
3345,bed
3358,bed
3362,bed
3365,bed
3366,bed
3374,bed
3384,bed
3394,bed
3395,bed
3401,bed
3402,bed
3403,bed
3404,bed
3405,bed
3409,bed
3416,bed
3427,bed
3428,bed
3429,bed
3440,bed
3441,bed
3445,bed
3451,bed
3461,bed
3475,bed
3480,bed
3484,bed
3575,bed
3576,bed
3590,bed
3597,bed
3598,bed
3599,bed
3605,bed
3607,bed
3608,bed
3634,bed
3642,bed
3654,bed
3659,bed
3690,bird
3727,bird
3742,bird
3748,bird
3764,bird
3766,bird
3772,bird
3774,bird
3784,bird
3785,bird
3804,bird
3816,bird
3817,bird
3927,bird
3928,bird
3939,bird
3940,bird
3955,bird
3956,bird
3957,bird
3963,bird
3968,bird
3980,bird
3984,bird
3986,bird
3987,bird
4001,bird
4009,bird
4010,bird
4029,bird
4030,bird
4034,bird
4038,bird
4062,bird
4089,bird
4090,bird
4100,bird
4101,bird
4102,bird
4110,bird
4111,bird
4122,bird
4123,bird
4125,bird
4144,bird
4155,bird
4193,bird
4212,bird
4220,bird
4229,bird
4230,bird
4231,bird
4234,bird
4237,bird
4238,bird
4239,bird
4243,bird
4251,bird
4272,bird
4273,bird
4274,bird
4335,bird
4336,bird
4374,bird
4376,bird
4383,bird
4386,bird
4387,bird
4388,bird
4401,bird
4409,bird
4410,bird
4413,bird
4414,bird
4418,bird
4419,bird
4430,bird
4443,bird
4444,bird
4453,bird
4515,bird
4525,bird
4526,bird
4527,bird
4528,bird
4536,bird
4548,bird
4559,bird
4590,bird
4600,bird
4604,bird
4609,bird
4624,bird
4631,bird
4662,bird
4671,bird
4729,bird
4748,bird
4784,bird
4785,bird
4786,bird
4787,bird
4789,bird
4807,bird
4808,bird
4809,bird
4810,bird
4811,bird
4825,bird
4826,bird
4837,bird
4838,bird
4867,bird
4876,bird
4878,bird
4879,bird
4886,bird
4890,bird
4899,bird
4900,bird
4905,bird
4906,bird
4907,bird
4931,bird
4933,bird
4962,bird
4963,bird
4984,bird
4987,bird
4998,bird
4999,bird
5012,bird
5013,bird
5036,bird
5037,bird
5052,bird
5070,bird
5071,bird
5074,bird
5075,bird
5086,bird
5148,bird
5153,bird
5154,bird
5175,bird
5176,bird
5177,bird
5178,bird
5181,bird
5191,bird
5213,bird
5217,bird
5234,bird
5235,bird
5236,bird
5257,bird
5270,bird
5271,bird
5306,bird
5335,bird
5336,bird
5337,bird
5343,bird
5344,bird
5346,bird
5347,bird
5351,bird
5352,bird
5371,bird
5374,bird
5375,bird
5401,bird
5402,bird
5420,bird
5421,bird
5430,bird
5445,bird
5449,bird
5454,bird
5457,bird
5471,bird
5481,bird
5493,bird
5494,bird
5496,bird
5505,bird
5508,bird
5515,bird
5525,bird
5540,bird
5546,bird
5580,bird
5604,bird
5611,bird
5612,bird
5636,bird
5644,bird
5646,bird
5650,bird
5657,bird
5667,bird
5668,bird
5670,bird
5702,bird
5703,bird
5713,bird
5717,bird
5752,cat
5768,cat
5801,cat
5808,cat
5832,cat
5834,cat
5836,cat
5837,cat
5855,cat
5856,cat
5857,cat
5858,cat
5874,cat
5886,cat
5938,cat
5951,cat
5994,cat
5997,cat
6031,cat
6037,cat
6045,cat
6050,cat
6052,cat
6055,cat
6056,cat
6071,cat
6079,cat
6093,cat
6094,cat
6103,cat
6104,cat
6141,cat
6142,cat
6143,cat
6176,cat
6177,cat
6190,cat
6191,cat
6211,cat
6212,cat
6242,cat
6268,cat
6269,cat
6299,cat
6309,cat
6310,cat
6336,cat
6339,cat
6344,cat
6345,cat
6382,cat
6418,cat
6419,cat
6424,cat
6425,cat
6427,cat
6428,cat
6429,cat
6430,cat
6439,cat
6445,cat
6454,cat
6461,cat
6475,cat
6483,cat
6484,cat
6485,cat
6486,cat
6519,cat
6520,cat
6525,cat
6526,cat
6534,cat
6535,cat
6547,cat
6553,cat
6618,cat
6627,cat
6632,cat
6640,cat
6647,cat
6648,cat
6687,cat
6726,cat
6753,cat
6754,cat
6783,cat
6833,cat
6834,cat
6835,cat
6836,cat
6843,cat
6866,cat
6868,cat
6910,cat
6911,cat
6917,cat
6921,cat
6934,cat
6935,cat
6940,cat
6966,cat
6995,cat
6996,cat
6999,cat
7017,cat
7020,cat
7021,cat
7022,cat
7033,cat
7034,cat
7095,cat
7096,cat
7097,cat
7101,cat
7105,cat
7106,cat
7117,cat
7118,cat
7124,cat
7125,cat
7126,cat
7189,cat
7193,cat
7200,cat
7202,cat
7221,cat
7227,cat
7239,cat
7248,cat
7261,cat
7270,cat
7278,cat
7327,cat
7332,cat
7351,cat
7360,cat
7361,cat
7362,cat
7363,cat
7364,cat
7369,cat
7370,cat
7371,cat
7384,cat
7388,cat
7397,cat
7401,cat
7402,cat
7403,cat
7404,cat
7420,cat
7421,cat
7423,cat
7424,cat
7425,cat
7441,cat
7442,cat
7443,cat
7450,cat
7451,cat
7452,cat
7457,cat
7467,cat
7468,cat
7473,cat
7474,cat
7479,cat
7483,cat
7484,cat
7485,cat
7486,cat
7487,cat
7502,cat
7506,cat
7521,cat
7522,cat
7537,cat
7545,cat
7546,cat
7553,cat
7571,cat
7631,cat
7637,cat
7638,cat
7670,cat
7671,cat
7672,cat
7681,cat
7683,cat
7686,cat
7690,cat
7698,cat
7699,cat
7700,cat
7701,cat
7710,cat
7711,cat
7726,cat
7727,cat
7745,cat
7746,cat
7751,cat
7780,dog
7847,dog
7861,dog
7884,dog
7888,dog
7890,dog
7908,dog
7909,dog
7929,dog
7941,dog
7946,dog
7956,dog
7957,dog
7961,dog
7993,dog
8013,dog
8057,dog
8059,dog
8069,dog
8070,dog
8071,dog
8091,dog
8110,dog
8115,dog
8117,dog
8118,dog
8120,dog
8121,dog
8122,dog
8137,dog
8138,dog
8139,dog
8148,dog
8165,dog
8170,dog
8174,dog
8192,dog
8217,dog
8231,dog
8232,dog
8239,dog
8250,dog
8270,dog
8290,dog
8291,dog
8355,dog
8361,dog
8365,dog
8366,dog
8367,dog
8370,dog
8378,dog
8379,dog
8380,dog
8396,dog
8401,dog
8407,dog
8442,dog
8443,dog
8444,dog
8455,dog
8456,dog
8489,dog
8490,dog
8500,dog
8501,dog
8502,dog
8505,dog
8514,dog
8517,dog
8523,dog
8524,dog
8535,dog
8552,dog
8559,dog
8560,dog
8594,dog
8600,dog
8621,dog
8622,dog
8623,dog
8624,dog
8633,dog
8687,dog
8699,dog
8703,dog
8707,dog
8708,dog
8709,dog
8717,dog
8722,dog
8730,dog
8731,dog
8742,dog
8743,dog
8772,dog
8782,dog
8864,dog
8881,dog
8897,dog
8908,dog
8915,dog
8916,dog
8917,dog
8918,dog
8926,dog
8927,dog
8951,dog
8952,dog
8955,dog
8957,dog
8970,dog
8971,dog
8997,dog
9000,dog
9001,dog
9008,dog
9012,dog
9028,dog
9029,dog
9030,dog
9053,dog
9054,dog
9057,dog
9083,dog
9085,dog
9108,dog
9130,dog
9148,dog
9160,dog
9179,dog
9180,dog
9182,dog
9202,dog
9209,dog
9260,dog
9261,dog
9266,dog
9269,dog
9270,dog
9272,dog
9291,dog
9292,dog
9301,dog
9312,dog
9319,dog
9320,dog
9355,dog
9356,dog
9368,dog
9381,dog
9382,dog
9421,dog
9427,dog
9428,dog
9429,dog
9430,dog
9450,dog
9453,dog
9461,dog
9464,dog
9467,dog
9468,dog
9487,dog
9488,dog
9493,dog
9497,dog
9498,dog
9514,dog
9515,dog
9537,dog
9540,dog
9541,dog
9558,dog
9559,dog
9560,dog
9561,dog
9583,dog
9584,dog
9585,dog
9586,dog
9592,dog
9597,dog
9601,dog
9602,dog
9603,dog
9616,dog
9619,dog
9633,dog
9634,dog
9636,dog
9651,dog
9654,dog
9670,dog
9671,dog
9672,dog
9673,dog
9687,dog
9731,dog
9732,dog
9744,dog
9759,dog
9768,dog
9788,dog
9804,dog
9805,dog
9813,dog
9823,dog
9824,dog
9857,dog
9867,dog
9868,dog
9874,dog
10014,down
10015,down
10016,down
10017,down
10102,down
10103,down
10104,down
10105,down
10106,down
10111,down
10126,down
10127,down
10128,down
10129,down
10130,down
10131,down
10132,down
10159,down
10174,down
10190,down
10191,down
10203,down
10210,down
10211,down
10280,down
10303,down
10304,down
10305,down
10306,down
10307,down
10394,down
10395,down
10396,down
10397,down
10398,down
10399,down
10430,down
10482,down
10507,down
10508,down
10509,down
10510,down
10511,down
10525,down
10526,down
10527,down
10528,down
10537,down
10574,down
10575,down
10576,down
10577,down
10615,down
10616,down
10623,down
10635,down
10636,down
10687,down
10688,down
10689,down
10690,down
10691,down
10692,down
10693,down
10694,down
10695,down
10696,down
10697,down
10712,down
10765,down
10766,down
10767,down
10768,down
10769,down
10770,down
10783,down
10784,down
10803,down
10804,down
10805,down
10806,down
10807,down
10808,down
10852,down
10862,down
10863,down
10864,down
10903,down
10940,down
10981,down
10982,down
10983,down
10984,down
11010,down
11022,down
11030,down
11076,down
11077,down
11078,down
11082,down
11154,down
11183,down
11257,down
11258,down
11259,down
11260,down
11261,down
11262,down
11263,down
11273,down
11276,down
11277,down
11292,down
11293,down
11304,down
11305,down
11306,down
11307,down
11308,down
11309,down
11310,down
11320,down
11347,down
11348,down
11349,down
11350,down
11351,down
11388,down
11448,down
11450,down
11462,down
11486,down
11500,down
11501,down
11502,down
11507,down
11533,down
11538,down
11610,down
11611,down
11618,down
11619,down
11620,down
11621,down
11622,down
11629,down
11636,down
11637,down
11638,down
11639,down
11649,down
11664,down
11665,down
11666,down
11667,down
11687,down
11688,down
11704,down
11716,down
11717,down
11718,down
11719,down
11720,down
11788,down
11789,down
11836,down
11893,down
11894,down
11895,down
11896,down
11897,down
11917,down
11918,down
11919,down
11920,down
11935,down
11951,down
11952,down
11979,down
11980,down
11981,down
11982,down
12021,down
12027,down
12028,down
12029,down
12030,down
12031,down
12058,down
12069,down
12070,down
12109,down
12110,down
12115,down
12116,down
12117,down
12118,down
12119,down
12120,down
12121,down
12122,down
12123,down
12124,down
12137,down
12138,down
12139,down
12140,down
12141,down
12152,down
12153,down
12154,down
12155,down
12156,down
12168,down
12169,down
12179,down
12180,down
12181,down
12219,down
12228,down
12297,down
12298,down
12299,down
12300,down
12301,down
12302,down
12303,down
12305,down
12350,down
12351,down
12354,down
12355,down
12356,down
12374,down
12375,down
12396,down
12433,down
12484,down
12485,down
12486,down
12487,down
12488,down
12489,down
12492,down
12520,down
12653,down
12654,down
12655,down
12656,down
12657,down
12666,down
12667,down
12668,down
12669,down
12670,down
12671,down
12673,down
12674,down
12675,down
12676,down
12716,down
12717,down
12718,down
12719,down
12720,down
12721,down
12722,down
12723,down
12724,down
12749,down
12758,down
12759,down
12760,down
12761,down
12770,down
12771,down
12790,down
12791,down
12805,down
12831,down
12844,down
12845,down
12846,down
12847,down
12848,down
12856,down
12894,down
12895,down
12976,down
12977,down
12978,down
12979,down
13043,down
13044,down
13045,down
13046,down
13065,down
13071,down
13077,down
13095,down
13098,down
13099,down
13100,down
13101,down
13102,down
13147,down
13149,down
13174,down
13175,down
13211,down
13212,down
13213,down
13214,down
13215,down
13226,down
13235,down
13254,down
13255,down
13260,down
13262,down
13265,down
13266,down
13274,down
13278,down
13279,down
13280,down
13281,down
13282,down
13283,down
13284,down
13285,down
13286,down
13287,down
13288,down
13289,down
13291,down
13292,down
13293,down
13294,down
13295,down
13318,down
13319,down
13320,down
13321,down
13322,down
13329,down
13330,down
13331,down
13332,down
13346,down
13347,down
13349,down
13381,down
13382,down
13383,down
13384,down
13385,down
13405,down
13427,down
13432,down
13525,down
13549,down
13550,down
13551,down
13563,down
13564,down
13565,down
13623,down
13634,down
13635,down
13636,down
13637,down
13638,down
13658,down
13659,down
13669,down
13670,down
13676,down
13677,down
13701,down
13727,down
13743,down
13744,down
13765,down
13766,down
13767,down
13768,down
13769,down
13770,down
13771,down
13776,down
13777,down
13778,down
13779,down
13780,down
13943,eight
13944,eight
13945,eight
13946,eight
13947,eight
13959,eight
14027,eight
14028,eight
14029,eight
14030,eight
14031,eight
14032,eight
14039,eight
14045,eight
14046,eight
14062,eight
14063,eight
14064,eight
14065,eight
14066,eight
14067,eight
14082,eight
14120,eight
14121,eight
14122,eight
14130,eight
14211,eight
14212,eight
14213,eight
14214,eight
14215,eight
14282,eight
14283,eight
14284,eight
14285,eight
14287,eight
14288,eight
14289,eight
14290,eight
14314,eight
14385,eight
14386,eight
14387,eight
14388,eight
14389,eight
14400,eight
14401,eight
14402,eight
14403,eight
14413,eight
14414,eight
14443,eight
14454,eight
14455,eight
14456,eight
14457,eight
14493,eight
14501,eight
14502,eight
14509,eight
14510,eight
14564,eight
14565,eight
14566,eight
14567,eight
14568,eight
14569,eight
14570,eight
14571,eight
14572,eight
14573,eight
14634,eight
14635,eight
14636,eight
14637,eight
14638,eight
14660,eight
14661,eight
14662,eight
14663,eight
14707,eight
14708,eight
14709,eight
14710,eight
14711,eight
14747,eight
14748,eight
14792,eight
14841,eight
14842,eight
14843,eight
14844,eight
14845,eight
14865,eight
14885,eight
14892,eight
14893,eight
14897,eight
14938,eight
14939,eight
14942,eight
14943,eight
14944,eight
15021,eight
15024,eight
15045,eight
15108,eight
15109,eight
15120,eight
15121,eight
15122,eight
15123,eight
15124,eight
15125,eight
15134,eight
15135,eight
15136,eight
15137,eight
15139,eight
15163,eight
15164,eight
15165,eight
15166,eight
15167,eight
15168,eight
15175,eight
15184,eight
15210,eight
15211,eight
15212,eight
15213,eight
15214,eight
15230,eight
15254,eight
15296,eight
15314,eight
15315,eight
15316,eight
15318,eight
15319,eight
15320,eight
15334,eight
15335,eight
15363,eight
15364,eight
15377,eight
15378,eight
15384,eight
15413,eight
15464,eight
15465,eight
15479,eight
15480,eight
15481,eight
15482,eight
15494,eight
15495,eight
15496,eight
15497,eight
15505,eight
15522,eight
15523,eight
15524,eight
15525,eight
15526,eight
15540,eight
15554,eight
15599,eight
15600,eight
15601,eight
15602,eight
15735,eight
15736,eight
15770,eight
15784,eight
15785,eight
15786,eight
15787,eight
15788,eight
15836,eight
15840,eight
15841,eight
15851,eight
15852,eight
15871,eight
15884,eight
15902,eight
15903,eight
15924,eight
15925,eight
15931,eight
15932,eight
15933,eight
15934,eight
15935,eight
15950,eight
15965,eight
16014,eight
16015,eight
16016,eight
16017,eight
16018,eight
16019,eight
16020,eight
16021,eight
16022,eight
16030,eight
16031,eight
16032,eight
16042,eight
16043,eight
16044,eight
16045,eight
16046,eight
16059,eight
16060,eight
16061,eight
16075,eight
16076,eight
16118,eight
16166,eight
16167,eight
16168,eight
16169,eight
16171,eight
16222,eight
16227,eight
16240,eight
16263,eight
16264,eight
16265,eight
16266,eight
16348,eight
16349,eight
16350,eight
16368,eight
16369,eight
16382,eight
16383,eight
16514,eight
16526,eight
16527,eight
16528,eight
16529,eight
16530,eight
16536,eight
16537,eight
16538,eight
16539,eight
16540,eight
16541,eight
16542,eight
16544,eight
16545,eight
16546,eight
16547,eight
16593,eight
16594,eight
16595,eight
16596,eight
16597,eight
16622,eight
16623,eight
16633,eight
16634,eight
16635,eight
16636,eight
16647,eight
16689,eight
16703,eight
16704,eight
16705,eight
16820,eight
16821,eight
16822,eight
16823,eight
16881,eight
16882,eight
16883,eight
16884,eight
16885,eight
16892,eight
16893,eight
16900,eight
16901,eight
16907,eight
16914,eight
16915,eight
16916,eight
16918,eight
16941,eight
16942,eight
16943,eight
16944,eight
16945,eight
16960,eight
16961,eight
16982,eight
16985,eight
17005,eight
17027,eight
17030,eight
17043,eight
17044,eight
17068,eight
17071,eight
17072,eight
17083,eight
17086,eight
17087,eight
17088,eight
17089,eight
17090,eight
17091,eight
17092,eight
17093,eight
17094,eight
17095,eight
17096,eight
17097,eight
17098,eight
17099,eight
17100,eight
17103,eight
17104,eight
17105,eight
17106,eight
17107,eight
17108,eight
17120,eight
17129,eight
17130,eight
17131,eight
17132,eight
17133,eight
17134,eight
17135,eight
17136,eight
17137,eight
17154,eight
17156,eight
17192,eight
17193,eight
17194,eight
17200,eight
17212,eight
17213,eight
17241,eight
17323,eight
17324,eight
17354,eight
17355,eight
17356,eight
17357,eight
17358,eight
17359,eight
17360,eight
17422,eight
17432,eight
17433,eight
17443,eight
17444,eight
17445,eight
17446,eight
17470,eight
17471,eight
17472,eight
17473,eight
17537,eight
17538,eight
17560,eight
17561,eight
17562,eight
17563,eight
17564,eight
17569,eight
17570,eight
17571,eight
17572,eight
17573,eight
17624,five
17726,five
17727,five
17728,five
17729,five
17730,five
17759,five
17760,five
17761,five
17764,five
17810,five
17812,five
17813,five
17814,five
17815,five
17816,five
17819,five
17820,five
17821,five
17822,five
17829,five
17830,five
17831,five
17854,five
17855,five
17856,five
17857,five
17858,five
17859,five
17910,five
18009,five
18026,five
18027,five
18028,five
18029,five
18030,five
18103,five
18104,five
18105,five
18106,five
18107,five
18108,five
18109,five
18110,five
18111,five
18112,five
18113,five
18135,five
18139,five
18188,five
18189,five
18194,five
18218,five
18219,five
18220,five
18221,five
18222,five
18232,five
18233,five
18234,five
18235,five
18236,five
18239,five
18249,five
18290,five
18292,five
18301,five
18302,five
18303,five
18304,five
18305,five
18352,five
18359,five
18360,five
18361,five
18362,five
18363,five
18366,five
18375,five
18376,five
18423,five
18424,five
18425,five
18426,five
18427,five
18428,five
18429,five
18430,five
18431,five
18432,five
18433,five
18486,five
18487,five
18488,five
18489,five
18490,five
18491,five
18503,five
18504,five
18523,five
18524,five
18525,five
18526,five
18527,five
18583,five
18584,five
18585,five
18586,five
18622,five
18623,five
18624,five
18665,five
18666,five
18667,five
18668,five
18722,five
18723,five
18724,five
18741,five
18755,five
18756,five
18757,five
18771,five
18772,five
18773,five
18781,five
18818,five
18819,five
18824,five
18825,five
18826,five
18827,five
18828,five
18832,five
18833,five
18834,five
18835,five
18836,five
18837,five
18838,five
18849,five
18916,five
18920,five
18941,five
19009,five
19011,five
19012,five
19031,five
19032,five
19033,five
19034,five
19035,five
19045,five
19046,five
19079,five
19080,five
19081,five
19082,five
19083,five
19084,five
19089,five
19092,five
19127,five
19128,five
19129,five
19130,five
19149,five
19162,five
19163,five
19164,five
19173,five
19174,five
19211,five
19237,five
19238,five
19239,five
19240,five
19276,five
19328,five
19337,five
19338,five
19344,five
19345,five
19346,five
19415,five
19423,five
19424,five
19425,five
19426,five
19427,five
19441,five
19442,five
19443,five
19444,five
19445,five
19451,five
19462,five
19463,five
19464,five
19465,five
19466,five
19497,five
19498,five
19541,five
19542,five
19543,five
19551,five
19552,five
19553,five
19554,five
19555,five
19556,five
19580,five
19625,five
19734,five
19735,five
19736,five
19737,five
19738,five
19794,five
19815,five
19816,five
19833,five
19834,five
19868,five
19869,five
19872,five
19873,five
19874,five
19881,five
19882,five
19883,five
19884,five
19885,five
19907,five
19908,five
19928,five
19929,five
19967,five
19974,five
19975,five
19976,five
19977,five
19978,five
19979,five
19980,five
19981,five
19982,five
19983,five
20001,five
20002,five
20003,five
20004,five
20005,five
20016,five
20017,five
20018,five
20019,five
20020,five
20037,five
20047,five
20058,five
20099,five
20153,five
20154,five
20155,five
20156,five
20157,five
20207,five
20208,five
20209,five
20239,five
20240,five
20304,five
20338,five
20339,five
20340,five
20341,five
20342,five
20350,five
20369,five
20504,five
20513,five
20514,five
20515,five
20516,five
20517,five
20525,five
20526,five
20527,five
20528,five
20529,five
20531,five
20532,five
20533,five
20534,five
20535,five
20578,five
20579,five
20580,five
20581,five
20582,five
20603,five
20616,five
20617,five
20618,five
20619,five
20620,five
20653,five
20694,five
20695,five
20742,five
20743,five
20759,five
20832,five
20833,five
20834,five
20835,five
20836,five
20842,five
20843,five
20896,five
20897,five
20898,five
20899,five
20900,five
20918,five
20924,five
20925,five
20933,five
20954,five
20955,five
20956,five
20957,five
20958,five
21011,five
21012,five
21016,five
21017,five
21042,five
21081,five
21082,five
21086,five
21087,five
21105,five
21106,five
21107,five
21108,five
21109,five
21110,five
21111,five
21114,five
21115,five
21116,five
21117,five
21118,five
21136,five
21155,five
21156,five
21157,five
21158,five
21159,five
21165,five
21166,five
21167,five
21168,five
21169,five
21188,five
21223,five
21224,five
21225,five
21226,five
21227,five
21228,five
21271,five
21384,five
21385,five
21386,five
21387,five
21388,five
21401,five
21452,five
21472,five
21473,five
21474,five
21475,five
21476,five
21534,five
21535,five
21561,five
21579,five
21604,five
21605,five
21606,five
21607,five
21608,five
21609,five
21610,five
21611,five
21619,five
21620,five
21621,five
21622,five
21623,five
21705,follow
21760,follow
21829,follow
21830,follow
21831,follow
21832,follow
21863,follow
21864,follow
21865,follow
21866,follow
21919,follow
21920,follow
21921,follow
21922,follow
22003,follow
22004,follow
22005,follow
22006,follow
22007,follow
22038,follow
22039,follow
22040,follow
22041,follow
22066,follow
22067,follow
22068,follow
22157,follow
22158,follow
22159,follow
22160,follow
22240,follow
22246,follow
22247,follow
22248,follow
22249,follow
22250,follow
22251,follow
22252,follow
22268,follow
22269,follow
22270,follow
22271,follow
22302,follow
22312,follow
22313,follow
22328,follow
22355,follow
22356,follow
22357,follow
22358,follow
22359,follow
22365,follow
22366,follow
22367,follow
22368,follow
22369,follow
22370,follow
22371,follow
22372,follow
22373,follow
22374,follow
22391,follow
22392,follow
22393,follow
22394,follow
22437,follow
22438,follow
22460,follow
22461,follow
22462,follow
22463,follow
22520,follow
22526,follow
22527,follow
22528,follow
22529,follow
22546,follow
22547,follow
22548,follow
22549,follow
22550,follow
22551,follow
22552,follow
22557,follow
22558,follow
22559,follow
22560,follow
22561,follow
22616,follow
22617,follow
22618,follow
22619,follow
22620,follow
22621,follow
22783,follow
22784,follow
22785,follow
22786,follow
22807,follow
22808,follow
22809,follow
22810,follow
22820,follow
22821,follow
22822,follow
22823,follow
22824,follow
22852,follow
22884,follow
22885,follow
22886,follow
22887,follow
22931,follow
22932,follow
22933,follow
22934,follow
22935,follow
22985,follow
22988,follow
22989,follow
22990,follow
22991,follow
22992,follow
22993,follow
22994,follow
22995,follow
22996,follow
22997,follow
22998,follow
22999,follow
23000,follow
23001,follow
23002,follow
23003,follow
23010,follow
23011,follow
23012,follow
23013,follow
23110,follow
23111,follow
23112,follow
23113,follow
23147,follow
23148,follow
23154,follow
23155,follow
23156,follow
23157,follow
23168,follow
23169,follow
23216,follow
23217,follow
23218,follow
23219,follow
23220,follow
23221,follow
23222,follow
23357,forward
23385,forward
23386,forward
23388,forward
23389,forward
23390,forward
23391,forward
23423,forward
23424,forward
23425,forward
23426,forward
23427,forward
23440,forward
23464,forward
23477,forward
23478,forward
23479,forward
23480,forward
23574,forward
23575,forward
23604,forward
23605,forward
23606,forward
23633,forward
23634,forward
23635,forward
23636,forward
23689,forward
23711,forward
23717,forward
23718,forward
23810,forward
23811,forward
23812,forward
23813,forward
23829,forward
23830,forward
23831,forward
23832,forward
23833,forward
23844,forward
23845,forward
23869,forward
23870,forward
23883,forward
23925,forward
23926,forward
23927,forward
23928,forward
23929,forward
23935,forward
23936,forward
23937,forward
23938,forward
23941,forward
23942,forward
23943,forward
23944,forward
23959,forward
23964,forward
23965,forward
23966,forward
23967,forward
23968,forward
24039,forward
24040,forward
24041,forward
24042,forward
24043,forward
24103,forward
24104,forward
24105,forward
24110,forward
24111,forward
24112,forward
24113,forward
24114,forward
24139,forward
24140,forward
24141,forward
24142,forward
24143,forward
24144,forward
24145,forward
24149,forward
24150,forward
24151,forward
24152,forward
24204,forward
24205,forward
24206,forward
24207,forward
24208,forward
24343,forward
24344,forward
24345,forward
24346,forward
24347,forward
24369,forward
24370,forward
24371,forward
24372,forward
24373,forward
24384,forward
24385,forward
24386,forward
24387,forward
24388,forward
24443,forward
24444,forward
24445,forward
24446,forward
24490,forward
24491,forward
24492,forward
24493,forward
24494,forward
24548,forward
24549,forward
24553,forward
24554,forward
24555,forward
24556,forward
24557,forward
24558,forward
24559,forward
24560,forward
24561,forward
24562,forward
24563,forward
24564,forward
24565,forward
24573,forward
24574,forward
24575,forward
24576,forward
24577,forward
24665,forward
24666,forward
24667,forward
24668,forward
24711,forward
24712,forward
24713,forward
24714,forward
24715,forward
24770,forward
24771,forward
24772,forward
24773,forward
24774,forward
24775,forward
24776,forward
24777,forward
24778,forward
24829,four
24908,four
24909,four
24910,four
24911,four
24912,four
24937,four
24938,four
24939,four
24988,four
24989,four
24990,four
24991,four
24992,four
24994,four
24998,four
25023,four
25024,four
25025,four
25026,four
25027,four
25028,four
25029,four
25030,four
25063,four
25077,four
25078,four
25088,four
25140,four
25141,four
25172,four
25173,four
25174,four
25175,four
25176,four
25269,four
25270,four
25271,four
25272,four
25273,four
25274,four
25276,four
25277,four
25278,four
25343,four
25357,four
25379,four
25380,four
25381,four
25382,four
25383,four
25398,four
25399,four
25400,four
25401,four
25410,four
25411,four
25486,four
25538,four
25539,four
25540,four
25541,four
25542,four
25543,four
25544,four
25560,four
25599,four
25618,four
25619,four
25620,four
25621,four
25632,four
25633,four
25648,four
25649,four
25650,four
25651,four
25652,four
25702,four
25703,four
25704,four
25705,four
25706,four
25773,four
25774,four
25830,four
25831,four
25832,four
25833,four
25848,four
25849,four
25858,four
25859,four
25861,four
25862,four
25885,four
25886,four
25887,four
25888,four
25925,four
25926,four
25927,four
25928,four
25929,four
25932,four
25939,four
26002,four
26086,four
26087,four
26088,four
26100,four
26101,four
26102,four
26103,four
26112,four
26113,four
26114,four
26118,four
26139,four
26155,four
26156,four
26157,four
26158,four
26170,four
26171,four
26172,four
26173,four
26174,four
26175,four
26204,four
26205,four
26206,four
26207,four
26208,four
26237,four
26238,four
26249,four
26289,four
26305,four
26306,four
26308,four
26323,four
26324,four
26345,four
26346,four
26347,four
26351,four
26363,four
26364,four
26396,four
26397,four
26405,four
26406,four
26408,four
26409,four
26475,four
26476,four
26477,four
26482,four
26483,four
26484,four
26498,four
26499,four
26500,four
26501,four
26517,four
26518,four
26519,four
26520,four
26529,four
26530,four
26553,four
26583,four
26584,four
26585,four
26592,four
26593,four
26594,four
26595,four
26596,four
26677,four
26722,four
26762,four
26763,four
26764,four
26780,four
26781,four
26782,four
26783,four
26784,four
26806,four
26821,four
26822,four
26825,four
26853,four
26867,four
26907,four
26910,four
26913,four
26919,four
26920,four
26921,four
26922,four
26936,four
26937,four
26938,four
26957,four
26992,four
27000,four
27001,four
27005,four
27006,four
27007,four
27008,four
27009,four
27010,four
27021,four
27022,four
27033,four
27034,four
27035,four
27036,four
27037,four
27038,four
27054,four
27064,four
27097,four
27139,four
27140,four
27141,four
27143,four
27191,four
27192,four
27193,four
27196,four
27197,four
27211,four
27212,four
27303,four
27305,four
27306,four
27307,four
27314,four
27335,four
27336,four
27452,four
27453,four
27463,four
27464,four
27465,four
27466,four
27467,four
27475,four
27476,four
27477,four
27478,four
27479,four
27481,four
27482,four
27483,four
27484,four
27485,four
27533,four
27534,four
27535,four
27536,four
27537,four
27569,four
27570,four
27571,four
27572,four
27590,four
27666,four
27682,four
27753,four
27754,four
27755,four
27762,four
27817,four
27818,four
27819,four
27820,four
27842,four
27843,four
27853,four
27871,four
27872,four
27873,four
27874,four
27875,four
27888,four
27889,four
27910,four
27913,four
27914,four
27958,four
27960,four
27961,four
27971,four
27992,four
28012,four
28013,four
28014,four
28015,four
28016,four
28017,four
28018,four
28019,four
28020,four
28021,four
28024,four
28025,four
28026,four
28027,four
28028,four
28029,four
28042,four
28043,four
28044,four
28059,four
28060,four
28061,four
28062,four
28063,four
28067,four
28068,four
28069,four
28070,four
28071,four
28096,four
28097,four
28117,four
28126,four
28127,four
28128,four
28129,four
28130,four
28135,four
28152,four
28153,four
28154,four
28183,four
28248,four
28271,four
28272,four
28291,four
28292,four
28293,four
28294,four
28295,four
28296,four
28309,four
28351,four
28352,four
28360,four
28361,four
28363,four
28375,four
28376,four
28377,four
28378,four
28379,four
28405,four
28406,four
28440,four
28479,four
28480,four
28481,four
28484,four
28485,four
28486,four
28487,four
28571,go
28592,go
28653,go
28654,go
28655,go
28656,go
28657,go
28691,go
28744,go
28745,go
28748,go
28749,go
28750,go
28751,go
28756,go
28782,go
28783,go
28784,go
28785,go
28786,go
28787,go
28835,go
28850,go
28851,go
28861,go
28862,go
28863,go
28923,go
28935,go
28936,go
28953,go
28954,go
28955,go
28956,go
29025,go
29026,go
29027,go
29028,go
29029,go
29030,go
29031,go
29032,go
29064,go
29102,go
29121,go
29122,go
29123,go
29143,go
29144,go
29145,go
29146,go
29147,go
29161,go
29162,go
29163,go
29164,go
29165,go
29166,go
29167,go
29215,go
29216,go
29266,go
29267,go
29329,go
29330,go
29331,go
29332,go
29333,go
29334,go
29335,go
29336,go
29337,go
29338,go
29349,go
29401,go
29402,go
29403,go
29404,go
29405,go
29406,go
29425,go
29426,go
29441,go
29442,go
29443,go
29444,go
29445,go
29446,go
29492,go
29493,go
29494,go
29503,go
29504,go
29505,go
29506,go
29507,go
29589,go
29590,go
29636,go
29637,go
29638,go
29639,go
29640,go
29664,go
29665,go
29666,go
29672,go
29673,go
29690,go
29694,go
29695,go
29739,go
29740,go
29741,go
29745,go
29746,go
29747,go
29755,go
29843,go
29844,go
29845,go
29913,go
29914,go
29929,go
29930,go
29931,go
29932,go
29942,go
29945,go
29964,go
29977,go
29978,go
29979,go
29980,go
29981,go
29982,go
29983,go
29994,go
29995,go
29996,go
29997,go
30025,go
30026,go
30027,go
30028,go
30029,go
30061,go
30072,go
30111,go
30112,go
30129,go
30130,go
30131,go
30132,go
30133,go
30171,go
30172,go
30189,go
30190,go
30191,go
30224,go
30225,go
30298,go
30299,go
30300,go
30301,go
30313,go
30314,go
30315,go
30316,go
30329,go
30345,go
30346,go
30347,go
30348,go
30358,go
30368,go
30369,go
30392,go
30414,go
30415,go
30416,go
30417,go
30418,go
30523,go
30524,go
30568,go
30569,go
30570,go
30571,go
30572,go
30598,go
30611,go
30612,go
30625,go
30626,go
30645,go
30646,go
30694,go
30700,go
30701,go
30702,go
30703,go
30704,go
30721,go
30791,go
30792,go
30793,go
30794,go
30795,go
30796,go
30797,go
30798,go
30799,go
30813,go
30814,go
30815,go
30822,go
30823,go
30824,go
30825,go
30835,go
30849,go
30850,go
30886,go
30887,go
30888,go
30942,go
30943,go
30944,go
30945,go
30946,go
30990,go
30994,go
30995,go
31010,go
31081,go
31109,go
31113,go
31114,go
31115,go
31116,go
31117,go
31119,go
31126,go
31127,go
31150,go
31276,go
31285,go
31286,go
31287,go
31288,go
31294,go
31295,go
31296,go
31297,go
31298,go
31299,go
31300,go
31301,go
31303,go
31304,go
31305,go
31306,go
31307,go
31347,go
31348,go
31349,go
31350,go
31351,go
31352,go
31353,go
31376,go
31385,go
31386,go
31387,go
31388,go
31389,go
31398,go
31399,go
31432,go
31433,go
31481,go
31482,go
31483,go
31484,go
31532,go
31603,go
31604,go
31605,go
31606,go
31607,go
31615,go
31616,go
31669,go
31670,go
31671,go
31672,go
31673,go
31692,go
31693,go
31694,go
31705,go
31727,go
31728,go
31729,go
31730,go
31731,go
31746,go
31798,go
31800,go
31826,go
31828,go
31839,go
31850,go
31851,go
31873,go
31874,go
31876,go
31877,go
31878,go
31880,go
31891,go
31894,go
31895,go
31896,go
31897,go
31898,go
31899,go
31900,go
31901,go
31902,go
31903,go
31904,go
31905,go
31907,go
31908,go
31909,go
31910,go
31911,go
31930,go
31931,go
31932,go
31933,go
31940,go
31941,go
31942,go
31943,go
31965,go
31966,go
31992,go
32001,go
32002,go
32003,go
32004,go
32006,go
32008,go
32054,go
32055,go
32145,go
32146,go
32147,go
32148,go
32149,go
32162,go
32219,go
32220,go
32221,go
32222,go
32223,go
32235,go
32236,go
32237,go
32238,go
32265,go
32314,go
32330,go
32362,go
32363,go
32364,go
32365,go
32366,go
32368,go
32369,go
32370,go
32371,go
32372,go
32410,happy
32411,happy
32471,happy
32483,happy
32484,happy
32490,happy
32509,happy
32511,happy
32534,happy
32535,happy
32550,happy
32551,happy
32557,happy
32604,happy
32619,happy
32659,happy
32663,happy
32685,happy
32686,happy
32690,happy
32694,happy
32695,happy
32709,happy
32716,happy
32719,happy
32734,happy
32736,happy
32737,happy
32743,happy
32758,happy
32759,happy
32763,happy
32792,happy
32793,happy
32794,happy
32795,happy
32843,happy
32844,happy
32859,happy
32860,happy
32884,happy
32900,happy
32932,happy
32967,happy
32976,happy
32979,happy
32981,happy
32982,happy
32984,happy
32989,happy
33011,happy
33012,happy
33017,happy
33018,happy
33019,happy
33020,happy
33023,happy
33065,happy
33072,happy
33073,happy
33074,happy
33075,happy
33091,happy
33092,happy
33093,happy
33127,happy
33128,happy
33135,happy
33137,happy
33141,happy
33142,happy
33143,happy
33152,happy
33157,happy
33158,happy
33176,happy
33191,happy
33221,happy
33224,happy
33228,happy
33229,happy
33230,happy
33232,happy
33252,happy
33253,happy
33275,happy
33283,happy
33284,happy
33290,happy
33291,happy
33340,happy
33346,happy
33349,happy
33364,happy
33371,happy
33404,happy
33412,happy
33437,happy
33464,happy
33465,happy
33488,happy
33497,happy
33521,happy
33522,happy
33525,happy
33535,happy
33545,happy
33546,happy
33547,happy
33555,happy
33556,happy
33557,happy
33566,happy
33578,happy
33580,happy
33586,happy
33594,happy
33618,happy
33624,happy
33631,happy
33647,happy
33672,happy
33673,happy
33674,happy
33702,happy
33721,happy
33723,happy
33724,happy
33725,happy
33735,happy
33793,happy
33794,happy
33797,happy
33803,happy
33804,happy
33811,happy
33812,happy
33818,happy
33884,happy
33886,happy
33894,happy
33895,happy
33897,happy
33913,happy
33921,happy
33922,happy
33923,happy
33934,happy
33951,happy
33962,happy
33970,happy
33971,happy
33972,happy
33997,happy
33998,happy
34027,happy
34030,happy
34044,happy
34047,happy
34054,happy
34060,happy
34061,happy
34062,happy
34063,happy
34064,happy
34075,happy
34079,happy
34104,happy
34109,happy
34117,happy
34136,happy
34153,happy
34155,happy
34164,happy
34165,happy
34166,happy
34176,happy
34185,happy
34209,happy
34214,happy
34227,happy
34241,happy
34249,happy
34288,happy
34289,happy
34301,happy
34309,happy
34342,happy
34343,happy
34346,happy
34347,happy
34348,happy
34355,happy
34368,happy
34369,happy
34380,happy
34381,happy
34382,happy
34384,happy
34399,happy
34400,happy
34417,happy
34423,happy
34424,happy
34429,happy
34465,house
34466,house
34477,house
34523,house
34543,house
34544,house
34545,house
34573,house
34574,house
34575,house
34578,house
34580,house
34581,house
34593,house
34594,house
34604,house
34611,house
34623,house
34657,house
34685,house
34736,house
34737,house
34739,house
34749,house
34750,house
34758,house
34793,house
34798,house
34800,house
34816,house
34817,house
34839,house
34844,house
34845,house
34846,house
34847,house
34850,house
34871,house
34872,house
34873,house
34919,house
34920,house
34921,house
34922,house
34940,house
34941,house
34989,house
34990,house
35020,house
35054,house
35061,house
35063,house
35064,house
35066,house
35073,house
35100,house
35101,house
35102,house
35103,house
35108,house
35109,house
35115,house
35158,house
35189,house
35190,house
35201,house
35208,house
35215,house
35220,house
35221,house
35225,house
35231,house
35240,house
35251,house
35252,house
35253,house
35292,house
35303,house
35304,house
35305,house
35310,house
35311,house
35326,house
35327,house
35333,house
35346,house
35387,house
35393,house
35399,house
35400,house
35405,house
35412,house
35413,house
35426,house
35440,house
35456,house
35457,house
35458,house
35459,house
35535,house
35564,house
35593,house
35608,house
35609,house
35610,house
35620,house
35621,house
35627,house
35628,house
35638,house
35646,house
35657,house
35666,house
35681,house
35698,house
35699,house
35700,house
35702,house
35703,house
35731,house
35732,house
35738,house
35741,house
35742,house
35756,house
35757,house
35758,house
35759,house
35764,house
35782,house
35819,house
35820,house
35844,house
35845,house
35846,house
35847,house
35852,house
35853,house
35854,house
35863,house
35908,house
35931,house
35954,house
36015,house
36016,house
36021,house
36031,house
36032,house
36058,house
36072,house
36078,house
36089,house
36093,house
36094,house
36117,house
36118,house
36119,house
36123,house
36124,house
36132,house
36133,house
36139,house
36175,house
36179,house
36180,house
36199,house
36205,house
36206,house
36208,house
36211,house
36213,house
36214,house
36215,house
36216,house
36230,house
36234,house
36248,house
36257,house
36258,house
36261,house
36262,house
36279,house
36288,house
36289,house
36290,house
36300,house
36301,house
36306,house
36307,house
36311,house
36312,house
36315,house
36329,house
36345,house
36346,house
36363,house
36371,house
36392,house
36398,house
36404,house
36450,house
36454,house
36483,house
36484,house
36494,house
36501,house
36507,house
36509,house
36530,house
36544,house
36547,house
36611,learn
36668,learn
36738,learn
36741,learn
36742,learn
36743,learn
36744,learn
36769,learn
36770,learn
36771,learn
36772,learn
36773,learn
36774,learn
36791,learn
36809,learn
36824,learn
36825,learn
36826,learn
36827,learn
36906,learn
36907,learn
36908,learn
36938,learn
36939,learn
36963,learn
36964,learn
36965,learn
36966,learn
36967,learn
37031,learn
37058,learn
37059,learn
37060,learn
37061,learn
37062,learn
37154,learn
37155,learn
37156,learn
37157,learn
37158,learn
37159,learn
37160,learn
37161,learn
37178,learn
37179,learn
37180,learn
37181,learn
37182,learn
37196,learn
37197,learn
37224,learn
37239,learn
37240,learn
37279,learn
37280,learn
37281,learn
37282,learn
37287,learn
37288,learn
37289,learn
37290,learn
37291,learn
37292,learn
37293,learn
37294,learn
37295,learn
37308,learn
37309,learn
37310,learn
37354,learn
37378,learn
37379,learn
37380,learn
37381,learn
37434,learn
37435,learn
37441,learn
37442,learn
37443,learn
37463,learn
37467,learn
37468,learn
37469,learn
37470,learn
37471,learn
37472,learn
37478,learn
37479,learn
37480,learn
37537,learn
37538,learn
37539,learn
37540,learn
37541,learn
37542,learn
37600,learn
37607,learn
37679,learn
37680,learn
37681,learn
37682,learn
37705,learn
37706,learn
37707,learn
37708,learn
37719,learn
37720,learn
37721,learn
37722,learn
37723,learn
37763,learn
37791,learn
37792,learn
37793,learn
37794,learn
37795,learn
37847,learn
37848,learn
37849,learn
37850,learn
37867,learn
37868,learn
37869,learn
37898,learn
37902,learn
37903,learn
37904,learn
37905,learn
37906,learn
37907,learn
37908,learn
37909,learn
37910,learn
37919,learn
37920,learn
37921,learn
37922,learn
38023,learn
38024,learn
38025,learn
38026,learn
38063,learn
38064,learn
38065,learn
38066,learn
38067,learn
38076,learn
38121,learn
38122,learn
38123,learn
38124,learn
38125,learn
38126,learn
38127,learn
38128,learn
38129,learn
38161,left
38204,left
38263,left
38264,left
38265,left
38266,left
38267,left
38280,left
38294,left
38344,left
38345,left
38346,left
38347,left
38348,left
38351,left
38352,left
38355,left
38379,left
38380,left
38381,left
38382,left
38383,left
38384,left
38385,left
38402,left
38403,left
38419,left
38438,left
38533,left
38534,left
38535,left
38536,left
38537,left
38612,left
38613,left
38614,left
38615,left
38617,left
38618,left
38640,left
38680,left
38681,left
38695,left
38721,left
38722,left
38723,left
38724,left
38725,left
38738,left
38739,left
38740,left
38741,left
38742,left
38743,left
38754,left
38755,left
38800,left
38844,left
38845,left
38849,left
38850,left
38862,left
38912,left
38913,left
38914,left
38915,left
38916,left
38917,left
38918,left
38919,left
38920,left
38921,left
38922,left
38979,left
38980,left
38981,left
38982,left
38983,left
38984,left
39017,left
39018,left
39020,left
39021,left
39022,left
39023,left
39076,left
39077,left
39078,left
39112,left
39113,left
39158,left
39159,left
39160,left
39212,left
39213,left
39214,left
39233,left
39236,left
39246,left
39247,left
39261,left
39299,left
39304,left
39305,left
39306,left
39315,left
39316,left
39381,left
39387,left
39415,left
39481,left
39482,left
39483,left
39484,left
39485,left
39493,left
39494,left
39495,left
39496,left
39507,left
39510,left
39514,left
39546,left
39547,left
39548,left
39549,left
39550,left
39551,left
39552,left
39553,left
39558,left
39562,left
39563,left
39564,left
39592,left
39593,left
39594,left
39595,left
39596,left
39617,left
39677,left
39699,left
39700,left
39701,left
39716,left
39738,left
39742,left
39755,left
39847,left
39851,left
39852,left
39853,left
39854,left
39855,left
39861,left
39866,left
39867,left
39868,left
39869,left
39870,left
39899,left
39900,left
39901,left
39902,left
39974,left
39975,left
39976,left
39977,left
39978,left
40089,left
40129,left
40130,left
40146,left
40147,left
40148,left
40149,left
40150,left
40172,left
40195,left
40205,left
40206,left
40226,left
40227,left
40278,left
40279,left
40280,left
40281,left
40300,left
40320,left
40361,left
40362,left
40363,left
40364,left
40365,left
40366,left
40367,left
40368,left
40385,left
40386,left
40387,left
40388,left
40397,left
40398,left
40399,left
40400,left
40401,left
40415,left
40416,left
40417,left
40479,left
40526,left
40527,left
40528,left
40529,left
40530,left
40531,left
40532,left
40572,left
40574,left
40575,left
40576,left
40577,left
40660,left
40685,left
40686,left
40687,left
40688,left
40689,left
40697,left
40707,left
40708,left
40723,left
40837,left
40838,left
40839,left
40849,left
40850,left
40851,left
40852,left
40853,left
40862,left
40863,left
40864,left
40865,left
40866,left
40869,left
40870,left
40871,left
40872,left
40873,left
40916,left
40917,left
40918,left
40919,left
40920,left
40941,left
40942,left
40943,left
40953,left
40954,left
40955,left
40964,left
40965,left
40975,left
40989,left
40990,left
41032,left
41048,left
41063,left
41064,left
41134,left
41135,left
41136,left
41137,left
41138,left
41144,left
41194,left
41195,left
41196,left
41197,left
41207,left
41215,left
41216,left
41217,left
41218,left
41219,left
41220,left
41226,left
41227,left
41235,left
41236,left
41237,left
41238,left
41261,left
41262,left
41263,left
41264,left
41265,left
41280,left
41327,left
41329,left
41352,left
41353,left
41384,left
41387,left
41388,left
41403,left
41404,left
41405,left
41409,left
41410,left
41411,left
41412,left
41413,left
41414,left
41415,left
41416,left
41417,left
41418,left
41419,left
41420,left
41423,left
41424,left
41425,left
41426,left
41427,left
41428,left
41455,left
41456,left
41457,left
41458,left
41465,left
41466,left
41467,left
41468,left
41489,left
41510,left
41511,left
41522,left
41523,left
41524,left
41525,left
41529,left
41534,left
41535,left
41571,left
41574,left
41633,left
41648,left
41674,left
41675,left
41676,left
41677,left
41678,left
41679,left
41692,left
41693,left
41737,left
41750,left
41762,left
41763,left
41764,left
41765,left
41766,left
41781,left
41796,left
41797,left
41825,left
41853,left
41893,left
41894,left
41895,left
41896,left
41897,left
41898,left
41904,left
41905,left
41906,left
41907,left
41908,left
42016,marvin
42051,marvin
42053,marvin
42054,marvin
42060,marvin
42061,marvin
42062,marvin
42097,marvin
42113,marvin
42136,marvin
42137,marvin
42142,marvin
42162,marvin
42213,marvin
42214,marvin
42244,marvin
42249,marvin
42253,marvin
42259,marvin
42263,marvin
42265,marvin
42268,marvin
42294,marvin
42295,marvin
42296,marvin
42319,marvin
42325,marvin
42328,marvin
42329,marvin
42352,marvin
42353,marvin
42382,marvin
42383,marvin
42396,marvin
42397,marvin
42410,marvin
42411,marvin
42412,marvin
42413,marvin
42414,marvin
42415,marvin
42417,marvin
42452,marvin
42453,marvin
42482,marvin
42483,marvin
42514,marvin
42526,marvin
42527,marvin
42528,marvin
42529,marvin
42531,marvin
42541,marvin
42542,marvin
42562,marvin
42564,marvin
42614,marvin
42659,marvin
42660,marvin
42670,marvin
42671,marvin
42672,marvin
42674,marvin
42675,marvin
42678,marvin
42682,marvin
42683,marvin
42689,marvin
42695,marvin
42701,marvin
42702,marvin
42703,marvin
42716,marvin
42724,marvin
42730,marvin
42731,marvin
42738,marvin
42739,marvin
42764,marvin
42772,marvin
42773,marvin
42778,marvin
42791,marvin
42792,marvin
42805,marvin
42806,marvin
42807,marvin
42815,marvin
42816,marvin
42833,marvin
42872,marvin
42875,marvin
42876,marvin
42880,marvin
42895,marvin
42949,marvin
42986,marvin
42987,marvin
43016,marvin
43036,marvin
43045,marvin
43055,marvin
43056,marvin
43069,marvin
43070,marvin
43072,marvin
43073,marvin
43083,marvin
43084,marvin
43096,marvin
43097,marvin
43106,marvin
43115,marvin
43116,marvin
43117,marvin
43127,marvin
43133,marvin
43134,marvin
43137,marvin
43148,marvin
43169,marvin
43178,marvin
43179,marvin
43187,marvin
43200,marvin
43221,marvin
43229,marvin
43260,marvin
43261,marvin
43283,marvin
43284,marvin
43288,marvin
43299,marvin
43323,marvin
43339,marvin
43358,marvin
43363,marvin
43369,marvin
43373,marvin
43374,marvin
43375,marvin
43430,marvin
43442,marvin
43444,marvin
43461,marvin
43462,marvin
43474,marvin
43489,marvin
43510,marvin
43514,marvin
43529,marvin
43537,marvin
43538,marvin
43539,marvin
43599,marvin
43603,marvin
43604,marvin
43623,marvin
43632,marvin
43634,marvin
43638,marvin
43639,marvin
43640,marvin
43660,marvin
43682,marvin
43700,marvin
43701,marvin
43702,marvin
43714,marvin
43717,marvin
43722,marvin
43734,marvin
43739,marvin
43747,marvin
43755,marvin
43756,marvin
43757,marvin
43761,marvin
43762,marvin
43770,marvin
43779,marvin
43791,marvin
43792,marvin
43793,marvin
43804,marvin
43805,marvin
43806,marvin
43808,marvin
43812,marvin
43819,marvin
43838,marvin
43843,marvin
43890,marvin
43901,marvin
43940,marvin
43942,marvin
43943,marvin
43951,marvin
43956,marvin
43966,marvin
43968,marvin
43980,marvin
43991,marvin
43992,marvin
43999,marvin
44000,marvin
44013,marvin
44014,marvin
44015,marvin
44023,marvin
44058,nine
44103,nine
44120,nine
44168,nine
44169,nine
44170,nine
44171,nine
44172,nine
44264,nine
44265,nine
44266,nine
44267,nine
44268,nine
44271,nine
44293,nine
44294,nine
44295,nine
44296,nine
44297,nine
44340,nine
44341,nine
44353,nine
44377,nine
44378,nine
44397,nine
44453,nine
44481,nine
44482,nine
44483,nine
44567,nine
44568,nine
44569,nine
44570,nine
44571,nine
44574,nine
44575,nine
44576,nine
44577,nine
44599,nine
44605,nine
44606,nine
44643,nine
44644,nine
44662,nine
44666,nine
44667,nine
44668,nine
44690,nine
44691,nine
44692,nine
44693,nine
44694,nine
44704,nine
44705,nine
44706,nine
44707,nine
44708,nine
44720,nine
44758,nine
44760,nine
44761,nine
44762,nine
44763,nine
44764,nine
44773,nine
44774,nine
44775,nine
44821,nine
44822,nine
44829,nine
44876,nine
44877,nine
44878,nine
44879,nine
44880,nine
44881,nine
44882,nine
44883,nine
44884,nine
44885,nine
44886,nine
44893,nine
44924,nine
44925,nine
44937,nine
44938,nine
44939,nine
44940,nine
44941,nine
44955,nine
44978,nine
44979,nine
44980,nine
44981,nine
45026,nine
45035,nine
45036,nine
45037,nine
45038,nine
45039,nine
45073,nine
45154,nine
45155,nine
45156,nine
45157,nine
45169,nine
45173,nine
45174,nine
45177,nine
45190,nine
45191,nine
45201,nine
45202,nine
45203,nine
45204,nine
45205,nine
45246,nine
45251,nine
45252,nine
45253,nine
45254,nine
45255,nine
45256,nine
45257,nine
45273,nine
45348,nine
45367,nine
45431,nine
45432,nine
45433,nine
45434,nine
45435,nine
45446,nine
45452,nine
45474,nine
45487,nine
45488,nine
45489,nine
45490,nine
45491,nine
45492,nine
45493,nine
45494,nine
45495,nine
45504,nine
45505,nine
45506,nine
45507,nine
45512,nine
45513,nine
45545,nine
45546,nine
45547,nine
45548,nine
45549,nine
45550,nine
45569,nine
45570,nine
45631,nine
45635,nine
45656,nine
45657,nine
45661,nine
45662,nine
45663,nine
45664,nine
45673,nine
45693,nine
45694,nine
45700,nine
45743,nine
45744,nine
45745,nine
45749,nine
45750,nine
45752,nine
45753,nine
45826,nine
45827,nine
45836,nine
45837,nine
45838,nine
45839,nine
45851,nine
45852,nine
45858,nine
45859,nine
45860,nine
45861,nine
45884,nine
45885,nine
45886,nine
45887,nine
45888,nine
45910,nine
45935,nine
45950,nine
45951,nine
45952,nine
45953,nine
46026,nine
46087,nine
46115,nine
46116,nine
46117,nine
46134,nine
46135,nine
46136,nine
46137,nine
46138,nine
46154,nine
46155,nine
46172,nine
46173,nine
46210,nine
46240,nine
46241,nine
46256,nine
46257,nine
46264,nine
46265,nine
46266,nine
46267,nine
46268,nine
46342,nine
46352,nine
46354,nine
46355,nine
46356,nine
46357,nine
46358,nine
46359,nine
46360,nine
46361,nine
46362,nine
46378,nine
46379,nine
46380,nine
46381,nine
46382,nine
46391,nine
46392,nine
46393,nine
46394,nine
46395,nine
46403,nine
46410,nine
46419,nine
46420,nine
46458,nine
46469,nine
46523,nine
46524,nine
46525,nine
46526,nine
46528,nine
46529,nine
46587,nine
46588,nine
46589,nine
46590,nine
46591,nine
46592,nine
46628,nine
46685,nine
46713,nine
46714,nine
46716,nine
46717,nine
46718,nine
46719,nine
46726,nine
46739,nine
46869,nine
46881,nine
46882,nine
46883,nine
46884,nine
46885,nine
46893,nine
46894,nine
46895,nine
46896,nine
46897,nine
46898,nine
46900,nine
46901,nine
46902,nine
46903,nine
46941,nine
46942,nine
46943,nine
46944,nine
46945,nine
46970,nine
46971,nine
46981,nine
46982,nine
46983,nine
46984,nine
46991,nine
47034,nine
47035,nine
47075,nine
47076,nine
47077,nine
47101,nine
47116,nine
47185,nine
47186,nine
47187,nine
47188,nine
47189,nine
47197,nine
47247,nine
47248,nine
47249,nine
47250,nine
47261,nine
47268,nine
47269,nine
47275,nine
47281,nine
47282,nine
47304,nine
47305,nine
47306,nine
47307,nine
47365,nine
47390,nine
47391,nine
47394,nine
47412,nine
47430,nine
47431,nine
47434,nine
47445,nine
47446,nine
47455,nine
47456,nine
47457,nine
47458,nine
47459,nine
47460,nine
47461,nine
47462,nine
47463,nine
47464,nine
47478,nine
47479,nine
47480,nine
47494,nine
47495,nine
47498,nine
47499,nine
47500,nine
47501,nine
47502,nine
47521,nine
47556,nine
47557,nine
47558,nine
47559,nine
47560,nine
47563,nine
47602,nine
47693,nine
47720,nine
47721,nine
47722,nine
47723,nine
47724,nine
47787,nine
47798,nine
47806,nine
47807,nine
47808,nine
47809,nine
47834,nine
47835,nine
47841,nine
47882,nine
47897,nine
47925,nine
47926,nine
47927,nine
47928,nine
47929,nine
47933,nine
47934,nine
47935,nine
47936,nine
47989,no
47990,no
48090,no
48091,no
48092,no
48093,no
48094,no
48118,no
48119,no
48124,no
48180,no
48181,no
48182,no
48183,no
48184,no
48185,no
48186,no
48187,no
48191,no
48197,no
48214,no
48215,no
48216,no
48217,no
48218,no
48233,no
48234,no
48263,no
48264,no
48282,no
48291,no
48292,no
48316,no
48402,no
48403,no
48478,no
48479,no
48480,no
48482,no
48483,no
48484,no
48485,no
48486,no
48510,no
48552,no
48553,no
48554,no
48555,no
48571,no
48604,no
48605,no
48606,no
48607,no
48608,no
48622,no
48623,no
48624,no
48625,no
48626,no
48627,no
48638,no
48671,no
48674,no
48719,no
48726,no
48736,no
48779,no
48780,no
48781,no
48782,no
48783,no
48784,no
48785,no
48786,no
48787,no
48796,no
48825,no
48842,no
48843,no
48844,no
48845,no
48846,no
48880,no
48881,no
48882,no
48883,no
48884,no
48939,no
48940,no
48941,no
48942,no
48974,no
49057,no
49058,no
49059,no
49060,no
49075,no
49080,no
49081,no
49100,no
49102,no
49112,no
49113,no
49152,no
49153,no
49154,no
49155,no
49158,no
49159,no
49231,no
49268,no
49269,no
49332,no
49346,no
49347,no
49348,no
49349,no
49350,no
49351,no
49352,no
49382,no
49395,no
49396,no
49397,no
49398,no
49399,no
49400,no
49401,no
49402,no
49410,no
49417,no
49418,no
49419,no
49449,no
49450,no
49451,no
49452,no
49489,no
49490,no
49526,no
49527,no
49534,no
49554,no
49557,no
49558,no
49559,no
49560,no
49571,no
49600,no
49616,no
49647,no
49648,no
49649,no
49650,no
49720,no
49724,no
49725,no
49726,no
49727,no
49728,no
49735,no
49743,no
49744,no
49745,no
49746,no
49747,no
49757,no
49776,no
49777,no
49778,no
49779,no
49780,no
49789,no
49839,no
49845,no
49846,no
49847,no
49848,no
49909,no
50006,no
50007,no
50024,no
50025,no
50026,no
50027,no
50028,no
50059,no
50060,no
50078,no
50079,no
50082,no
50083,no
50095,no
50116,no
50117,no
50132,no
50164,no
50173,no
50174,no
50175,no
50176,no
50177,no
50193,no
50194,no
50218,no
50219,no
50223,no
50224,no
50264,no
50268,no
50269,no
50270,no
50271,no
50272,no
50273,no
50274,no
50275,no
50276,no
50290,no
50291,no
50292,no
50293,no
50294,no
50295,no
50304,no
50305,no
50306,no
50307,no
50308,no
50317,no
50325,no
50326,no
50327,no
50333,no
50372,no
50426,no
50427,no
50428,no
50429,no
50431,no
50483,no
50484,no
50485,no
50488,no
50505,no
50522,no
50523,no
50612,no
50613,no
50618,no
50619,no
50620,no
50621,no
50630,no
50641,no
50642,no
50659,no
50770,no
50780,no
50781,no
50782,no
50783,no
50784,no
50792,no
50793,no
50794,no
50795,no
50796,no
50797,no
50800,no
50801,no
50802,no
50803,no
50804,no
50846,no
50847,no
50848,no
50849,no
50850,no
50851,no
50891,no
50892,no
50893,no
50894,no
50907,no
50908,no
50941,no
50942,no
50964,no
50982,no
51022,no
51023,no
51126,no
51127,no
51128,no
51129,no
51130,no
51195,no
51196,no
51197,no
51198,no
51207,no
51208,no
51209,no
51215,no
51216,no
51217,no
51218,no
51225,no
51226,no
51235,no
51251,no
51252,no
51253,no
51254,no
51255,no
51271,no
51286,no
51291,no
51309,no
51312,no
51342,no
51343,no
51344,no
51346,no
51356,no
51378,no
51379,no
51380,no
51397,no
51398,no
51399,no
51400,no
51401,no
51402,no
51403,no
51404,no
51405,no
51406,no
51407,no
51408,no
51409,no
51410,no
51411,no
51412,no
51433,no
51434,no
51435,no
51436,no
51442,no
51443,no
51444,no
51460,no
51461,no
51462,no
51488,no
51489,no
51490,no
51501,no
51502,no
51503,no
51504,no
51508,no
51509,no
51510,no
51515,no
51516,no
51526,no
51554,no
51555,no
51663,no
51664,no
51665,no
51666,no
51681,no
51725,no
51746,no
51747,no
51748,no
51749,no
51750,no
51765,no
51766,no
51803,no
51827,no
51868,no
51869,no
51870,no
51871,no
51872,no
51877,no
51878,no
51879,no
51880,no
51881,no
51934,off
51935,off
51936,off
52027,off
52028,off
52029,off
52030,off
52052,off
52053,off
52116,off
52117,off
52118,off
52119,off
52120,off
52125,off
52144,off
52145,off
52146,off
52147,off
52148,off
52149,off
52150,off
52173,off
52174,off
52175,off
52188,off
52199,off
52200,off
52223,off
52316,off
52317,off
52318,off
52319,off
52391,off
52392,off
52393,off
52394,off
52395,off
52396,off
52397,off
52455,off
52456,off
52472,off
52495,off
52496,off
52497,off
52498,off
52499,off
52510,off
52511,off
52512,off
52513,off
52556,off
52599,off
52600,off
52608,off
52612,off
52621,off
52679,off
52680,off
52681,off
52682,off
52683,off
52684,off
52685,off
52686,off
52687,off
52688,off
52731,off
52747,off
52748,off
52749,off
52750,off
52763,off
52786,off
52787,off
52788,off
52789,off
52790,off
52791,off
52849,off
52952,off
52973,off
52974,off
52994,off
52995,off
53002,off
53003,off
53010,off
53018,off
53019,off
53027,off
53065,off
53070,off
53071,off
53072,off
53073,off
53075,off
53081,off
53174,off
53233,off
53235,off
53247,off
53248,off
53249,off
53250,off
53251,off
53252,off
53253,off
53261,off
53264,off
53265,off
53266,off
53267,off
53285,off
53286,off
53300,off
53301,off
53302,off
53303,off
53304,off
53305,off
53316,off
53317,off
53318,off
53347,off
53348,off
53349,off
53350,off
53351,off
53373,off
53383,off
53457,off
53473,off
53496,off
53497,off
53498,off
53499,off
53501,off
53502,off
53516,off
53548,off
53555,off
53626,off
53627,off
53628,off
53629,off
53630,off
53637,off
53645,off
53646,off
53647,off
53648,off
53649,off
53675,off
53676,off
53677,off
53678,off
53687,off
53688,off
53689,off
53699,off
53700,off
53701,off
53706,off
53707,off
53708,off
53709,off
53710,off
53748,off
53749,off
53750,off
53751,off
53752,off
53826,off
53827,off
53828,off
53910,off
53911,off
53926,off
53927,off
53928,off
53929,off
53930,off
53953,off
53954,off
53955,off
53956,off
53971,off
53973,off
53974,off
54008,off
54009,off
54027,off
54043,off
54067,off
54068,off
54069,off
54070,off
54095,off
54144,off
54156,off
54157,off
54158,off
54159,off
54160,off
54161,off
54162,off
54175,off
54176,off
54177,off
54186,off
54187,off
54188,off
54199,off
54206,off
54207,off
54216,off
54254,off
54255,off
54256,off
54295,off
54296,off
54297,off
54298,off
54299,off
54300,off
54301,off
54302,off
54346,off
54347,off
54348,off
54349,off
54350,off
54352,off
54353,off
54354,off
54388,off
54412,off
54427,off
54456,off
54457,off
54458,off
54459,off
54461,off
54468,off
54479,off
54480,off
54619,off
54620,off
54621,off
54622,off
54623,off
54631,off
54632,off
54633,off
54634,off
54635,off
54637,off
54638,off
54639,off
54640,off
54641,off
54683,off
54684,off
54685,off
54686,off
54687,off
54719,off
54720,off
54721,off
54722,off
54723,off
54734,off
54747,off
54804,off
54837,off
54905,off
54906,off
54907,off
54908,off
54909,off
54916,off
54917,off
54972,off
54973,off
54974,off
54975,off
54983,off
54992,off
55001,off
55002,off
55022,off
55023,off
55024,off
55025,off
55057,off
55062,off
55063,off
55084,off
55116,off
55117,off
55126,off
55127,off
55128,off
55144,off
55148,off
55149,off
55162,off
55167,off
55168,off
55169,off
55170,off
55171,off
55172,off
55173,off
55174,off
55175,off
55176,off
55177,off
55178,off
55193,off
55203,off
55204,off
55205,off
55208,off
55209,off
55210,off
55231,off
55232,off
55250,off
55251,off
55252,off
55263,off
55264,off
55265,off
55266,off
55270,off
55273,off
55283,off
55391,off
55413,off
55414,off
55415,off
55416,off
55417,off
55472,off
55484,off
55485,off
55486,off
55489,off
55490,off
55501,off
55502,off
55503,off
55504,off
55505,off
55520,off
55521,off
55526,off
55527,off
55528,off
55532,off
55533,off
55555,off
55556,off
55590,off
55614,off
55615,off
55616,off
55617,off
55620,off
55621,off
55622,off
55623,off
55677,on
55678,on
55679,on
55780,on
55781,on
55782,on
55810,on
55861,on
55862,on
55863,on
55864,on
55866,on
55867,on
55872,on
55886,on
55887,on
55888,on
55889,on
55914,on
55939,on
55940,on
55961,on
56029,on
56030,on
56045,on
56061,on
56062,on
56063,on
56133,on
56134,on
56135,on
56136,on
56137,on
56138,on
56139,on
56140,on
56165,on
56221,on
56243,on
56244,on
56245,on
56246,on
56247,on
56259,on
56260,on
56261,on
56262,on
56270,on
56302,on
56308,on
56355,on
56360,on
56363,on
56374,on
56375,on
56418,on
56419,on
56420,on
56421,on
56422,on
56423,on
56424,on
56425,on
56426,on
56473,on
56485,on
56486,on
56487,on
56488,on
56489,on
56490,on
56491,on
56503,on
56504,on
56526,on
56529,on
56530,on
56531,on
56589,on
56590,on
56591,on
56592,on
56593,on
56667,on
56712,on
56713,on
56714,on
56715,on
56716,on
56731,on
56732,on
56734,on
56735,on
56747,on
56753,on
56756,on
56757,on
56801,on
56802,on
56803,on
56804,on
56808,on
56809,on
56810,on
56812,on
56813,on
56814,on
56883,on
56887,on
56888,on
56889,on
56976,on
56977,on
56978,on
56981,on
56997,on
56998,on
56999,on
57000,on
57011,on
57012,on
57024,on
57040,on
57041,on
57042,on
57058,on
57059,on
57060,on
57061,on
57062,on
57063,on
57084,on
57115,on
57116,on
57117,on
57118,on
57142,on
57158,on
57159,on
57195,on
57197,on
57213,on
57214,on
57215,on
57218,on
57219,on
57258,on
57259,on
57263,on
57264,on
57278,on
57300,on
57307,on
57376,on
57377,on
57378,on
57379,on
57380,on
57400,on
57401,on
57402,on
57403,on
57404,on
57430,on
57431,on
57432,on
57433,on
57434,on
57446,on
57457,on
57479,on
57480,on
57497,on
57504,on
57505,on
57506,on
57507,on
57537,on
57538,on
57582,on
57583,on
57684,on
57685,on
57686,on
57687,on
57688,on
57722,on
57740,on
57741,on
57742,on
57743,on
57776,on
57777,on
57778,on
57779,on
57799,on
57811,on
57820,on
57821,on
57822,on
57823,on
57824,on
57860,on
57861,on
57862,on
57915,on
57916,on
57917,on
57918,on
57919,on
57920,on
57921,on
57922,on
57923,on
57924,on
57943,on
57944,on
57945,on
57946,on
57947,on
57954,on
57955,on
57956,on
57957,on
57958,on
57973,on
58022,on
58023,on
58024,on
58062,on
58063,on
58064,on
58065,on
58068,on
58105,on
58106,on
58107,on
58108,on
58110,on
58125,on
58126,on
58183,on
58184,on
58230,on
58233,on
58234,on
58235,on
58236,on
58237,on
58241,on
58253,on
58265,on
58400,on
58409,on
58410,on
58411,on
58412,on
58413,on
58423,on
58424,on
58425,on
58426,on
58427,on
58428,on
58429,on
58430,on
58473,on
58474,on
58475,on
58476,on
58477,on
58495,on
58502,on
58503,on
58504,on
58505,on
58506,on
58512,on
58541,on
58542,on
58581,on
58591,on
58592,on
58630,on
58631,on
58710,on
58711,on
58712,on
58713,on
58714,on
58772,on
58773,on
58774,on
58775,on
58776,on
58785,on
58793,on
58799,on
58805,on
58806,on
58830,on
58831,on
58832,on
58833,on
58872,on
58890,on
58891,on
58914,on
58963,on
58967,on
58974,on
58975,on
58983,on
58984,on
58985,on
58986,on
58987,on
58988,on
58989,on
58990,on
58991,on
58992,on
58993,on
58994,on
58996,on
58997,on
58998,on
58999,on
59000,on
59001,on
59002,on
59023,on
59024,on
59025,on
59026,on
59027,on
59034,on
59035,on
59036,on
59037,on
59059,on
59060,on
59061,on
59097,on
59098,on
59099,on
59100,on
59101,on
59108,on
59115,on
59142,on
59152,on
59153,on
59231,on
59253,on
59254,on
59255,on
59256,on
59257,on
59258,on
59272,on
59273,on
59331,on
59340,on
59341,on
59342,on
59343,on
59344,on
59379,on
59393,on
59394,on
59395,on
59420,on
59437,on
59460,on
59461,on
59462,on
59463,on
59464,on
59471,on
59472,on
59473,on
59474,on
59475,on
59523,one
59563,one
59564,one
59635,one
59636,one
59637,one
59638,one
59639,one
59662,one
59663,one
59710,one
59711,one
59712,one
59714,one
59715,one
59716,one
59717,one
59718,one
59719,one
59720,one
59724,one
59746,one
59747,one
59748,one
59749,one
59750,one
59751,one
59752,one
59777,one
59804,one
59805,one
59806,one
59882,one
59883,one
59898,one
59899,one
59914,one
59915,one
59916,one
59917,one
59918,one
59995,one
59996,one
59997,one
59998,one
60000,one
60001,one
60002,one
60003,one
60032,one
60033,one
60037,one
60076,one
60077,one
60115,one
60116,one
60117,one
60118,one
60119,one
60131,one
60132,one
60133,one
60134,one
60135,one
60136,one
60147,one
60182,one
60184,one
60185,one
60246,one
60306,one
60307,one
60308,one
60309,one
60310,one
60311,one
60312,one
60313,one
60314,one
60315,one
60371,one
60372,one
60373,one
60374,one
60375,one
60376,one
60394,one
60411,one
60412,one
60414,one
60415,one
60416,one
60417,one
60418,one
60462,one
60472,one
60473,one
60474,one
60475,one
60476,one
60516,one
60557,one
60587,one
60599,one
60600,one
60601,one
60602,one
60603,one
60620,one
60623,one
60632,one
60640,one
60644,one
60645,one
60646,one
60649,one
60650,one
60692,one
60693,one
60694,one
60704,one
60705,one
60766,one
60767,one
60770,one
60840,one
60841,one
60855,one
60856,one
60857,one
60858,one
60859,one
60860,one
60872,one
60876,one
60877,one
60903,one
60904,one
60905,one
60906,one
60907,one
60908,one
60909,one
60910,one
60916,one
60953,one
60954,one
60955,one
60956,one
60957,one
60986,one
60995,one
61042,one
61044,one
61045,one
61057,one
61058,one
61059,one
61060,one
61061,one
61062,one
61074,one
61075,one
61098,one
61099,one
61102,one
61103,one
61104,one
61220,one
61227,one
61228,one
61229,one
61230,one
61231,one
61240,one
61241,one
61247,one
61248,one
61249,one
61250,one
61275,one
61276,one
61289,one
61295,one
61296,one
61297,one
61341,one
61342,one
61343,one
61344,one
61345,one
61415,one
61513,one
61514,one
61515,one
61516,one
61517,one
61563,one
61565,one
61632,one
61648,one
61651,one
61657,one
61658,one
61659,one
61660,one
61661,one
61679,one
61701,one
61748,one
61749,one
61750,one
61751,one
61752,one
61753,one
61754,one
61755,one
61756,one
61768,one
61769,one
61770,one
61771,one
61784,one
61785,one
61786,one
61787,one
61788,one
61798,one
61848,one
61855,one
61856,one
61894,one
61895,one
61896,one
61897,one
61898,one
61940,one
61941,one
61942,one
61952,one
61953,one
61954,one
61976,one
61977,one
61978,one
61979,one
62008,one
62061,one
62063,one
62064,one
62065,one
62066,one
62073,one
62074,one
62082,one
62083,one
62084,one
62096,one
62097,one
62228,one
62229,one
62241,one
62242,one
62243,one
62244,one
62245,one
62254,one
62255,one
62256,one
62257,one
62258,one
62260,one
62261,one
62262,one
62263,one
62264,one
62308,one
62309,one
62310,one
62311,one
62312,one
62353,one
62354,one
62355,one
62356,one
62366,one
62404,one
62443,one
62444,one
62445,one
62473,one
62474,one
62491,one
62568,one
62569,one
62570,one
62630,one
62631,one
62632,one
62633,one
62634,one
62643,one
62655,one
62656,one
62669,one
62670,one
62697,one
62698,one
62699,one
62700,one
62701,one
62741,one
62742,one
62760,one
62761,one
62787,one
62802,one
62813,one
62814,one
62815,one
62816,one
62834,one
62835,one
62836,one
62837,one
62838,one
62839,one
62841,one
62842,one
62843,one
62853,one
62861,one
62862,one
62863,one
62864,one
62865,one
62866,one
62867,one
62868,one
62870,one
62871,one
62872,one
62873,one
62874,one
62901,one
62902,one
62903,one
62904,one
62905,one
62911,one
62912,one
62913,one
62914,one
62915,one
62936,one
62937,one
62965,one
62976,one
62977,one
62978,one
62979,one
62980,one
62997,one
63031,one
63117,one
63140,one
63141,one
63142,one
63143,one
63144,one
63161,one
63210,one
63211,one
63229,one
63230,one
63231,one
63232,one
63284,one
63306,one
63348,one
63349,one
63350,one
63351,one
63352,one
63353,one
63358,one
63359,one
63360,one
63432,right
63517,right
63518,right
63519,right
63520,right
63521,right
63534,right
63544,right
63602,right
63603,right
63606,right
63607,right
63608,right
63609,right
63610,right
63641,right
63642,right
63643,right
63644,right
63672,right
63696,right
63697,right
63763,right
63764,right
63785,right
63786,right
63787,right
63788,right
63862,right
63863,right
63864,right
63865,right
63866,right
63867,right
63868,right
63869,right
63870,right
63871,right
63898,right
63902,right
63971,right
63972,right
63973,right
63974,right
63975,right
63987,right
63988,right
63989,right
63990,right
63991,right
63992,right
63993,right
63994,right
64003,right
64004,right
64032,right
64039,right
64040,right
64041,right
64077,right
64083,right
64084,right
64085,right
64092,right
64140,right
64141,right
64142,right
64143,right
64144,right
64145,right
64146,right
64147,right
64148,right
64149,right
64150,right
64204,right
64205,right
64206,right
64222,right
64223,right
64224,right
64237,right
64250,right
64252,right
64253,right
64254,right
64255,right
64256,right
64309,right
64310,right
64311,right
64388,right
64412,right
64430,right
64431,right
64432,right
64433,right
64448,right
64449,right
64462,right
64470,right
64478,right
64506,right
64512,right
64513,right
64514,right
64515,right
64516,right
64519,right
64520,right
64522,right
64529,right
64530,right
64593,right
64594,right
64667,right
64668,right
64669,right
64682,right
64683,right
64684,right
64685,right
64686,right
64694,right
64696,right
64701,right
64702,right
64728,right
64729,right
64730,right
64731,right
64732,right
64733,right
64734,right
64743,right
64772,right
64773,right
64774,right
64775,right
64776,right
64801,right
64863,right
64864,right
64869,right
64870,right
64888,right
64889,right
64890,right
64899,right
64922,right
64966,right
64967,right
64968,right
64970,right
64971,right
64976,right
65047,right
65052,right
65053,right
65054,right
65055,right
65056,right
65065,right
65066,right
65067,right
65068,right
65075,right
65076,right
65077,right
65078,right
65079,right
65103,right
65104,right
65105,right
65106,right
65189,right
65190,right
65191,right
65192,right
65193,right
65244,right
65289,right
65290,right
65334,right
65335,right
65336,right
65337,right
65338,right
65382,right
65383,right
65385,right
65386,right
65396,right
65418,right
65429,right
65430,right
65451,right
65470,right
65481,right
65482,right
65483,right
65484,right
65485,right
65502,right
65503,right
65577,right
65578,right
65579,right
65580,right
65581,right
65582,right
65598,right
65599,right
65600,right
65608,right
65609,right
65610,right
65611,right
65612,right
65631,right
65670,right
65729,right
65730,right
65731,right
65732,right
65736,right
65776,right
65777,right
65778,right
65779,right
65780,right
65781,right
65782,right
65794,right
65822,right
65872,right
65899,right
65900,right
65903,right
65904,right
65905,right
65906,right
65907,right
65919,right
65931,right
66082,right
66083,right
66084,right
66085,right
66086,right
66094,right
66095,right
66096,right
66097,right
66098,right
66099,right
66100,right
66101,right
66144,right
66145,right
66146,right
66169,right
66177,right
66178,right
66179,right
66180,right
66188,right
66219,right
66220,right
66221,right
66222,right
66257,right
66258,right
66287,right
66307,right
66308,right
66379,right
66380,right
66381,right
66382,right
66392,right
66443,right
66444,right
66445,right
66446,right
66447,right
66455,right
66463,right
66464,right
66465,right
66479,right
66480,right
66481,right
66482,right
66483,right
66508,right
66509,right
66510,right
66524,right
66543,right
66561,right
66599,right
66609,right
66610,right
66627,right
66628,right
66629,right
66632,right
66633,right
66634,right
66637,right
66638,right
66639,right
66652,right
66653,right
66654,right
66655,right
66656,right
66657,right
66659,right
66660,right
66661,right
66662,right
66663,right
66682,right
66683,right
66693,right
66694,right
66695,right
66696,right
66697,right
66701,right
66702,right
66703,right
66704,right
66705,right
66743,right
66744,right
66757,right
66758,right
66759,right
66760,right
66881,right
66882,right
66883,right
66884,right
66912,right
66913,right
66914,right
66915,right
66916,right
66979,right
66985,right
66994,right
66995,right
66996,right
66997,right
67016,right
67032,right
67033,right
67034,right
67040,right
67061,right
67062,right
67082,right
67083,right
67084,right
67098,right
67099,right
67124,right
67125,right
67126,right
67127,right
67128,right
67133,right
67134,right
67135,right
67136,right
67194,seven
67251,seven
67261,seven
67296,seven
67297,seven
67298,seven
67299,seven
67325,seven
67353,seven
67376,seven
67377,seven
67378,seven
67379,seven
67380,seven
67406,seven
67407,seven
67408,seven
67409,seven
67410,seven
67430,seven
67431,seven
67483,seven
67484,seven
67565,seven
67583,seven
67584,seven
67585,seven
67586,seven
67587,seven
67663,seven
67664,seven
67665,seven
67666,seven
67667,seven
67668,seven
67671,seven
67672,seven
67673,seven
67700,seven
67729,seven
67730,seven
67742,seven
67767,seven
67768,seven
67769,seven
67770,seven
67771,seven
67785,seven
67786,seven
67787,seven
67788,seven
67789,seven
67790,seven
67791,seven
67792,seven
67838,seven
67839,seven
67840,seven
67841,seven
67842,seven
67882,seven
67890,seven
67949,seven
67950,seven
67951,seven
67952,seven
67953,seven
67954,seven
67955,seven
67956,seven
67957,seven
67972,seven
67973,seven
68009,seven
68027,seven
68028,seven
68029,seven
68030,seven
68031,seven
68048,seven
68049,seven
68070,seven
68071,seven
68072,seven
68073,seven
68074,seven
68124,seven
68125,seven
68126,seven
68127,seven
68128,seven
68163,seven
68164,seven
68175,seven
68266,seven
68267,seven
68268,seven
68269,seven
68287,seven
68288,seven
68295,seven
68319,seven
68320,seven
68365,seven
68371,seven
68372,seven
68373,seven
68374,seven
68375,seven
68379,seven
68387,seven
68452,seven
68453,seven
68477,seven
68478,seven
68543,seven
68563,seven
68564,seven
68565,seven
68566,seven
68567,seven
68568,seven
68569,seven
68570,seven
68579,seven
68580,seven
68619,seven
68620,seven
68621,seven
68622,seven
68623,seven
68624,seven
68629,seven
68633,seven
68634,seven
68635,seven
68670,seven
68671,seven
68672,seven
68673,seven
68674,seven
68692,seven
68693,seven
68702,seven
68741,seven
68746,seven
68747,seven
68765,seven
68766,seven
68767,seven
68768,seven
68769,seven
68778,seven
68804,seven
68805,seven
68806,seven
68807,seven
68810,seven
68823,seven
68824,seven
68825,seven
68828,seven
68859,seven
68865,seven
68868,seven
68943,seven
68944,seven
68945,seven
68946,seven
68947,seven
68960,seven
68961,seven
68962,seven
68963,seven
68964,seven
68985,seven
68986,seven
68987,seven
68988,seven
68989,seven
69009,seven
69010,seven
69016,seven
69055,seven
69056,seven
69066,seven
69067,seven
69068,seven
69069,seven
69070,seven
69095,seven
69190,seven
69224,seven
69225,seven
69226,seven
69243,seven
69244,seven
69245,seven
69246,seven
69268,seven
69292,seven
69293,seven
69295,seven
69307,seven
69327,seven
69340,seven
69341,seven
69360,seven
69361,seven
69380,seven
69383,seven
69390,seven
69391,seven
69392,seven
69393,seven
69413,seven
69427,seven
69477,seven
69478,seven
69485,seven
69486,seven
69492,seven
69493,seven
69494,seven
69495,seven
69496,seven
69497,seven
69498,seven
69499,seven
69500,seven
69515,seven
69516,seven
69517,seven
69518,seven
69531,seven
69532,seven
69533,seven
69534,seven
69535,seven
69566,seven
69567,seven
69607,seven
69608,seven
69616,seven
69617,seven
69667,seven
69668,seven
69669,seven
69670,seven
69673,seven
69723,seven
69724,seven
69725,seven
69727,seven
69759,seven
69760,seven
69761,seven
69762,seven
69817,seven
69845,seven
69846,seven
69847,seven
69848,seven
69849,seven
69859,seven
69860,seven
69888,seven
70029,seven
70030,seven
70031,seven
70032,seven
70033,seven
70042,seven
70043,seven
70044,seven
70045,seven
70046,seven
70047,seven
70050,seven
70051,seven
70052,seven
70053,seven
70054,seven
70100,seven
70101,seven
70102,seven
70103,seven
70104,seven
70105,seven
70132,seven
70141,seven
70142,seven
70143,seven
70144,seven
70145,seven
70153,seven
70183,seven
70184,seven
70209,seven
70252,seven
70269,seven
70350,seven
70351,seven
70352,seven
70353,seven
70354,seven
70413,seven
70414,seven
70415,seven
70416,seven
70417,seven
70428,seven
70429,seven
70430,seven
70439,seven
70440,seven
70441,seven
70453,seven
70483,seven
70484,seven
70485,seven
70502,seven
70503,seven
70522,seven
70528,seven
70529,seven
70530,seven
70543,seven
70544,seven
70545,seven
70546,seven
70617,seven
70619,seven
70620,seven
70639,seven
70640,seven
70641,seven
70642,seven
70643,seven
70644,seven
70645,seven
70647,seven
70648,seven
70649,seven
70650,seven
70651,seven
70678,seven
70679,seven
70680,seven
70681,seven
70682,seven
70687,seven
70688,seven
70689,seven
70710,seven
70738,seven
70739,seven
70751,seven
70752,seven
70753,seven
70754,seven
70757,seven
70758,seven
70776,seven
70777,seven
70778,seven
70779,seven
70816,seven
70817,seven
70919,seven
70920,seven
70921,seven
70939,seven
70984,seven
70985,seven
70987,seven
70988,seven
70995,seven
70996,seven
70997,seven
70998,seven
70999,seven
71018,seven
71019,seven
71020,seven
71028,seven
71029,seven
71035,seven
71058,seven
71094,seven
71128,seven
71129,seven
71130,seven
71131,seven
71136,seven
71137,seven
71138,seven
71139,seven
71140,seven
71207,sheila
71251,sheila
71284,sheila
71285,sheila
71287,sheila
71291,sheila
71292,sheila
71293,sheila
71295,sheila
71296,sheila
71297,sheila
71315,sheila
71316,sheila
71317,sheila
71318,sheila
71332,sheila
71337,sheila
71346,sheila
71347,sheila
71351,sheila
71352,sheila
71353,sheila
71388,sheila
71389,sheila
71394,sheila
71405,sheila
71453,sheila
71465,sheila
71503,sheila
71507,sheila
71509,sheila
71510,sheila
71511,sheila
71514,sheila
71515,sheila
71526,sheila
71535,sheila
71538,sheila
71576,sheila
71577,sheila
71578,sheila
71591,sheila
71619,sheila
71635,sheila
71665,sheila
71701,sheila
71738,sheila
71743,sheila
71744,sheila
71748,sheila
71749,sheila
71758,sheila
71785,sheila
71786,sheila
71788,sheila
71789,sheila
71793,sheila
71794,sheila
71795,sheila
71802,sheila
71803,sheila
71804,sheila
71851,sheila
71880,sheila
71881,sheila
71884,sheila
71885,sheila
71896,sheila
71897,sheila
71900,sheila
71901,sheila
71902,sheila
71905,sheila
71910,sheila
71920,sheila
71924,sheila
71925,sheila
71928,sheila
71929,sheila
71939,sheila
71940,sheila
71946,sheila
71954,sheila
71973,sheila
71974,sheila
71975,sheila
71976,sheila
71997,sheila
72000,sheila
72001,sheila
72007,sheila
72015,sheila
72027,sheila
72028,sheila
72034,sheila
72048,sheila
72054,sheila
72055,sheila
72095,sheila
72101,sheila
72112,sheila
72126,sheila
72135,sheila
72136,sheila
72141,sheila
72160,sheila
72161,sheila
72235,sheila
72236,sheila
72260,sheila
72261,sheila
72275,sheila
72288,sheila
72300,sheila
72301,sheila
72302,sheila
72303,sheila
72315,sheila
72334,sheila
72335,sheila
72336,sheila
72355,sheila
72394,sheila
72395,sheila
72396,sheila
72399,sheila
72430,sheila
72431,sheila
72453,sheila
72454,sheila
72455,sheila
72461,sheila
72489,sheila
72490,sheila
72491,sheila
72504,sheila
72505,sheila
72509,sheila
72519,sheila
72520,sheila
72543,sheila
72564,sheila
72607,sheila
72608,sheila
72610,sheila
72673,sheila
72676,sheila
72680,sheila
72681,sheila
72683,sheila
72698,sheila
72706,sheila
72731,sheila
72735,sheila
72742,sheila
72743,sheila
72756,sheila
72802,sheila
72803,sheila
72821,sheila
72825,sheila
72829,sheila
72834,sheila
72846,sheila
72848,sheila
72852,sheila
72868,sheila
72869,sheila
72888,sheila
72898,sheila
72900,sheila
72906,sheila
72918,sheila
72919,sheila
72922,sheila
72923,sheila
72934,sheila
72953,sheila
72968,sheila
72969,sheila
72970,sheila
72971,sheila
72981,sheila
72984,sheila
72996,sheila
72997,sheila
72998,sheila
73015,sheila
73016,sheila
73017,sheila
73021,sheila
73022,sheila
73023,sheila
73068,sheila
73075,sheila
73124,sheila
73125,sheila
73126,sheila
73127,sheila
73162,sheila
73163,sheila
73171,sheila
73211,six
73324,six
73325,six
73326,six
73327,six
73345,six
73360,six
73361,six
73405,six
73407,six
73408,six
73409,six
73410,six
73411,six
73413,six
73414,six
73436,six
73437,six
73438,six
73439,six
73440,six
73441,six
73456,six
73457,six
73500,six
73501,six
73507,six
73508,six
73520,six
73573,six
73587,six
73604,six
73605,six
73606,six
73607,six
73608,six
73683,six
73684,six
73685,six
73686,six
73687,six
73688,six
73760,six
73764,six
73785,six
73786,six
73787,six
73788,six
73789,six
73803,six
73804,six
73805,six
73807,six
73808,six
73809,six
73851,six
73858,six
73903,six
73904,six
73966,six
73967,six
73968,six
73969,six
73970,six
73971,six
73972,six
73973,six
73974,six
73975,six
73976,six
74021,six
74034,six
74035,six
74036,six
74037,six
74038,six
74067,six
74068,six
74069,six
74070,six
74071,six
74121,six
74122,six
74123,six
74124,six
74149,six
74243,six
74244,six
74245,six
74246,six
74247,six
74264,six
74267,six
74269,six
74270,six
74280,six
74346,six
74347,six
74348,six
74349,six
74350,six
74351,six
74352,six
74354,six
74355,six
74356,six
74358,six
74364,six
74431,six
74436,six
74517,six
74529,six
74530,six
74531,six
74532,six
74533,six
74543,six
74548,six
74563,six
74564,six
74578,six
74579,six
74580,six
74581,six
74582,six
74583,six
74584,six
74585,six
74586,six
74592,six
74593,six
74594,six
74602,six
74632,six
74633,six
74634,six
74635,six
74636,six
74652,six
74653,six
74664,six
74707,six
74726,six
74727,six
74728,six
74729,six
74737,six
74758,six
74759,six
74800,six
74801,six
74802,six
74803,six
74804,six
74805,six
74807,six
74812,six
74870,six
74871,six
74877,six
74878,six
74879,six
74880,six
74881,six
74896,six
74897,six
74898,six
74899,six
74900,six
74918,six
74919,six
74920,six
74921,six
74922,six
74981,six
74982,six
74983,six
74988,six
74989,six
74990,six
74991,six
75069,six
75070,six
75115,six
75126,six
75127,six
75175,six
75176,six
75177,six
75178,six
75179,six
75213,six
75214,six
75215,six
75222,six
75223,six
75239,six
75240,six
75260,six
75261,six
75262,six
75296,six
75297,six
75316,six
75317,six
75323,six
75324,six
75325,six
75326,six
75407,six
75408,six
75409,six
75412,six
75413,six
75414,six
75415,six
75416,six
75417,six
75418,six
75419,six
75420,six
75421,six
75434,six
75435,six
75436,six
75437,six
75438,six
75446,six
75447,six
75448,six
75449,six
75450,six
75468,six
75477,six
75478,six
75525,six
75534,six
75581,six
75582,six
75583,six
75584,six
75586,six
75587,six
75588,six
75630,six
75631,six
75632,six
75636,six
75637,six
75753,six
75755,six
75756,six
75757,six
75758,six
75759,six
75791,six
75792,six
75918,six
75919,six
75920,six
75921,six
75922,six
75929,six
75930,six
75931,six
75932,six
75934,six
75935,six
75936,six
75937,six
75938,six
75983,six
75984,six
75985,six
75986,six
75987,six
76033,six
76034,six
76035,six
76041,six
76106,six
76142,six
76230,six
76231,six
76232,six
76233,six
76234,six
76240,six
76241,six
76298,six
76299,six
76300,six
76301,six
76308,six
76321,six
76350,six
76351,six
76352,six
76353,six
76354,six
76369,six
76393,six
76397,six
76411,six
76414,six
76435,six
76440,six
76453,six
76463,six
76464,six
76486,six
76487,six
76490,six
76492,six
76493,six
76494,six
76495,six
76496,six
76497,six
76498,six
76499,six
76500,six
76501,six
76502,six
76503,six
76506,six
76507,six
76508,six
76509,six
76510,six
76511,six
76535,six
76536,six
76537,six
76538,six
76539,six
76544,six
76545,six
76546,six
76547,six
76595,six
76596,six
76597,six
76598,six
76602,six
76609,six
76657,six
76658,six
76749,six
76750,six
76751,six
76773,six
76774,six
76775,six
76776,six
76777,six
76778,six
76852,six
76853,six
76855,six
76856,six
76863,six
76864,six
76865,six
76866,six
76867,six
76887,six
76898,six
76899,six
76903,six
76904,six
76926,six
76927,six
76965,six
76988,six
76989,six
76990,six
76991,six
76992,six
76993,six
76999,six
77000,six
77001,six
77002,six
77003,six
77076,stop
77178,stop
77179,stop
77180,stop
77200,stop
77201,stop
77202,stop
77206,stop
77256,stop
77260,stop
77261,stop
77262,stop
77263,stop
77264,stop
77266,stop
77269,stop
77297,stop
77298,stop
77299,stop
77300,stop
77301,stop
77302,stop
77303,stop
77304,stop
77336,stop
77356,stop
77357,stop
77464,stop
77465,stop
77466,stop
77467,stop
77534,stop
77535,stop
77536,stop
77537,stop
77538,stop
77540,stop
77541,stop
77542,stop
77543,stop
77544,stop
77620,stop
77626,stop
77627,stop
77646,stop
77647,stop
77648,stop
77649,stop
77650,stop
77664,stop
77665,stop
77666,stop
77667,stop
77716,stop
77717,stop
77767,stop
77768,stop
77773,stop
77774,stop
77775,stop
77780,stop
77845,stop
77846,stop
77847,stop
77848,stop
77849,stop
77850,stop
77851,stop
77852,stop
77853,stop
77854,stop
77903,stop
77923,stop
77924,stop
77925,stop
77926,stop
77927,stop
77941,stop
77960,stop
77962,stop
77963,stop
77964,stop
77965,stop
77966,stop
78018,stop
78019,stop
78020,stop
78021,stop
78049,stop
78131,stop
78132,stop
78133,stop
78134,stop
78151,stop
78152,stop
78155,stop
78156,stop
78157,stop
78160,stop
78161,stop
78162,stop
78164,stop
78184,stop
78185,stop
78186,stop
78233,stop
78234,stop
78235,stop
78236,stop
78237,stop
78248,stop
78337,stop
78397,stop
78398,stop
78399,stop
78414,stop
78415,stop
78416,stop
78417,stop
78418,stop
78428,stop
78429,stop
78447,stop
78461,stop
78462,stop
78463,stop
78464,stop
78465,stop
78466,stop
78467,stop
78473,stop
78474,stop
78475,stop
78481,stop
78515,stop
78516,stop
78517,stop
78518,stop
78539,stop
78540,stop
78550,stop
78560,stop
78598,stop
78599,stop
78615,stop
78617,stop
78618,stop
78619,stop
78620,stop
78621,stop
78635,stop
78636,stop
78664,stop
78679,stop
78680,stop
78704,stop
78705,stop
78710,stop
78711,stop
78715,stop
78716,stop
78793,stop
78794,stop
78795,stop
78796,stop
78797,stop
78811,stop
78812,stop
78813,stop
78814,stop
78839,stop
78840,stop
78841,stop
78842,stop
78843,stop
78902,stop
78908,stop
78909,stop
78910,stop
78988,stop
78989,stop
79040,stop
79041,stop
79072,stop
79073,stop
79074,stop
79092,stop
79093,stop
79094,stop
79095,stop
79096,stop
79128,stop
79129,stop
79148,stop
79149,stop
79166,stop
79202,stop
79203,stop
79204,stop
79231,stop
79232,stop
79238,stop
79239,stop
79240,stop
79241,stop
79242,stop
79258,stop
79259,stop
79277,stop
79278,stop
79326,stop
79327,stop
79328,stop
79329,stop
79330,stop
79331,stop
79332,stop
79333,stop
79334,stop
79335,stop
79336,stop
79357,stop
79358,stop
79359,stop
79360,stop
79369,stop
79370,stop
79371,stop
79372,stop
79373,stop
79392,stop
79443,stop
79493,stop
79494,stop
79495,stop
79496,stop
79533,stop
79534,stop
79535,stop
79536,stop
79538,stop
79539,stop
79540,stop
79553,stop
79647,stop
79649,stop
79650,stop
79651,stop
79652,stop
79661,stop
79667,stop
79805,stop
79820,stop
79821,stop
79822,stop
79823,stop
79824,stop
79832,stop
79833,stop
79834,stop
79835,stop
79836,stop
79837,stop
79840,stop
79841,stop
79842,stop
79843,stop
79844,stop
79887,stop
79888,stop
79889,stop
79916,stop
79917,stop
79918,stop
79919,stop
79920,stop
79927,stop
79928,stop
79937,stop
79990,stop
80023,stop
80041,stop
80104,stop
80105,stop
80106,stop
80107,stop
80108,stop
80165,stop
80166,stop
80167,stop
80168,stop
80169,stop
80175,stop
80190,stop
80191,stop
80192,stop
80193,stop
80194,stop
80200,stop
80207,stop
80208,stop
80228,stop
80229,stop
80230,stop
80231,stop
80247,stop
80268,stop
80269,stop
80271,stop
80272,stop
80289,stop
80309,stop
80314,stop
80324,stop
80331,stop
80332,stop
80351,stop
80352,stop
80353,stop
80361,stop
80363,stop
80364,stop
80365,stop
80366,stop
80367,stop
80369,stop
80370,stop
80371,stop
80372,stop
80373,stop
80374,stop
80399,stop
80400,stop
80401,stop
80402,stop
80408,stop
80409,stop
80410,stop
80411,stop
80412,stop
80440,stop
80441,stop
80442,stop
80472,stop
80473,stop
80474,stop
80475,stop
80485,stop
80495,stop
80528,stop
80534,stop
80627,stop
80656,stop
80657,stop
80658,stop
80659,stop
80660,stop
80677,stop
80678,stop
80721,stop
80731,stop
80743,stop
80744,stop
80745,stop
80746,stop
80768,stop
80778,stop
80779,stop
80780,stop
80785,stop
80786,stop
80805,stop
80806,stop
80839,stop
80840,stop
80855,stop
80874,stop
80875,stop
80876,stop
80877,stop
80878,stop
80884,stop
80885,stop
80886,stop
80887,stop
80888,stop
81040,three
81041,three
81042,three
81043,three
81044,three
81112,three
81113,three
81114,three
81115,three
81118,three
81119,three
81143,three
81144,three
81145,three
81146,three
81147,three
81148,three
81149,three
81150,three
81165,three
81190,three
81191,three
81214,three
81215,three
81281,three
81282,three
81283,three
81284,three
81299,three
81318,three
81319,three
81320,three
81321,three
81393,three
81394,three
81395,three
81396,three
81398,three
81399,three
81400,three
81429,three
81430,three
81469,three
81470,three
81471,three
81485,three
81486,three
81510,three
81511,three
81512,three
81513,three
81514,three
81523,three
81524,three
81525,three
81526,three
81537,three
81572,three
81579,three
81580,three
81581,three
81618,three
81619,three
81624,three
81625,three
81642,three
81690,three
81691,three
81692,three
81693,three
81694,three
81695,three
81757,three
81758,three
81759,three
81760,three
81761,three
81762,three
81763,three
81781,three
81782,three
81796,three
81797,three
81798,three
81799,three
81800,three
81850,three
81851,three
81852,three
81921,three
81973,three
81974,three
81975,three
81976,three
81977,three
81993,three
81994,three
81996,three
82005,three
82015,three
82021,three
82053,three
82054,three
82055,three
82060,three
82063,three
82064,three
82137,three
82159,three
82224,three
82225,three
82226,three
82227,three
82228,three
82239,three
82240,three
82241,three
82244,three
82259,three
82260,three
82272,three
82273,three
82274,three
82275,three
82276,three
82277,three
82283,three
82284,three
82288,three
82289,three
82290,three
82318,three
82319,three
82320,three
82321,three
82322,three
82337,three
82338,three
82384,three
82388,three
82405,three
82408,three
82409,three
82410,three
82419,three
82442,three
82443,three
82446,three
82447,three
82490,three
82491,three
82562,three
82563,three
82564,three
82565,three
82577,three
82578,three
82579,three
82588,three
82602,three
82603,three
82604,three
82605,three
82606,three
82623,three
82624,three
82671,three
82679,three
82680,three
82681,three
82682,three
82797,three
82803,three
82833,three
82845,three
82861,three
82881,three
82882,three
82883,three
82884,three
82887,three
82900,three
82956,three
82957,three
82958,three
82978,three
82979,three
82987,three
82988,three
82989,three
82990,three
82991,three
83008,three
83026,three
83027,three
83028,three
83033,three
83077,three
83078,three
83082,three
83083,three
83084,three
83085,three
83086,three
83087,three
83088,three
83089,three
83090,three
83099,three
83100,three
83101,three
83102,three
83113,three
83114,three
83115,three
83116,three
83125,three
83140,three
83141,three
83186,three
83231,three
83232,three
83233,three
83234,three
83235,three
83276,three
83277,three
83278,three
83282,three
83320,three
83397,three
83398,three
83401,three
83402,three
83403,three
83404,three
83418,three
83437,three
83438,three
83565,three
83575,three
83576,three
83577,three
83578,three
83579,three
83587,three
83588,three
83589,three
83590,three
83591,three
83592,three
83593,three
83594,three
83638,three
83639,three
83640,three
83641,three
83642,three
83643,three
83675,three
83676,three
83677,three
83688,three
83721,three
83722,three
83759,three
83760,three
83761,three
83783,three
83784,three
83862,three
83863,three
83864,three
83865,three
83866,three
83871,three
83919,three
83920,three
83921,three
83922,three
83923,three
83934,three
83949,three
83950,three
83951,three
83956,three
83957,three
83958,three
83965,three
83966,three
83967,three
83990,three
83991,three
83992,three
83993,three
84031,three
84071,three
84072,three
84077,three
84087,three
84099,three
84110,three
84111,three
84128,three
84131,three
84132,three
84133,three
84134,three
84135,three
84136,three
84139,three
84140,three
84141,three
84142,three
84143,three
84168,three
84169,three
84170,three
84171,three
84172,three
84176,three
84177,three
84178,three
84179,three
84180,three
84200,three
84201,three
84202,three
84203,three
84223,three
84231,three
84232,three
84233,three
84238,three
84239,three
84276,three
84277,three
84287,three
84288,three
84399,three
84400,three
84401,three
84402,three
84403,three
84404,three
84419,three
84420,three
84421,three
84422,three
84469,three
84476,three
84477,three
84479,three
84488,three
84489,three
84490,three
84491,three
84492,three
84509,three
84517,three
84518,three
84570,three
84586,three
84614,three
84615,three
84616,three
84617,three
84618,three
84620,three
84621,three
84622,three
84623,three
84624,three
84658,tree
84659,tree
84714,tree
84722,tree
84723,tree
84726,tree
84727,tree
84738,tree
84745,tree
84751,tree
84753,tree
84754,tree
84755,tree
84782,tree
84783,tree
84790,tree
84793,tree
84829,tree
84880,tree
84901,tree
84918,tree
84922,tree
84923,tree
84924,tree
84936,tree
84940,tree
84941,tree
84954,tree
84968,tree
84977,tree
84978,tree
84983,tree
84984,tree
85000,tree
85001,tree
85031,tree
85032,tree
85060,tree
85061,tree
85071,tree
85139,tree
85147,tree
85156,tree
85157,tree
85158,tree
85160,tree
85161,tree
85165,tree
85166,tree
85169,tree
85176,tree
85177,tree
85195,tree
85196,tree
85199,tree
85200,tree
85201,tree
85206,tree
85244,tree
85245,tree
85288,tree
85289,tree
85296,tree
85298,tree
85299,tree
85300,tree
85301,tree
85319,tree
85320,tree
85336,tree
85337,tree
85344,tree
85369,tree
85386,tree
85397,tree
85398,tree
85399,tree
85400,tree
85401,tree
85402,tree
85404,tree
85405,tree
85406,tree
85414,tree
85423,tree
85435,tree
85436,tree
85458,tree
85459,tree
85460,tree
85469,tree
85486,tree
85497,tree
85581,tree
85619,tree
85630,tree
85631,tree
85632,tree
85634,tree
85635,tree
85645,tree
85650,tree
85651,tree
85664,tree
85676,tree
85679,tree
85683,tree
85684,tree
85685,tree
85713,tree
85719,tree
85724,tree
85741,tree
85748,tree
85749,tree
85757,tree
85759,tree
85786,tree
85787,tree
85804,tree
85812,tree
85857,tree
85858,tree
85859,tree
85863,tree
85864,tree
85865,tree
85872,tree
85925,tree
85945,tree
85950,tree
85954,tree
85970,tree
85980,tree
85984,tree
86005,tree
86035,tree
86053,tree
86062,tree
86063,tree
86064,tree
86066,tree
86076,tree
86106,tree
86107,tree
86108,tree
86120,tree
86121,tree
86123,tree
86126,tree
86127,tree
86131,tree
86148,tree
86149,tree
86155,tree
86156,tree
86159,tree
86186,tree
86212,tree
86213,tree
86214,tree
86217,tree
86220,tree
86239,tree
86245,tree
86246,tree
86275,tree
86310,tree
86321,tree
86341,tree
86342,tree
86343,tree
86362,tree
86368,tree
86383,tree
86393,tree
86483,two
86484,two
86549,two
86550,two
86551,two
86552,two
86553,two
86575,two
86579,two
86580,two
86629,two
86630,two
86631,two
86632,two
86633,two
86634,two
86635,two
86641,two
86642,two
86643,two
86644,two
86649,two
86669,two
86670,two
86671,two
86672,two
86673,two
86716,two
86717,two
86729,two
86730,two
86746,two
86755,two
86756,two
86825,two
86838,two
86839,two
86840,two
86841,two
86916,two
86917,two
86918,two
86919,two
86921,two
86922,two
86923,two
86924,two
86953,two
86954,two
86988,two
87001,two
87022,two
87023,two
87024,two
87025,two
87026,two
87040,two
87041,two
87042,two
87043,two
87143,two
87149,two
87152,two
87164,two
87165,two
87212,two
87213,two
87214,two
87215,two
87216,two
87217,two
87218,two
87219,two
87220,two
87221,two
87233,two
87265,two
87266,two
87267,two
87283,two
87284,two
87285,two
87286,two
87287,two
87288,two
87289,two
87305,two
87321,two
87322,two
87323,two
87324,two
87325,two
87326,two
87379,two
87380,two
87381,two
87483,two
87484,two
87485,two
87486,two
87487,two
87532,two
87533,two
87534,two
87535,two
87544,two
87545,two
87546,two
87547,two
87581,two
87587,two
87588,two
87589,two
87590,two
87597,two
87605,two
87606,two
87750,two
87753,two
87767,two
87768,two
87769,two
87770,two
87771,two
87772,two
87773,two
87783,two
87784,two
87786,two
87788,two
87789,two
87821,two
87822,two
87823,two
87824,two
87825,two
87826,two
87827,two
87828,two
87835,two
87836,two
87837,two
87841,two
87842,two
87876,two
87877,two
87878,two
87879,two
87880,two
87899,two
87912,two
87981,two
87982,two
87983,two
87984,two
87985,two
87986,two
88021,two
88032,two
88059,two
88060,two
88129,two
88130,two
88131,two
88132,two
88139,two
88140,two
88141,two
88148,two
88149,two
88150,two
88151,two
88152,two
88158,two
88159,two
88169,two
88170,two
88171,two
88172,two
88206,two
88246,two
88247,two
88248,two
88249,two
88250,two
88418,two
88419,two
88437,two
88438,two
88439,two
88440,two
88441,two
88470,two
88487,two
88488,two
88489,two
88501,two
88502,two
88524,two
88525,two
88526,two
88527,two
88528,two
88572,two
88579,two
88580,two
88581,two
88582,two
88602,two
88603,two
88623,two
88665,two
88677,two
88678,two
88679,two
88680,two
88681,two
88682,two
88683,two
88684,two
88685,two
88697,two
88698,two
88699,two
88700,two
88709,two
88710,two
88711,two
88712,two
88713,two
88714,two
88729,two
88733,two
88743,two
88744,two
88745,two
88781,two
88834,two
88835,two
88836,two
88837,two
88838,two
88885,two
88886,two
88887,two
88891,two
88920,two
88966,two
88967,two
89027,two
89028,two
89029,two
89030,two
89031,two
89050,two
89195,two
89196,two
89197,two
89198,two
89199,two
89208,two
89209,two
89210,two
89211,two
89212,two
89213,two
89214,two
89215,two
89216,two
89259,two
89260,two
89261,two
89262,two
89263,two
89285,two
89294,two
89295,two
89296,two
89297,two
89307,two
89308,two
89309,two
89344,two
89369,two
89387,two
89388,two
89389,two
89425,two
89507,two
89508,two
89509,two
89510,two
89511,two
89571,two
89572,two
89573,two
89574,two
89575,two
89591,two
89597,two
89628,two
89629,two
89630,two
89631,two
89632,two
89672,two
89675,two
89676,two
89697,two
89698,two
89699,two
89726,two
89746,two
89764,two
89765,two
89766,two
89770,two
89771,two
89774,two
89782,two
89783,two
89784,two
89790,two
89791,two
89792,two
89793,two
89794,two
89795,two
89797,two
89798,two
89799,two
89800,two
89801,two
89802,two
89819,two
89820,two
89821,two
89822,two
89823,two
89825,two
89826,two
89827,two
89828,two
89829,two
89877,two
89878,two
89879,two
89880,two
89881,two
89886,two
89898,two
89899,two
89920,two
89928,two
89929,two
89934,two
89935,two
90044,two
90045,two
90046,two
90047,two
90065,two
90113,two
90118,two
90121,two
90129,two
90130,two
90131,two
90132,two
90133,two
90154,two
90155,two
90165,two
90166,two
90171,two
90172,two
90173,two
90229,two
90230,two
90255,two
90256,two
90257,two
90258,two
90259,two
90260,two
90261,two
90263,two
90264,two
90265,two
90266,two
90267,two
90408,up
90409,up
90432,up
90482,up
90485,up
90486,up
90487,up
90488,up
90489,up
90514,up
90515,up
90516,up
90517,up
90518,up
90519,up
90542,up
90543,up
90684,up
90685,up
90686,up
90687,up
90759,up
90760,up
90761,up
90764,up
90765,up
90766,up
90767,up
90768,up
90795,up
90796,up
90837,up
90840,up
90841,up
90865,up
90866,up
90867,up
90868,up
90869,up
90881,up
90882,up
90883,up
90884,up
90894,up
90895,up
90929,up
90939,up
90982,up
90983,up
90989,up
90990,up
90991,up
90999,up
91045,up
91046,up
91047,up
91048,up
91049,up
91050,up
91051,up
91052,up
91053,up
91090,up
91091,up
91104,up
91105,up
91106,up
91107,up
91108,up
91140,up
91141,up
91142,up
91143,up
91144,up
91145,up
91190,up
91200,up
91201,up
91202,up
91203,up
91204,up
91240,up
91241,up
91351,up
91352,up
91353,up
91357,up
91359,up
91360,up
91362,up
91373,up
91385,up
91387,up
91388,up
91389,up
91395,up
91396,up
91432,up
91437,up
91438,up
91439,up
91440,up
91445,up
91446,up
91455,up
91456,up
91457,up
91458,up
91527,up
91531,up
91615,up
91618,up
91630,up
91631,up
91632,up
91633,up
91645,up
91646,up
91677,up
91678,up
91679,up
91680,up
91681,up
91682,up
91683,up
91684,up
91693,up
91694,up
91720,up
91721,up
91722,up
91723,up
91724,up
91739,up
91748,up
91749,up
91761,up
91821,up
91822,up
91823,up
91833,up
91890,up
91894,up
91895,up
91955,up
91962,up
91963,up
91964,up
91965,up
91977,up
91978,up
91979,up
91980,up
91981,up
91982,up
91992,up
92010,up
92011,up
92012,up
92013,up
92028,up
92029,up
92060,up
92072,up
92082,up
92083,up
92084,up
92085,up
92086,up
92152,up
92153,up
92154,up
92205,up
92234,up
92253,up
92254,up
92255,up
92256,up
92284,up
92305,up
92306,up
92319,up
92338,up
92352,up
92364,up
92365,up
92389,up
92396,up
92397,up
92398,up
92399,up
92400,up
92415,up
92416,up
92417,up
92418,up
92477,up
92485,up
92488,up
92489,up
92490,up
92491,up
92492,up
92493,up
92494,up
92495,up
92496,up
92512,up
92513,up
92514,up
92515,up
92516,up
92525,up
92526,up
92527,up
92528,up
92529,up
92541,up
92542,up
92543,up
92599,up
92628,up
92629,up
92630,up
92674,up
92682,up
92740,up
92741,up
92763,up
92792,up
92793,up
92794,up
92795,up
92814,up
92815,up
92816,up
92935,up
92936,up
92945,up
92946,up
92947,up
92948,up
92949,up
92957,up
92958,up
92959,up
92960,up
92961,up
92962,up
92963,up
92964,up
93000,up
93001,up
93002,up
93003,up
93004,up
93028,up
93037,up
93038,up
93039,up
93040,up
93041,up
93052,up
93091,up
93108,up
93126,up
93127,up
93168,up
93247,up
93248,up
93249,up
93250,up
93251,up
93258,up
93259,up
93312,up
93313,up
93314,up
93315,up
93329,up
93330,up
93331,up
93343,up
93361,up
93362,up
93367,up
93368,up
93369,up
93370,up
93371,up
93383,up
93399,up
93400,up
93412,up
93439,up
93453,up
93454,up
93455,up
93456,up
93457,up
93487,up
93488,up
93499,up
93500,up
93501,up
93506,up
93507,up
93508,up
93509,up
93510,up
93511,up
93512,up
93513,up
93514,up
93515,up
93516,up
93517,up
93518,up
93538,up
93539,up
93540,up
93541,up
93542,up
93548,up
93549,up
93550,up
93551,up
93552,up
93567,up
93568,up
93569,up
93587,up
93588,up
93589,up
93590,up
93600,up
93601,up
93605,up
93612,up
93613,up
93625,up
93657,up
93662,up
93748,up
93749,up
93771,up
93772,up
93773,up
93837,up
93838,up
93839,up
93850,up
93852,up
93859,up
93860,up
93861,up
93862,up
93863,up
93891,up
93892,up
93896,up
93897,up
93969,up
93970,up
93971,up
93972,up
93973,up
93974,up
93976,up
93977,up
93978,up
93979,up
93980,up
94068,visual
94184,visual
94185,visual
94186,visual
94189,visual
94190,visual
94191,visual
94192,visual
94224,visual
94225,visual
94226,visual
94240,visual
94259,visual
94260,visual
94276,visual
94277,visual
94278,visual
94279,visual
94363,visual
94364,visual
94365,visual
94394,visual
94395,visual
94396,visual
94397,visual
94425,visual
94426,visual
94427,visual
94428,visual
94429,visual
94494,visual
94495,visual
94521,visual
94522,visual
94528,visual
94529,visual
94621,visual
94626,visual
94627,visual
94628,visual
94629,visual
94630,visual
94631,visual
94646,visual
94647,visual
94648,visual
94649,visual
94650,visual
94663,visual
94664,visual
94705,visual
94706,visual
94745,visual
94746,visual
94747,visual
94748,visual
94749,visual
94756,visual
94757,visual
94758,visual
94759,visual
94760,visual
94762,visual
94763,visual
94764,visual
94765,visual
94778,visual
94783,visual
94784,visual
94785,visual
94786,visual
94787,visual
94830,visual
94852,visual
94853,visual
94854,visual
94855,visual
94910,visual
94911,visual
94912,visual
94919,visual
94920,visual
94921,visual
94922,visual
94923,visual
94946,visual
94948,visual
94949,visual
94950,visual
94951,visual
94952,visual
94953,visual
94954,visual
94959,visual
94960,visual
94961,visual
94962,visual
94963,visual
95017,visual
95018,visual
95019,visual
95020,visual
95074,visual
95081,visual
95154,visual
95155,visual
95156,visual
95157,visual
95184,visual
95185,visual
95186,visual
95187,visual
95188,visual
95201,visual
95202,visual
95203,visual
95204,visual
95205,visual
95223,visual
95253,visual
95254,visual
95255,visual
95256,visual
95257,visual
95311,visual
95312,visual
95313,visual
95314,visual
95361,visual
95362,visual
95363,visual
95364,visual
95365,visual
95366,visual
95367,visual
95375,visual
95376,visual
95377,visual
95378,visual
95477,visual
95478,visual
95479,visual
95480,visual
95481,visual
95482,visual
95521,visual
95526,visual
95527,visual
95528,visual
95529,visual
95540,visual
95584,visual
95585,visual
95586,visual
95587,visual
95588,visual
95589,visual
95590,visual
95591,visual
95592,visual
95617,wow
95618,wow
95630,wow
95688,wow
95689,wow
95690,wow
95709,wow
95721,wow
95722,wow
95724,wow
95728,wow
95742,wow
95743,wow
95760,wow
95761,wow
95769,wow
95770,wow
95775,wow
95785,wow
95826,wow
95849,wow
95909,wow
95910,wow
95911,wow
95934,wow
95935,wow
95944,wow
95951,wow
95954,wow
95956,wow
95959,wow
95977,wow
95982,wow
95983,wow
95999,wow
96002,wow
96005,wow
96009,wow
96010,wow
96011,wow
96031,wow
96032,wow
96033,wow
96048,wow
96067,wow
96076,wow
96077,wow
96084,wow
96098,wow
96113,wow
96129,wow
96130,wow
96160,wow
96161,wow
96162,wow
96205,wow
96212,wow
96215,wow
96221,wow
96222,wow
96231,wow
96232,wow
96251,wow
96253,wow
96258,wow
96259,wow
96298,wow
96309,wow
96310,wow
96311,wow
96312,wow
96313,wow
96351,wow
96352,wow
96358,wow
96359,wow
96360,wow
96361,wow
96379,wow
96387,wow
96388,wow
96390,wow
96396,wow
96397,wow
96411,wow
96428,wow
96435,wow
96443,wow
96467,wow
96470,wow
96471,wow
96480,wow
96489,wow
96490,wow
96506,wow
96507,wow
96508,wow
96509,wow
96512,wow
96513,wow
96533,wow
96534,wow
96578,wow
96584,wow
96585,wow
96591,wow
96597,wow
96606,wow
96615,wow
96616,wow
96617,wow
96655,wow
96664,wow
96703,wow
96761,wow
96784,wow
96785,wow
96786,wow
96788,wow
96803,wow
96850,wow
96885,wow
96886,wow
96894,wow
96895,wow
96898,wow
96899,wow
96905,wow
96911,wow
96912,wow
96929,wow
96937,wow
96938,wow
96952,wow
96953,wow
96997,wow
96998,wow
96999,wow
97000,wow
97021,wow
97026,wow
97027,wow
97033,wow
97052,wow
97085,wow
97121,wow
97125,wow
97135,wow
97136,wow
97202,wow
97205,wow
97209,wow
97211,wow
97231,wow
97232,wow
97242,wow
97253,wow
97270,wow
97291,wow
97292,wow
97293,wow
97313,wow
97343,wow
97345,wow
97346,wow
97364,wow
97369,wow
97375,wow
97377,wow
97379,wow
97380,wow
97396,wow
97399,wow
97400,wow
97414,wow
97430,wow
97431,wow
97445,wow
97446,wow
97447,wow
97448,wow
97467,wow
97468,wow
97470,wow
97477,wow
97484,wow
97492,wow
97512,wow
97513,wow
97514,wow
97520,wow
97525,wow
97527,wow
97544,wow
97545,wow
97555,wow
97594,wow
97595,wow
97604,wow
97608,wow
97626,wow
97627,wow
97639,wow
97652,wow
97666,wow
97667,wow
97679,wow
97688,wow
97689,wow
97690,wow
97705,wow
97709,wow
97752,yes
97753,yes
97780,yes
97867,yes
97868,yes
97869,yes
97870,yes
97871,yes
97898,yes
97902,yes
97951,yes
97952,yes
97954,yes
97955,yes
97956,yes
97957,yes
97958,yes
97960,yes
97961,yes
97962,yes
97963,yes
97964,yes
97965,yes
97971,yes
97993,yes
97994,yes
97995,yes
97996,yes
97997,yes
97998,yes
98022,yes
98023,yes
98024,yes
98057,yes
98085,yes
98133,yes
98134,yes
98135,yes
98136,yes
98149,yes
98167,yes
98168,yes
98169,yes
98170,yes
98171,yes
98242,yes
98243,yes
98244,yes
98245,yes
98247,yes
98248,yes
98249,yes
98328,yes
98329,yes
98335,yes
98359,yes
98360,yes
98361,yes
98362,yes
98363,yes
98374,yes
98375,yes
98376,yes
98377,yes
98378,yes
98379,yes
98390,yes
98422,yes
98423,yes
98431,yes
98478,yes
98502,yes
98555,yes
98556,yes
98557,yes
98558,yes
98559,yes
98560,yes
98561,yes
98562,yes
98563,yes
98615,yes
98625,yes
98626,yes
98627,yes
98628,yes
98643,yes
98659,yes
98660,yes
98661,yes
98662,yes
98663,yes
98722,yes
98723,yes
98724,yes
98725,yes
98726,yes
98806,yes
98860,yes
98861,yes
98862,yes
98863,yes
98864,yes
98884,yes
98890,yes
98891,yes
98901,yes
98913,yes
98914,yes
98967,yes
98968,yes
98969,yes
98970,yes
98971,yes
98972,yes
98978,yes
99156,yes
99157,yes
99158,yes
99159,yes
99160,yes
99161,yes
99172,yes
99173,yes
99175,yes
99177,yes
99206,yes
99207,yes
99208,yes
99209,yes
99210,yes
99211,yes
99218,yes
99226,yes
99227,yes
99259,yes
99260,yes
99261,yes
99262,yes
99263,yes
99285,yes
99300,yes
99301,yes
99315,yes
99360,yes
99367,yes
99387,yes
99388,yes
99389,yes
99422,yes
99423,yes
99424,yes
99441,yes
99470,yes
99538,yes
99539,yes
99540,yes
99547,yes
99548,yes
99549,yes
99550,yes
99551,yes
99561,yes
99567,yes
99568,yes
99569,yes
99570,yes
99571,yes
99582,yes
99596,yes
99597,yes
99598,yes
99599,yes
99600,yes
99624,yes
99629,yes
99650,yes
99669,yes
99670,yes
99671,yes
99672,yes
99673,yes
99743,yes
99793,yes
99803,yes
99844,yes
99845,yes
99846,yes
99847,yes
99848,yes
99886,yes
99888,yes
99889,yes
99902,yes
99903,yes
99926,yes
99946,yes
99989,yes
99991,yes
99998,yes
99999,yes
100000,yes
100001,yes
100002,yes
100020,yes
100032,yes
100037,yes
100076,yes
100082,yes
100085,yes
100086,yes
100087,yes
100088,yes
100089,yes
100090,yes
100091,yes
100092,yes
100093,yes
100094,yes
100109,yes
100110,yes
100111,yes
100112,yes
100126,yes
100127,yes
100128,yes
100129,yes
100130,yes
100152,yes
100159,yes
100160,yes
100198,yes
100199,yes
100206,yes
100244,yes
100245,yes
100246,yes
100247,yes
100249,yes
100300,yes
100301,yes
100302,yes
100306,yes
100317,yes
100429,yes
100430,yes
100431,yes
100432,yes
100443,yes
100590,yes
100591,yes
100592,yes
100593,yes
100594,yes
100604,yes
100605,yes
100606,yes
100607,yes
100608,yes
100609,yes
100610,yes
100611,yes
100614,yes
100615,yes
100616,yes
100617,yes
100618,yes
100662,yes
100663,yes
100664,yes
100665,yes
100666,yes
100688,yes
100697,yes
100698,yes
100699,yes
100700,yes
100701,yes
100714,yes
100749,yes
100775,yes
100827,yes
100828,yes
100841,yes
100917,yes
100918,yes
100919,yes
100920,yes
100921,yes
100980,yes
100981,yes
100982,yes
100983,yes
100984,yes
100991,yes
101004,yes
101016,yes
101017,yes
101040,yes
101041,yes
101042,yes
101043,yes
101059,yes
101087,yes
101091,yes
101110,yes
101138,yes
101139,yes
101143,yes
101144,yes
101158,yes
101159,yes
101160,yes
101172,yes
101189,yes
101190,yes
101191,yes
101192,yes
101207,yes
101211,yes
101212,yes
101213,yes
101214,yes
101215,yes
101216,yes
101217,yes
101218,yes
101219,yes
101220,yes
101221,yes
101222,yes
101223,yes
101224,yes
101225,yes
101226,yes
101227,yes
101228,yes
101229,yes
101233,yes
101234,yes
101235,yes
101236,yes
101237,yes
101238,yes
101239,yes
101255,yes
101264,yes
101265,yes
101266,yes
101267,yes
101268,yes
101273,yes
101274,yes
101275,yes
101276,yes
101277,yes
101296,yes
101297,yes
101298,yes
101337,yes
101338,yes
101339,yes
101340,yes
101343,yes
101344,yes
101391,yes
101392,yes
101393,yes
101394,yes
101480,yes
101481,yes
101500,yes
101501,yes
101502,yes
101503,yes
101504,yes
101521,yes
101570,yes
101588,yes
101589,yes
101590,yes
101591,yes
101592,yes
101625,yes
101626,yes
101632,yes
101633,yes
101652,yes
101653,yes
101681,yes
101682,yes
101683,yes
101684,yes
101700,yes
101725,yes
101726,yes
101727,yes
101728,yes
101729,yes
101730,yes
101733,yes
101734,yes
101735,yes
101736,yes
101737,yes
101899,zero
101900,zero
101901,zero
101902,zero
101903,zero
101924,zero
101925,zero
101926,zero
101983,zero
101990,zero
101991,zero
101992,zero
101993,zero
101994,zero
101998,zero
101999,zero
102027,zero
102028,zero
102029,zero
102030,zero
102031,zero
102032,zero
102077,zero
102102,zero
102103,zero
102104,zero
102114,zero
102115,zero
102199,zero
102200,zero
102201,zero
102220,zero
102221,zero
102222,zero
102223,zero
102308,zero
102311,zero
102312,zero
102313,zero
102314,zero
102315,zero
102348,zero
102349,zero
102353,zero
102412,zero
102442,zero
102443,zero
102444,zero
102445,zero
102446,zero
102460,zero
102461,zero
102462,zero
102463,zero
102466,zero
102507,zero
102513,zero
102556,zero
102558,zero
102559,zero
102626,zero
102627,zero
102628,zero
102629,zero
102630,zero
102631,zero
102632,zero
102633,zero
102634,zero
102635,zero
102675,zero
102676,zero
102689,zero
102690,zero
102691,zero
102692,zero
102693,zero
102694,zero
102728,zero
102729,zero
102730,zero
102731,zero
102732,zero
102786,zero
102796,zero
102797,zero
102798,zero
102799,zero
102800,zero
102830,zero
102913,zero
102914,zero
102915,zero
102916,zero
102917,zero
102935,zero
102952,zero
102953,zero
102954,zero
102955,zero
102968,zero
102969,zero
102970,zero
102977,zero
103018,zero
103019,zero
103020,zero
103021,zero
103022,zero
103094,zero
103095,zero
103120,zero
103175,zero
103178,zero
103193,zero
103194,zero
103195,zero
103196,zero
103197,zero
103207,zero
103210,zero
103248,zero
103249,zero
103250,zero
103251,zero
103252,zero
103263,zero
103264,zero
103297,zero
103298,zero
103299,zero
103300,zero
103301,zero
103332,zero
103333,zero
103346,zero
103388,zero
103414,zero
103416,zero
103417,zero
103418,zero
103419,zero
103447,zero
103448,zero
103449,zero
103450,zero
103470,zero
103495,zero
103501,zero
103507,zero
103508,zero
103571,zero
103572,zero
103578,zero
103579,zero
103580,zero
103581,zero
103591,zero
103599,zero
103600,zero
103601,zero
103602,zero
103603,zero
103612,zero
103613,zero
103631,zero
103632,zero
103633,zero
103634,zero
103635,zero
103645,zero
103646,zero
103647,zero
103648,zero
103662,zero
103663,zero
103664,zero
103696,zero
103697,zero
103698,zero
103703,zero
103704,zero
103705,zero
103706,zero
103781,zero
103782,zero
103783,zero
103784,zero
103867,zero
103880,zero
103881,zero
103882,zero
103883,zero
103906,zero
103924,zero
103925,zero
103958,zero
103959,zero
103960,zero
103961,zero
103973,zero
103992,zero
103993,zero
104011,zero
104012,zero
104020,zero
104021,zero
104022,zero
104023,zero
104042,zero
104107,zero
104108,zero
104112,zero
104113,zero
104114,zero
104115,zero
104118,zero
104119,zero
104120,zero
104121,zero
104122,zero
104123,zero
104124,zero
104125,zero
104126,zero
104141,zero
104142,zero
104143,zero
104144,zero
104145,zero
104156,zero
104157,zero
104158,zero
104159,zero
104171,zero
104172,zero
104230,zero
104292,zero
104293,zero
104294,zero
104295,zero
104299,zero
104300,zero
104301,zero
104346,zero
104362,zero
104393,zero
104394,zero
104395,zero
104458,zero
104459,zero
104460,zero
104493,zero
104500,zero
104501,zero
104502,zero
104503,zero
104509,zero
104519,zero
104526,zero
104665,zero
104666,zero
104667,zero
104681,zero
104682,zero
104683,zero
104684,zero
104685,zero
104695,zero
104696,zero
104697,zero
104698,zero
104699,zero
104700,zero
104701,zero
104702,zero
104703,zero
104704,zero
104705,zero
104706,zero
104755,zero
104756,zero
104757,zero
104758,zero
104759,zero
104760,zero
104783,zero
104790,zero
104791,zero
104792,zero
104793,zero
104801,zero
104871,zero
104872,zero
104873,zero
104874,zero
104881,zero
104903,zero
104920,zero
104921,zero
105004,zero
105005,zero
105006,zero
105007,zero
105008,zero
105014,zero
105065,zero
105066,zero
105067,zero
105068,zero
105089,zero
105090,zero
105091,zero
105098,zero
105104,zero
105105,zero
105132,zero
105133,zero
105134,zero
105135,zero
105179,zero
105180,zero
105186,zero
105198,zero
105247,zero
105248,zero
105269,zero
105272,zero
105273,zero
105274,zero
105293,zero
105294,zero
105295,zero
105296,zero
105297,zero
105298,zero
105299,zero
105300,zero
105301,zero
105302,zero
105303,zero
105305,zero
105306,zero
105307,zero
105308,zero
105309,zero
105310,zero
105311,zero
105326,zero
105334,zero
105335,zero
105336,zero
105337,zero
105338,zero
105343,zero
105344,zero
105345,zero
105346,zero
105365,zero
105380,zero
105389,zero
105400,zero
105401,zero
105402,zero
105403,zero
105404,zero
105409,zero
105446,zero
105454,zero
105535,zero
105558,zero
105559,zero
105560,zero
105561,zero
105562,zero
105563,zero
105564,zero
105628,zero
105629,zero
105630,zero
105635,zero
105636,zero
105643,zero
105644,zero
105645,zero
105646,zero
105647,zero
105667,zero
105668,zero
105669,zero
105679,zero
105685,zero
105731,zero
105732,zero
105748,zero
105749,zero
105774,zero
105775,zero
105776,zero
105777,zero
105778,zero
105784,zero
105785,zero
105786,zero
105787,zero
105788,zero
6,backward
7,backward
8,backward
9,backward
10,backward
37,backward
38,backward
39,backward
40,backward
41,backward
83,backward
84,backward
85,backward
86,backward
87,backward
111,backward
112,backward
122,backward
123,backward
159,backward
160,backward
161,backward
162,backward
163,backward
192,backward
193,backward
194,backward
195,backward
196,backward
205,backward
206,backward
207,backward
208,backward
209,backward
290,backward
291,backward
292,backward
316,backward
317,backward
318,backward
319,backward
324,backward
325,backward
326,backward
363,backward
378,backward
379,backward
380,backward
381,backward
382,backward
387,backward
388,backward
389,backward
390,backward
391,backward
447,backward
448,backward
449,backward
450,backward
451,backward
472,backward
473,backward
474,backward
475,backward
478,backward
479,backward
480,backward
481,backward
482,backward
483,backward
501,backward
502,backward
503,backward
504,backward
505,backward
506,backward
512,backward
513,backward
514,backward
515,backward
547,backward
548,backward
549,backward
551,backward
552,backward
553,backward
554,backward
555,backward
556,backward
584,backward
585,backward
631,backward
632,backward
638,backward
660,backward
661,backward
662,backward
663,backward
664,backward
668,backward
669,backward
670,backward
671,backward
724,backward
725,backward
874,backward
875,backward
876,backward
877,backward
878,backward
887,backward
888,backward
889,backward
890,backward
891,backward
970,backward
975,backward
976,backward
1014,backward
1015,backward
1032,backward
1033,backward
1034,backward
1035,backward
1036,backward
1044,backward
1045,backward
1046,backward
1047,backward
1048,backward
1090,backward
1091,backward
1092,backward
1093,backward
1094,backward
1270,backward
1271,backward
1272,backward
1273,backward
1320,backward
1321,backward
1322,backward
1323,backward
1324,backward
1355,backward
1407,backward
1439,backward
1445,backward
1446,backward
1461,backward
1472,backward
1473,backward
1474,backward
1488,backward
1489,backward
1490,backward
1491,backward
1492,backward
1493,backward
1494,backward
1544,backward
1621,backward
1622,backward
1623,backward
1624,backward
1625,backward
1683,bed
1687,bed
1719,bed
1722,bed
1723,bed
1727,bed
1741,bed
1743,bed
1744,bed
1754,bed
1762,bed
1771,bed
1787,bed
1788,bed
1794,bed
1804,bed
1819,bed
1824,bed
1847,bed
1854,bed
1855,bed
1866,bed
1891,bed
1899,bed
1900,bed
1911,bed
1913,bed
1914,bed
1915,bed
1952,bed
1954,bed
1980,bed
1990,bed
2021,bed
2031,bed
2034,bed
2035,bed
2041,bed
2042,bed
2043,bed
2071,bed
2083,bed
2088,bed
2095,bed
2116,bed
2117,bed
2127,bed
2148,bed
2149,bed
2209,bed
2210,bed
2211,bed
2220,bed
2241,bed
2247,bed
2252,bed
2258,bed
2269,bed
2270,bed
2279,bed
2281,bed
2283,bed
2286,bed
2297,bed
2298,bed
2306,bed
2317,bed
2390,bed
2400,bed
2401,bed
2441,bed
2448,bed
2449,bed
2450,bed
2451,bed
2495,bed
2505,bed
2506,bed
2556,bed
2566,bed
2567,bed
2570,bed
2571,bed
2572,bed
2581,bed
2608,bed
2611,bed
2612,bed
2613,bed
2631,bed
2652,bed
2656,bed
2657,bed
2663,bed
2664,bed
2724,bed
2779,bed
2786,bed
2787,bed
2788,bed
2789,bed
2790,bed
2795,bed
2816,bed
2817,bed
2822,bed
2823,bed
2848,bed
2856,bed
2857,bed
2865,bed
2869,bed
2877,bed
2878,bed
2884,bed
2892,bed
2926,bed
2927,bed
2947,bed
2948,bed
2958,bed
2968,bed
2979,bed
2991,bed
3002,bed
3018,bed
3019,bed
3047,bed
3050,bed
3074,bed
3092,bed
3096,bed
3123,bed
3150,bed
3151,bed
3153,bed
3154,bed
3177,bed
3193,bed
3195,bed
3201,bed
3202,bed
3218,bed
3219,bed
3221,bed
3222,bed
3227,bed
3228,bed
3231,bed
3264,bed
3278,bed
3297,bed
3301,bed
3302,bed
3321,bed
3352,bed
3359,bed
3360,bed
3367,bed
3392,bed
3393,bed
3408,bed
3411,bed
3424,bed
3425,bed
3426,bed
3442,bed
3443,bed
3453,bed
3454,bed
3477,bed
3478,bed
3479,bed
3490,bed
3500,bed
3514,bed
3515,bed
3520,bed
3522,bed
3528,bed
3529,bed
3530,bed
3551,bed
3552,bed
3560,bed
3561,bed
3562,bed
3567,bed
3571,bed
3585,bed
3595,bed
3611,bed
3628,bed
3629,bed
3647,bed
3648,bed
3649,bed
3650,bed
3651,bed
3666,bed
3667,bed
3693,bird
3694,bird
3696,bird
3726,bird
3730,bird
3731,bird
3749,bird
3757,bird
3760,bird
3773,bird
3802,bird
3803,bird
3809,bird
3810,bird
3822,bird
3830,bird
3847,bird
3848,bird
3856,bird
3897,bird
3901,bird
3902,bird
3915,bird
3917,bird
3921,bird
3922,bird
3951,bird
3952,bird
3969,bird
3972,bird
3997,bird
4002,bird
4003,bird
4035,bird
4044,bird
4082,bird
4084,bird
4094,bird
4097,bird
4106,bird
4120,bird
4128,bird
4129,bird
4140,bird
4141,bird
4192,bird
4256,bird
4258,bird
4278,bird
4280,bird
4286,bird
4294,bird
4295,bird
4297,bird
4313,bird
4331,bird
4337,bird
4351,bird
4357,bird
4361,bird
4362,bird
4375,bird
4389,bird
4437,bird
4438,bird
4439,bird
4481,bird
4485,bird
4486,bird
4487,bird
4499,bird
4506,bird
4519,bird
4543,bird
4555,bird
4556,bird
4557,bird
4562,bird
4563,bird
4615,bird
4616,bird
4617,bird
4627,bird
4630,bird
4634,bird
4669,bird
4670,bird
4677,bird
4697,bird
4698,bird
4700,bird
4701,bird
4713,bird
4714,bird
4715,bird
4717,bird
4718,bird
4719,bird
4763,bird
4780,bird
4800,bird
4815,bird
4833,bird
4834,bird
4835,bird
4840,bird
4846,bird
4863,bird
4864,bird
4887,bird
4891,bird
4901,bird
4902,bird
4910,bird
4911,bird
4913,bird
4922,bird
4923,bird
4952,bird
4961,bird
4977,bird
4980,bird
4990,bird
4997,bird
5000,bird
5004,bird
5008,bird
5019,bird
5020,bird
5041,bird
5058,bird
5068,bird
5083,bird
5084,bird
5098,bird
5099,bird
5127,bird
5132,bird
5140,bird
5155,bird
5171,bird
5214,bird
5215,bird
5226,bird
5247,bird
5251,bird
5264,bird
5279,bird
5281,bird
5282,bird
5283,bird
5288,bird
5291,bird
5319,bird
5357,bird
5360,bird
5366,bird
5367,bird
5400,bird
5416,bird
5417,bird
5418,bird
5419,bird
5431,bird
5435,bird
5440,bird
5448,bird
5460,bird
5464,bird
5492,bird
5495,bird
5516,bird
5517,bird
5518,bird
5519,bird
5520,bird
5521,bird
5532,bird
5539,bird
5547,bird
5551,bird
5560,bird
5573,bird
5574,bird
5579,bird
5582,bird
5585,bird
5586,bird
5615,bird
5616,bird
5617,bird
5620,bird
5632,bird
5633,bird
5634,bird
5641,bird
5645,bird
5653,bird
5654,bird
5672,bird
5691,bird
5700,bird
5707,bird
5708,bird
5709,bird
5726,bird
5727,bird
5758,cat
5791,cat
5792,cat
5793,cat
5798,cat
5824,cat
5827,cat
5828,cat
5838,cat
5847,cat
5848,cat
5849,cat
5850,cat
5878,cat
5879,cat
5904,cat
5910,cat
5923,cat
5925,cat
5926,cat
5930,cat
5934,cat
5958,cat
5959,cat
5970,cat
5971,cat
5984,cat
5985,cat
6006,cat
6025,cat
6066,cat
6072,cat
6102,cat
6117,cat
6118,cat
6119,cat
6122,cat
6123,cat
6127,cat
6138,cat
6168,cat
6170,cat
6171,cat
6175,cat
6181,cat
6185,cat
6186,cat
6209,cat
6215,cat
6216,cat
6240,cat
6241,cat
6267,cat
6270,cat
6324,cat
6327,cat
6341,cat
6346,cat
6350,cat
6354,cat
6384,cat
6386,cat
6388,cat
6396,cat
6403,cat
6406,cat
6503,cat
6508,cat
6509,cat
6515,cat
6516,cat
6537,cat
6563,cat
6571,cat
6572,cat
6573,cat
6574,cat
6575,cat
6578,cat
6642,cat
6646,cat
6654,cat
6655,cat
6689,cat
6710,cat
6716,cat
6731,cat
6732,cat
6733,cat
6736,cat
6737,cat
6738,cat
6745,cat
6807,cat
6825,cat
6864,cat
6865,cat
6871,cat
6882,cat
6883,cat
6884,cat
6896,cat
6918,cat
6922,cat
6923,cat
6924,cat
6937,cat
6938,cat
6939,cat
6944,cat
6956,cat
6962,cat
6984,cat
6994,cat
7010,cat
7012,cat
7015,cat
7024,cat
7025,cat
7026,cat
7027,cat
7032,cat
7038,cat
7039,cat
7046,cat
7056,cat
7065,cat
7077,cat
7078,cat
7093,cat
7094,cat
7113,cat
7114,cat
7115,cat
7132,cat
7143,cat
7176,cat
7181,cat
7182,cat
7186,cat
7196,cat
7201,cat
7241,cat
7242,cat
7251,cat
7252,cat
7262,cat
7274,cat
7285,cat
7290,cat
7304,cat
7305,cat
7307,cat
7308,cat
7311,cat
7344,cat
7374,cat
7375,cat
7378,cat
7383,cat
7432,cat
7433,cat
7453,cat
7454,cat
7478,cat
7480,cat
7489,cat
7490,cat
7519,cat
7535,cat
7548,cat
7549,cat
7561,cat
7562,cat
7563,cat
7566,cat
7567,cat
7572,cat
7573,cat
7575,cat
7586,cat
7598,cat
7602,cat
7603,cat
7604,cat
7639,cat
7647,cat
7653,cat
7664,cat
7665,cat
7666,cat
7682,cat
7704,cat
7731,cat
7737,cat
7738,cat
7739,cat
7740,cat
7753,cat
7757,cat
7758,cat
7766,cat
7767,cat
7791,dog
7838,dog
7839,dog
7840,dog
7849,dog
7874,dog
7876,dog
7877,dog
7889,dog
7901,dog
7922,dog
7926,dog
7927,dog
7928,dog
7936,dog
7937,dog
7939,dog
7940,dog
7951,dog
7960,dog
7966,dog
7967,dog
7974,dog
7980,dog
7981,dog
7984,dog
7985,dog
7989,dog
8027,dog
8028,dog
8051,dog
8052,dog
8053,dog
8054,dog
8081,dog
8100,dog
8101,dog
8102,dog
8130,dog
8140,dog
8141,dog
8142,dog
8171,dog
8177,dog
8178,dog
8179,dog
8181,dog
8207,dog
8209,dog
8222,dog
8229,dog
8248,dog
8253,dog
8254,dog
8261,dog
8320,dog
8321,dog
8322,dog
8383,dog
8386,dog
8389,dog
8397,dog
8405,dog
8412,dog
8416,dog
8422,dog
8423,dog
8424,dog
8425,dog
8435,dog
8436,dog
8447,dog
8453,dog
8457,dog
8463,dog
8491,dog
8492,dog
8493,dog
8494,dog
8497,dog
8551,dog
8574,dog
8583,dog
8584,dog
8585,dog
8586,dog
8587,dog
8597,dog
8636,dog
8645,dog
8650,dog
8720,dog
8745,dog
8770,dog
8771,dog
8796,dog
8797,dog
8818,dog
8821,dog
8827,dog
8828,dog
8829,dog
8830,dog
8831,dog
8910,dog
8923,dog
8949,dog
8950,dog
8953,dog
8954,dog
8959,dog
8962,dog
8967,dog
8968,dog
8982,dog
8986,dog
9013,dog
9014,dog
9015,dog
9016,dog
9027,dog
9033,dog
9042,dog
9043,dog
9044,dog
9055,dog
9059,dog
9060,dog
9082,dog
9105,dog
9118,dog
9119,dog
9134,dog
9151,dog
9199,dog
9200,dog
9212,dog
9213,dog
9219,dog
9220,dog
9221,dog
9268,dog
9271,dog
9285,dog
9286,dog
9298,dog
9326,dog
9327,dog
9330,dog
9331,dog
9345,dog
9351,dog
9352,dog
9362,dog
9365,dog
9394,dog
9398,dog
9439,dog
9472,dog
9473,dog
9474,dog
9480,dog
9500,dog
9501,dog
9508,dog
9517,dog
9571,dog
9582,dog
9591,dog
9593,dog
9594,dog
9604,dog
9607,dog
9608,dog
9609,dog
9610,dog
9611,dog
9635,dog
9647,dog
9648,dog
9661,dog
9683,dog
9684,dog
9685,dog
9690,dog
9691,dog
9696,dog
9707,dog
9724,dog
9725,dog
9726,dog
9730,dog
9733,dog
9739,dog
9769,dog
9773,dog
9798,dog
9799,dog
9801,dog
9802,dog
9803,dog
9818,dog
9819,dog
9833,dog
9852,dog
9861,dog
9863,dog
9879,dog
9883,dog
9884,dog
9885,dog
9886,dog
9931,down
9936,down
9937,down
9938,down
9939,down
9998,down
9999,down
10000,down
10001,down
10002,down
10003,down
10004,down
10005,down
10006,down
10024,down
10050,down
10080,down
10081,down
10082,down
10083,down
10084,down
10085,down
10109,down
10110,down
10151,down
10152,down
10153,down
10154,down
10158,down
10171,down
10172,down
10173,down
10205,down
10206,down
10207,down
10208,down
10209,down
10218,down
10242,down
10270,down
10271,down
10272,down
10273,down
10274,down
10325,down
10342,down
10343,down
10344,down
10345,down
10346,down
10347,down
10348,down
10349,down
10350,down
10372,down
10373,down
10374,down
10375,down
10377,down
10378,down
10379,down
10380,down
10381,down
10382,down
10385,down
10386,down
10409,down
10486,down
10498,down
10499,down
10553,down
10554,down
10555,down
10556,down
10557,down
10568,down
10626,down
10627,down
10628,down
10629,down
10630,down
10642,down
10643,down
10644,down
10645,down
10652,down
10653,down
10711,down
10735,down
10742,down
10743,down
10747,down
10748,down
10753,down
10754,down
10755,down
10756,down
10764,down
10798,down
10799,down
10800,down
10801,down
10811,down
10812,down
10813,down
10814,down
10815,down
10839,down
10840,down
10841,down
10842,down
10853,down
10907,down
10939,down
10941,down
10942,down
10943,down
10944,down
10945,down
11036,down
11037,down
11038,down
11039,down
11040,down
11041,down
11051,down
11052,down
11053,down
11054,down
11079,down
11085,down
11086,down
11087,down
11088,down
11090,down
11091,down
11095,down
11096,down
11104,down
11105,down
11106,down
11107,down
11108,down
11150,down
11169,down
11170,down
11171,down
11172,down
11173,down
11180,down
11181,down
11184,down
11185,down
11186,down
11187,down
11188,down
11197,down
11198,down
11199,down
11200,down
11201,down
11202,down
11219,down
11233,down
11245,down
11274,down
11275,down
11371,down
11413,down
11414,down
11415,down
11416,down
11417,down
11418,down
11422,down
11423,down
11435,down
11436,down
11437,down
11471,down
11522,down
11523,down
11524,down
11525,down
11526,down
11544,down
11545,down
11546,down
11547,down
11675,down
11676,down
11726,down
11808,down
11820,down
11821,down
11900,down
11929,down
11930,down
11931,down
11932,down
11933,down
11961,down
11962,down
11963,down
11964,down
11965,down
12026,down
12037,down
12041,down
12042,down
12043,down
12044,down
12045,down
12064,down
12065,down
12142,down
12157,down
12165,down
12166,down
12174,down
12175,down
12176,down
12177,down
12178,down
12191,down
12220,down
12221,down
12277,down
12296,down
12326,down
12327,down
12328,down
12329,down
12330,down
12335,down
12336,down
12339,down
12340,down
12341,down
12342,down
12359,down
12360,down
12373,down
12386,down
12387,down
12390,down
12407,down
12434,down
12435,down
12436,down
12437,down
12438,down
12455,down
12456,down
12457,down
12483,down
12505,down
12525,down
12536,down
12616,down
12624,down
12636,down
12651,down
12652,down
12660,down
12661,down
12662,down
12663,down
12664,down
12672,down
12708,down
12739,down
12740,down
12792,down
12793,down
12794,down
12795,down
12796,down
12797,down
12798,down
12799,down
12825,down
12826,down
12873,down
12874,down
12877,down
12878,down
12879,down
12916,down
12918,down
12923,down
12924,down
12925,down
12926,down
12927,down
12928,down
12929,down
12930,down
12931,down
12932,down
12941,down
12942,down
12943,down
12944,down
12945,down
12996,down
13009,down
13010,down
13011,down
13012,down
13013,down
13047,down
13048,down
13084,down
13093,down
13094,down
13140,down
13184,down
13185,down
13207,down
13227,down
13256,down
13257,down
13258,down
13259,down
13273,down
13275,down
13296,down
13297,down
13309,down
13348,down
13367,down
13368,down
13369,down
13370,down
13371,down
13398,down
13399,down
13413,down
13414,down
13428,down
13429,down
13438,down
13439,down
13440,down
13441,down
13461,down
13462,down
13463,down
13464,down
13465,down
13493,down
13497,down
13498,down
13499,down
13500,down
13501,down
13503,down
13508,down
13509,down
13510,down
13516,down
13517,down
13575,down
13580,down
13581,down
13590,down
13610,down
13624,down
13656,down
13657,down
13684,down
13722,down
13723,down
13739,down
13746,down
13747,down
13748,down
13749,down
13751,down
13752,down
13753,down
13754,down
13755,down
13794,down
13795,down
13796,down
13801,down
13802,down
13803,down
13805,down
13849,eight
13850,eight
13851,eight
13855,eight
13856,eight
13857,eight
13858,eight
13859,eight
13894,eight
13926,eight
13927,eight
13928,eight
13929,eight
13930,eight
13931,eight
13978,eight
13984,eight
13985,eight
13986,eight
14010,eight
14011,eight
14012,eight
14013,eight
14014,eight
14037,eight
14038,eight
14059,eight
14060,eight
14061,eight
14077,eight
14094,eight
14095,eight
14096,eight
14100,eight
14101,eight
14125,eight
14126,eight
14127,eight
14128,eight
14129,eight
14132,eight
14133,eight
14158,eight
14159,eight
14175,eight
14181,eight
14182,eight
14183,eight
14184,eight
14221,eight
14232,eight
14233,eight
14234,eight
14235,eight
14236,eight
14237,eight
14238,eight
14239,eight
14240,eight
14259,eight
14260,eight
14261,eight
14262,eight
14263,eight
14264,eight
14265,eight
14266,eight
14301,eight
14345,eight
14346,eight
14359,eight
14360,eight
14361,eight
14366,eight
14367,eight
14374,eight
14375,eight
14376,eight
14432,eight
14433,eight
14434,eight
14446,eight
14503,eight
14504,eight
14505,eight
14506,eight
14520,eight
14521,eight
14522,eight
14557,eight
14558,eight
14605,eight
14606,eight
14612,eight
14615,eight
14621,eight
14622,eight
14623,eight
14624,eight
14625,eight
14632,eight
14633,eight
14654,eight
14655,eight
14656,eight
14657,eight
14658,eight
14665,eight
14666,eight
14667,eight
14668,eight
14669,eight
14687,eight
14688,eight
14689,eight
14690,eight
14699,eight
14746,eight
14793,eight
14794,eight
14795,eight
14796,eight
14797,eight
14898,eight
14899,eight
14900,eight
14901,eight
14915,eight
14916,eight
14917,eight
14918,eight
14919,eight
14920,eight
14921,eight
14922,eight
14923,eight
14947,eight
14948,eight
14949,eight
14950,eight
14951,eight
14972,eight
14973,eight
14974,eight
14975,eight
14976,eight
14989,eight
14993,eight
15013,eight
15014,eight
15033,eight
15034,eight
15035,eight
15036,eight
15037,eight
15039,eight
15040,eight
15041,eight
15042,eight
15043,eight
15046,eight
15047,eight
15048,eight
15049,eight
15050,eight
15062,eight
15063,eight
15064,eight
15065,eight
15066,eight
15067,eight
15082,eight
15083,eight
15084,eight
15117,eight
15225,eight
15232,eight
15277,eight
15278,eight
15279,eight
15280,eight
15281,eight
15284,eight
15291,eight
15303,eight
15345,eight
15346,eight
15403,eight
15404,eight
15405,eight
15406,eight
15414,eight
15415,eight
15416,eight
15424,eight
15530,eight
15538,eight
15539,eight
15552,eight
15553,eight
15598,eight
15651,eight
15652,eight
15662,eight
15663,eight
15664,eight
15701,eight
15702,eight
15703,eight
15704,eight
15705,eight
15713,eight
15714,eight
15715,eight
15789,eight
15790,eight
15814,eight
15829,eight
15830,eight
15831,eight
15832,eight
15833,eight
15859,eight
15860,eight
15923,eight
15926,eight
15944,eight
15945,eight
15946,eight
15947,eight
15948,eight
15980,eight
16047,eight
16048,eight
16063,eight
16064,eight
16065,eight
16066,eight
16069,eight
16070,eight
16071,eight
16072,eight
16073,eight
16109,eight
16119,eight
16162,eight
16163,eight
16164,eight
16165,eight
16199,eight
16200,eight
16201,eight
16202,eight
16203,eight
16211,eight
16212,eight
16213,eight
16214,eight
16215,eight
16231,eight
16232,eight
16241,eight
16242,eight
16248,eight
16276,eight
16304,eight
16305,eight
16306,eight
16307,eight
16391,eight
16402,eight
16494,eight
16495,eight
16509,eight
16524,eight
16525,eight
16531,eight
16532,eight
16533,eight
16534,eight
16543,eight
16582,eight
16583,eight
16615,eight
16637,eight
16661,eight
16662,eight
16663,eight
16664,eight
16665,eight
16666,eight
16667,eight
16697,eight
16724,eight
16725,eight
16726,eight
16727,eight
16735,eight
16766,eight
16767,eight
16772,eight
16775,eight
16776,eight
16777,eight
16778,eight
16779,eight
16780,eight
16781,eight
16782,eight
16790,eight
16791,eight
16792,eight
16793,eight
16794,eight
16850,eight
16851,eight
16852,eight
16853,eight
16854,eight
16887,eight
16888,eight
16924,eight
16925,eight
16932,eight
16963,eight
16978,eight
17002,eight
17028,eight
17045,eight
17069,eight
17070,eight
17082,eight
17084,eight
17153,eight
17155,eight
17178,eight
17179,eight
17180,eight
17181,eight
17207,eight
17208,eight
17222,eight
17223,eight
17239,eight
17240,eight
17249,eight
17250,eight
17256,eight
17257,eight
17258,eight
17259,eight
17260,eight
17281,eight
17282,eight
17283,eight
17284,eight
17285,eight
17301,eight
17302,eight
17303,eight
17304,eight
17305,eight
17307,eight
17386,eight
17426,eight
17427,eight
17518,eight
17542,eight
17543,eight
17544,eight
17545,eight
17546,eight
17547,eight
17548,eight
17549,eight
17578,eight
17587,eight
17588,eight
17589,eight
17643,five
17644,five
17645,five
17646,five
17647,five
17679,five
17708,five
17709,five
17710,five
17711,five
17712,five
17725,five
17740,five
17796,five
17797,five
17798,five
17799,five
17800,five
17801,five
17850,five
17872,five
17873,five
17874,five
17875,five
17876,five
17880,five
17881,five
17894,five
17925,five
17926,five
17927,five
17928,five
17929,five
17935,five
17936,five
17937,five
17955,five
17969,five
17975,five
17985,five
17986,five
17987,five
17988,five
17989,five
18019,five
18042,five
18053,five
18054,five
18055,five
18056,five
18057,five
18058,five
18059,five
18060,five
18061,five
18062,five
18081,five
18082,five
18083,five
18084,five
18085,five
18087,five
18088,five
18089,five
18090,five
18091,five
18092,five
18094,five
18120,five
18121,five
18122,five
18172,five
18195,five
18196,five
18199,five
18200,five
18201,five
18202,five
18272,five
18273,five
18274,five
18275,five
18276,five
18293,five
18294,five
18368,five
18369,five
18370,five
18371,five
18372,five
18382,five
18383,five
18385,five
18418,five
18473,five
18474,five
18475,five
18476,five
18477,five
18484,five
18485,five
18496,five
18517,five
18518,five
18519,five
18520,five
18521,five
18529,five
18530,five
18531,five
18532,five
18533,five
18534,five
18535,five
18536,five
18560,five
18561,five
18562,five
18563,five
18564,five
18577,five
18664,five
18669,five
18670,five
18671,five
18672,five
18673,five
18778,five
18779,five
18780,five
18782,five
18783,five
18784,five
18785,five
18796,five
18797,five
18798,five
18829,five
18830,five
18842,five
18843,five
18844,five
18845,five
18846,five
18864,five
18865,five
18866,five
18867,five
18868,five
18878,five
18879,five
18884,five
18885,five
18928,five
18929,five
18930,five
18934,five
18935,five
18936,five
18937,five
18938,five
18939,five
18940,five
18942,five
18943,five
18944,five
18945,five
18946,five
18958,five
18959,five
18960,five
18961,five
18962,five
18977,five
18984,five
18985,five
18986,five
18996,five
19010,five
19023,five
19024,five
19145,five
19198,five
19199,five
19200,five
19201,five
19202,five
19203,five
19208,five
19209,five
19210,five
19224,five
19225,five
19226,five
19318,five
19319,five
19320,five
19321,five
19322,five
19339,five
19340,five
19353,five
19420,five
19476,five
19477,five
19486,five
19550,five
19612,five
19644,five
19645,five
19646,five
19647,five
19651,five
19739,five
19756,five
19775,five
19776,five
19777,five
19778,five
19801,five
19802,five
19803,five
19804,five
19891,five
19897,five
19898,five
19899,five
19900,five
19901,five
19925,five
19945,five
20006,five
20007,five
20021,five
20042,five
20043,five
20044,five
20048,five
20052,five
20053,five
20054,five
20055,five
20056,five
20070,five
20100,five
20101,five
20113,five
20150,five
20179,five
20180,five
20181,five
20182,five
20183,five
20190,five
20191,five
20192,five
20195,five
20196,five
20197,five
20198,five
20199,five
20211,five
20219,five
20220,five
20230,five
20250,five
20283,five
20284,five
20285,five
20286,five
20287,five
20334,five
20335,five
20376,five
20390,five
20392,five
20466,five
20467,five
20496,five
20497,five
20512,five
20519,five
20520,five
20521,five
20522,five
20530,five
20632,five
20640,five
20641,five
20642,five
20643,five
20644,five
20645,five
20646,five
20647,five
20675,five
20688,five
20729,five
20730,five
20733,five
20734,five
20735,five
20736,five
20737,five
20777,five
20780,five
20781,five
20782,five
20783,five
20784,five
20785,five
20786,five
20787,five
20788,five
20789,five
20799,five
20800,five
20801,five
20802,five
20803,five
20866,five
20867,five
20868,five
20869,five
20870,five
20940,five
20948,five
20950,five
20951,five
20986,five
21010,five
21022,five
21043,five
21044,five
21061,five
21080,five
21100,five
21101,five
21134,five
21135,five
21186,five
21208,five
21209,five
21210,five
21211,five
21212,five
21246,five
21247,five
21264,five
21268,five
21272,five
21277,five
21278,five
21279,five
21280,five
21281,five
21298,five
21299,five
21300,five
21301,five
21302,five
21324,five
21326,five
21327,five
21328,five
21329,five
21330,five
21334,five
21335,five
21336,five
21341,five
21347,five
21348,five
21402,five
21403,five
21417,five
21426,five
21427,five
21428,five
21429,five
21450,five
21459,five
21464,five
21493,five
21520,five
21521,five
21558,five
21575,five
21583,five
21584,five
21585,five
21586,five
21587,five
21589,five
21590,five
21591,five
21592,five
21593,five
21626,five
21634,five
21635,five
21636,five
21640,five
21641,five
21665,follow
21666,follow
21667,follow
21668,follow
21669,follow
21696,follow
21697,follow
21698,follow
21699,follow
21741,follow
21742,follow
21743,follow
21744,follow
21766,follow
21800,follow
21810,follow
21811,follow
21812,follow
21813,follow
21814,follow
21841,follow
21842,follow
21843,follow
21844,follow
21845,follow
21856,follow
21857,follow
21858,follow
21859,follow
21913,follow
21938,follow
21939,follow
21940,follow
21941,follow
21942,follow
21968,follow
21969,follow
21970,follow
21971,follow
21972,follow
21979,follow
21980,follow
22021,follow
22022,follow
22034,follow
22035,follow
22036,follow
22037,follow
22042,follow
22043,follow
22044,follow
22045,follow
22095,follow
22096,follow
22097,follow
22098,follow
22099,follow
22127,follow
22128,follow
22129,follow
22130,follow
22131,follow
22142,follow
22143,follow
22144,follow
22145,follow
22146,follow
22162,follow
22163,follow
22171,follow
22172,follow
22173,follow
22174,follow
22202,follow
22203,follow
22204,follow
22205,follow
22206,follow
22207,follow
22208,follow
22209,follow
22210,follow
22211,follow
22212,follow
22213,follow
22222,follow
22297,follow
22298,follow
22299,follow
22300,follow
22301,follow
22304,follow
22305,follow
22306,follow
22354,follow
22415,follow
22479,follow
22480,follow
22481,follow
22482,follow
22491,follow
22492,follow
22493,follow
22494,follow
22495,follow
22564,follow
22565,follow
22566,follow
22627,follow
22628,follow
22629,follow
22630,follow
22631,follow
22638,follow
22639,follow
22640,follow
22641,follow
22642,follow
22688,follow
22689,follow
22690,follow
22691,follow
22692,follow
22771,follow
22772,follow
22773,follow
22847,follow
22848,follow
22849,follow
22850,follow
22851,follow
22862,follow
22863,follow
22902,follow
22903,follow
22904,follow
22905,follow
22906,follow
22975,follow
22986,follow
23027,follow
23028,follow
23029,follow
23030,follow
23043,follow
23055,follow
23056,follow
23057,follow
23071,follow
23072,follow
23073,follow
23074,follow
23202,follow
23203,follow
23204,follow
23205,follow
23206,follow
23226,follow
23242,forward
23243,forward
23244,forward
23245,forward
23246,forward
23271,forward
23272,forward
23273,forward
23274,forward
23310,forward
23311,forward
23312,forward
23313,forward
23331,forward
23346,forward
23372,forward
23373,forward
23374,forward
23375,forward
23376,forward
23402,forward
23403,forward
23404,forward
23405,forward
23420,forward
23421,forward
23422,forward
23471,forward
23472,forward
23499,forward
23500,forward
23501,forward
23502,forward
23503,forward
23535,forward
23536,forward
23537,forward
23538,forward
23539,forward
23545,forward
23601,forward
23602,forward
23603,forward
23607,forward
23608,forward
23609,forward
23610,forward
23611,forward
23662,forward
23663,forward
23664,forward
23665,forward
23690,forward
23691,forward
23692,forward
23701,forward
23702,forward
23703,forward
23704,forward
23705,forward
23706,forward
23720,forward
23721,forward
23722,forward
23726,forward
23727,forward
23728,forward
23729,forward
23758,forward
23759,forward
23760,forward
23763,forward
23764,forward
23765,forward
23766,forward
23767,forward
23793,forward
23794,forward
23838,forward
23846,forward
23864,forward
23865,forward
23866,forward
23867,forward
23868,forward
23871,forward
23872,forward
23873,forward
23874,forward
23923,forward
23924,forward
24057,forward
24058,forward
24059,forward
24060,forward
24061,forward
24069,forward
24070,forward
24071,forward
24072,forward
24154,forward
24155,forward
24156,forward
24163,forward
24214,forward
24215,forward
24216,forward
24217,forward
24218,forward
24225,forward
24226,forward
24227,forward
24228,forward
24265,forward
24266,forward
24267,forward
24268,forward
24414,forward
24415,forward
24416,forward
24417,forward
24418,forward
24462,forward
24463,forward
24464,forward
24465,forward
24466,forward
24514,forward
24538,forward
24551,forward
24552,forward
24586,forward
24587,forward
24588,forward
24589,forward
24590,forward
24607,forward
24608,forward
24609,forward
24610,forward
24611,forward
24619,forward
24620,forward
24621,forward
24622,forward
24635,forward
24636,forward
24637,forward
24638,forward
24639,forward
24685,forward
24758,forward
24759,forward
24760,forward
24761,forward
24782,forward
24783,forward
24823,four
24824,four
24825,four
24826,four
24891,four
24892,four
24893,four
24894,four
24895,four
24896,four
24907,four
24940,four
24972,four
24973,four
24974,four
24995,four
24996,four
24997,four
25037,four
25040,four
25050,four
25067,four
25083,four
25084,four
25085,four
25086,four
25087,four
25094,four
25129,four
25130,four
25131,four
25132,four
25187,four
25188,four
25203,four
25204,four
25205,four
25206,four
25207,four
25208,four
25209,four
25210,four
25211,four
25212,four
25239,four
25240,four
25241,four
25242,four
25243,four
25246,four
25247,four
25248,four
25249,four
25250,four
25251,four
25255,four
25338,four
25339,four
25340,four
25362,four
25373,four
25427,four
25428,four
25429,four
25430,four
25431,four
25488,four
25489,four
25490,four
25491,four
25499,four
25501,four
25502,four
25555,four
25583,four
25584,four
25590,four
25591,four
25597,four
25598,four
25603,four
25604,four
25605,four
25606,four
25607,four
25614,four
25640,four
25641,four
25642,four
25643,four
25656,four
25657,four
25658,four
25659,four
25678,four
25679,four
25680,four
25681,four
25682,four
25775,four
25776,four
25777,four
25778,four
25779,four
25893,four
25894,four
25895,four
25904,four
25905,four
25906,four
25907,four
25908,four
25930,four
25933,four
25934,four
25935,four
25936,four
25937,four
25940,four
25947,four
25948,four
25957,four
25958,four
25959,four
25960,four
25961,four
25972,four
26010,four
26011,four
26012,four
26014,four
26018,four
26019,four
26020,four
26021,four
26022,four
26024,four
26025,four
26026,four
26043,four
26044,four
26045,four
26046,four
26047,four
26048,four
26062,four
26063,four
26096,four
26228,four
26270,four
26271,four
26272,four
26273,four
26274,four
26279,four
26280,four
26281,four
26297,four
26330,four
26331,four
26387,four
26388,four
26389,four
26390,four
26415,four
26416,four
26479,four
26508,four
26527,four
26528,four
26539,four
26540,four
26541,four
26542,four
26560,four
26591,four
26601,four
26602,four
26651,four
26652,four
26653,four
26654,four
26691,four
26701,four
26702,four
26703,four
26704,four
26787,four
26802,four
26816,four
26817,four
26818,four
26840,four
26841,four
26842,four
26903,four
26904,four
26911,four
26912,four
26928,four
26929,four
26930,four
26931,four
26977,four
26978,four
26985,four
27039,four
27040,four
27052,four
27058,four
27059,four
27060,four
27061,four
27062,four
27063,four
27072,four
27107,four
27136,four
27137,four
27138,four
27165,four
27166,four
27167,four
27168,four
27174,four
27180,four
27181,four
27182,four
27183,four
27184,four
27202,four
27203,four
27215,four
27216,four
27223,four
27224,four
27237,four
27258,four
27259,four
27260,four
27261,four
27278,four
27320,four
27354,four
27355,four
27356,four
27426,four
27437,four
27461,four
27462,four
27470,four
27471,four
27472,four
27473,four
27480,four
27521,four
27553,four
27582,four
27591,four
27592,four
27593,four
27594,four
27595,four
27596,four
27597,four
27598,four
27599,four
27600,four
27623,four
27636,four
27660,four
27661,four
27662,four
27663,four
27675,four
27696,four
27697,four
27704,four
27705,four
27706,four
27707,four
27708,four
27709,four
27710,four
27721,four
27722,four
27723,four
27724,four
27725,four
27786,four
27787,four
27788,four
27789,four
27790,four
27824,four
27864,four
27868,four
27935,four
27972,four
27973,four
27979,four
27991,four
27993,four
27994,four
28009,four
28030,four
28040,four
28041,four
28051,four
28087,four
28088,four
28093,four
28094,four
28114,four
28115,four
28116,four
28142,four
28143,four
28144,four
28145,four
28146,four
28147,four
28148,four
28161,four
28162,four
28163,four
28179,four
28180,four
28188,four
28189,four
28199,four
28200,four
28201,four
28202,four
28220,four
28221,four
28222,four
28223,four
28224,four
28239,four
28243,four
28244,four
28245,four
28246,four
28247,four
28250,four
28251,four
28262,four
28310,four
28319,four
28320,four
28321,four
28323,four
28328,four
28348,four
28349,four
28356,four
28362,four
28461,four
28462,four
28463,four
28464,four
28465,four
28466,four
28467,four
28468,four
28490,four
28491,four
28500,four
28502,four
28503,four
28504,four
28505,four
28556,go
28567,go
28568,go
28569,go
28570,go
28639,go
28640,go
28641,go
28642,go
28643,go
28692,go
28693,go
28701,go
28725,go
28726,go
28727,go
28728,go
28733,go
28755,go
28778,go
28800,go
28802,go
28803,go
28804,go
28820,go
28821,go
28822,go
28823,go
28856,go
28857,go
28858,go
28859,go
28860,go
28914,go
28915,go
28916,go
28982,go
28983,go
28984,go
28985,go
28986,go
28987,go
28988,go
28989,go
29005,go
29006,go
29007,go
29008,go
29009,go
29010,go
29011,go
29012,go
29044,go
29045,go
29097,go
29098,go
29125,go
29196,go
29197,go
29198,go
29199,go
29200,go
29268,go
29269,go
29270,go
29271,go
29272,go
29284,go
29285,go
29286,go
29287,go
29296,go
29297,go
29298,go
29325,go
29371,go
29372,go
29373,go
29374,go
29381,go
29390,go
29391,go
29392,go
29393,go
29399,go
29400,go
29418,go
29419,go
29436,go
29437,go
29438,go
29439,go
29449,go
29450,go
29451,go
29452,go
29453,go
29476,go
29477,go
29478,go
29479,go
29480,go
29495,go
29496,go
29543,go
29591,go
29592,go
29593,go
29594,go
29595,go
29701,go
29703,go
29704,go
29705,go
29706,go
29707,go
29717,go
29718,go
29719,go
29720,go
29721,go
29722,go
29742,go
29743,go
29748,go
29749,go
29750,go
29751,go
29762,go
29774,go
29775,go
29782,go
29783,go
29808,go
29824,go
29825,go
29826,go
29827,go
29828,go
29829,go
29830,go
29836,go
29837,go
29838,go
29839,go
29840,go
29846,go
29847,go
29848,go
29849,go
29850,go
29867,go
29868,go
29869,go
29870,go
29871,go
29872,go
29886,go
29901,go
29920,go
29921,go
29943,go
30045,go
30046,go
30095,go
30096,go
30097,go
30098,go
30099,go
30100,go
30101,go
30106,go
30118,go
30119,go
30211,go
30212,go
30213,go
30214,go
30215,go
30226,go
30227,go
30228,go
30327,go
30328,go
30352,go
30377,go
30412,go
30413,go
30465,go
30466,go
30498,go
30504,go
30593,go
30594,go
30606,go
30607,go
30608,go
30609,go
30634,go
30635,go
30636,go
30637,go
30648,go
30693,go
30709,go
30710,go
30713,go
30714,go
30715,go
30716,go
30717,go
30754,go
30755,go
30756,go
30771,go
30772,go
30826,go
30827,go
30828,go
30838,go
30841,go
30844,go
30845,go
30846,go
30847,go
30848,go
30863,go
30889,go
30900,go
30934,go
30941,go
30965,go
30966,go
30967,go
30968,go
30973,go
30974,go
30978,go
30979,go
30980,go
30981,go
30982,go
31013,go
31063,go
31064,go
31065,go
31066,go
31067,go
31133,go
31156,go
31174,go
31175,go
31177,go
31178,go
31245,go
31256,go
31257,go
31270,go
31271,go
31283,go
31284,go
31289,go
31290,go
31291,go
31292,go
31302,go
31337,go
31338,go
31369,go
31370,go
31390,go
31417,go
31418,go
31419,go
31420,go
31421,go
31422,go
31423,go
31424,go
31425,go
31426,go
31460,go
31461,go
31462,go
31507,go
31511,go
31512,go
31513,go
31514,go
31553,go
31554,go
31556,go
31557,go
31558,go
31559,go
31560,go
31561,go
31562,go
31563,go
31564,go
31565,go
31571,go
31572,go
31573,go
31574,go
31575,go
31638,go
31639,go
31640,go
31641,go
31642,go
31675,go
31676,go
31711,go
31718,go
31720,go
31721,go
31748,go
31780,go
31781,go
31782,go
31783,go
31805,go
31875,go
31890,go
31892,go
31923,go
31963,go
31964,go
31988,go
31989,go
31990,go
31991,go
32014,go
32015,go
32016,go
32032,go
32033,go
32048,go
32056,go
32057,go
32058,go
32064,go
32065,go
32066,go
32067,go
32068,go
32088,go
32089,go
32090,go
32091,go
32110,go
32111,go
32112,go
32113,go
32114,go
32115,go
32122,go
32163,go
32164,go
32175,go
32176,go
32182,go
32183,go
32211,go
32217,go
32253,go
32254,go
32275,go
32276,go
32311,go
32326,go
32327,go
32337,go
32338,go
32339,go
32340,go
32341,go
32342,go
32343,go
32346,go
32347,go
32348,go
32349,go
32350,go
32380,go
32381,go
32382,go
32386,go
32422,happy
32462,happy
32463,happy
32464,happy
32469,happy
32477,happy
32491,happy
32500,happy
32503,happy
32541,happy
32542,happy
32561,happy
32562,happy
32574,happy
32583,happy
32584,happy
32588,happy
32593,happy
32599,happy
32623,happy
32624,happy
32633,happy
32634,happy
32649,happy
32650,happy
32651,happy
32656,happy
32683,happy
32696,happy
32697,happy
32698,happy
32699,happy
32700,happy
32705,happy
32706,happy
32729,happy
32738,happy
32764,happy
32774,happy
32776,happy
32780,happy
32781,happy
32819,happy
32820,happy
32821,happy
32824,happy
32825,happy
32826,happy
32831,happy
32864,happy
32865,happy
32866,happy
32867,happy
32878,happy
32906,happy
32934,happy
32995,happy
33001,happy
33022,happy
33028,happy
33039,happy
33049,happy
33050,happy
33052,happy
33060,happy
33078,happy
33080,happy
33087,happy
33100,happy
33105,happy
33113,happy
33125,happy
33126,happy
33131,happy
33138,happy
33180,happy
33210,happy
33211,happy
33212,happy
33213,happy
33244,happy
33245,happy
33246,happy
33271,happy
33285,happy
33286,happy
33294,happy
33368,happy
33369,happy
33370,happy
33373,happy
33421,happy
33422,happy
33425,happy
33441,happy
33442,happy
33444,happy
33454,happy
33520,happy
33539,happy
33548,happy
33577,happy
33585,happy
33604,happy
33625,happy
33626,happy
33632,happy
33633,happy
33649,happy
33653,happy
33667,happy
33675,happy
33687,happy
33688,happy
33700,happy
33701,happy
33714,happy
33716,happy
33719,happy
33736,happy
33739,happy
33747,happy
33761,happy
33791,happy
33824,happy
33825,happy
33826,happy
33827,happy
33838,happy
33839,happy
33840,happy
33874,happy
33875,happy
33891,happy
33896,happy
33917,happy
33948,happy
33949,happy
33959,happy
33960,happy
33967,happy
33986,happy
33988,happy
34007,happy
34009,happy
34010,happy
34011,happy
34012,happy
34014,happy
34015,happy
34017,happy
34045,happy
34066,happy
34071,happy
34072,happy
34073,happy
34082,happy
34083,happy
34084,happy
34085,happy
34086,happy
34087,happy
34094,happy
34124,happy
34134,happy
34142,happy
34152,happy
34167,happy
34171,happy
34194,happy
34195,happy
34206,happy
34217,happy
34238,happy
34243,happy
34244,happy
34250,happy
34254,happy
34265,happy
34277,happy
34281,happy
34282,happy
34310,happy
34318,happy
34324,happy
34325,happy
34329,happy
34337,happy
34338,happy
34339,happy
34344,happy
34345,happy
34361,happy
34362,happy
34408,happy
34415,happy
34416,happy
34421,happy
34438,happy
34443,happy
34444,happy
34445,happy
34446,happy
34447,happy
34448,happy
34476,house
34513,house
34514,house
34522,house
34526,house
34551,house
34563,house
34565,house
34566,house
34567,house
34582,house
34590,house
34602,house
34609,house
34616,house
34622,house
34627,house
34645,house
34651,house
34655,house
34694,house
34703,house
34704,house
34720,house
34723,house
34724,house
34744,house
34745,house
34771,house
34772,house
34785,house
34809,house
34848,house
34854,house
34857,house
34865,house
34866,house
34867,house
34893,house
34894,house
34900,house
34901,house
34908,house
34914,house
34915,house
34916,house
34917,house
34918,house
34939,house
34943,house
34963,house
34988,house
34995,house
35022,house
35074,house
35078,house
35083,house
35084,house
35104,house
35105,house
35112,house
35116,house
35119,house
35124,house
35132,house
35133,house
35156,house
35159,house
35170,house
35181,house
35182,house
35191,house
35192,house
35193,house
35196,house
35245,house
35246,house
35258,house
35263,house
35276,house
35277,house
35278,house
35279,house
35280,house
35288,house
35289,house
35290,house
35291,house
35300,house
35340,house
35349,house
35350,house
35430,house
35431,house
35432,house
35433,house
35437,house
35438,house
35439,house
35462,house
35463,house
35498,house
35521,house
35534,house
35541,house
35549,house
35550,house
35551,house
35552,house
35553,house
35601,house
35602,house
35643,house
35679,house
35680,house
35683,house
35684,house
35689,house
35715,house
35716,house
35743,house
35744,house
35745,house
35761,house
35762,house
35768,house
35772,house
35783,house
35808,house
35817,house
35818,house
35833,house
35837,house
35841,house
35861,house
35862,house
35865,house
35866,house
35872,house
35873,house
35874,house
35875,house
35876,house
35894,house
35964,house
35968,house
35970,house
36005,house
36010,house
36011,house
36025,house
36046,house
36047,house
36048,house
36085,house
36090,house
36091,house
36108,house
36128,house
36131,house
36147,house
36150,house
36151,house
36152,house
36153,house
36154,house
36157,house
36189,house
36218,house
36219,house
36221,house
36235,house
36250,house
36256,house
36268,house
36269,house
36277,house
36283,house
36284,house
36299,house
36313,house
36318,house
36321,house
36357,house
36358,house
36359,house
36374,house
36375,house
36384,house
36394,house
36395,house
36396,house
36400,house
36405,house
36407,house
36418,house
36431,house
36433,house
36455,house
36458,house
36471,house
36480,house
36485,house
36486,house
36498,house
36499,house
36539,house
36540,house
36550,house
36557,house
36558,house
36575,learn
36576,learn
36577,learn
36578,learn
36600,learn
36601,learn
36602,learn
36603,learn
36604,learn
36649,learn
36650,learn
36651,learn
36652,learn
36675,learn
36676,learn
36687,learn
36722,learn
36723,learn
36724,learn
36725,learn
36754,learn
36755,learn
36756,learn
36757,learn
36765,learn
36766,learn
36767,learn
36819,learn
36844,learn
36845,learn
36846,learn
36847,learn
36871,learn
36872,learn
36873,learn
36874,learn
36880,learn
36919,learn
36920,learn
36934,learn
36935,learn
36936,learn
36937,learn
36940,learn
36941,learn
36942,learn
36996,learn
36997,learn
36998,learn
36999,learn
37000,learn
37032,learn
37033,learn
37034,learn
37035,learn
37041,learn
37042,learn
37043,learn
37044,learn
37045,learn
37046,learn
37047,learn
37064,learn
37065,learn
37066,learn
37067,learn
37072,learn
37073,learn
37074,learn
37075,learn
37076,learn
37104,learn
37105,learn
37106,learn
37107,learn
37108,learn
37109,learn
37110,learn
37111,learn
37112,learn
37113,learn
37124,learn
37125,learn
37190,learn
37198,learn
37218,learn
37219,learn
37220,learn
37221,learn
37222,learn
37223,learn
37226,learn
37227,learn
37228,learn
37391,learn
37392,learn
37393,learn
37394,learn
37395,learn
37404,learn
37405,learn
37406,learn
37407,learn
37482,learn
37483,learn
37484,learn
37491,learn
37492,learn
37549,learn
37550,learn
37551,learn
37552,learn
37553,learn
37558,learn
37559,learn
37560,learn
37561,learn
37562,learn
37601,learn
37602,learn
37603,learn
37604,learn
37671,learn
37769,learn
37813,learn
37814,learn
37815,learn
37845,learn
37886,learn
37899,learn
37900,learn
37935,learn
37936,learn
37937,learn
37938,learn
37939,learn
37940,learn
37953,learn
37954,learn
37955,learn
37966,learn
37967,learn
37968,learn
37969,learn
37970,learn
37987,learn
37988,learn
37989,learn
37990,learn
37991,learn
37992,learn
37993,learn
38109,learn
38110,learn
38111,learn
38133,learn
38180,left
38181,left
38182,left
38183,left
38184,left
38246,left
38247,left
38248,left
38249,left
38250,left
38261,left
38262,left
38275,left
38276,left
38329,left
38330,left
38331,left
38332,left
38333,left
38353,left
38354,left
38399,left
38400,left
38401,left
38416,left
38417,left
38418,left
38442,left
38443,left
38444,left
38445,left
38446,left
38450,left
38492,left
38500,left
38501,left
38502,left
38503,left
38553,left
38563,left
38564,left
38565,left
38566,left
38567,left
38568,left
38569,left
38570,left
38571,left
38589,left
38590,left
38591,left
38592,left
38593,left
38594,left
38595,left
38596,left
38599,left
38600,left
38601,left
38602,left
38675,left
38696,left
38699,left
38709,left
38710,left
38780,left
38781,left
38782,left
38783,left
38784,left
38795,left
38852,left
38853,left
38854,left
38855,left
38856,left
38869,left
38870,left
38871,left
38872,left
38873,left
38936,left
38969,left
38970,left
38971,left
38972,left
38978,left
38993,left
39012,left
39013,left
39014,left
39015,left
39016,left
39024,left
39025,left
39026,left
39027,left
39028,left
39029,left
39030,left
39051,left
39052,left
39053,left
39054,left
39161,left
39162,left
39163,left
39164,left
39165,left
39265,left
39266,left
39267,left
39268,left
39269,left
39280,left
39281,left
39282,left
39283,left
39284,left
39285,left
39307,left
39308,left
39309,left
39320,left
39321,left
39322,left
39323,left
39324,left
39338,left
39339,left
39340,left
39341,left
39350,left
39351,left
39356,left
39374,left
39375,left
39398,left
39399,left
39400,left
39401,left
39402,left
39403,left
39408,left
39409,left
39410,left
39411,left
39416,left
39417,left
39418,left
39419,left
39429,left
39430,left
39431,left
39432,left
39433,left
39458,left
39471,left
39508,left
39509,left
39613,left
39619,left
39625,left
39659,left
39660,left
39661,left
39662,left
39663,left
39667,left
39668,left
39669,left
39670,left
39676,left
39726,left
39727,left
39775,left
39776,left
39777,left
39778,left
39785,left
39786,left
39787,left
39796,left
39850,left
39910,left
39911,left
39912,left
39913,left
39933,left
39973,left
39988,left
40004,left
40026,left
40061,left
40062,left
40064,left
40065,left
40066,left
40153,left
40167,left
40186,left
40187,left
40188,left
40189,left
40190,left
40213,left
40214,left
40215,left
40216,left
40229,left
40272,left
40287,left
40291,left
40292,left
40293,left
40294,left
40295,left
40316,left
40317,left
40333,left
40389,left
40390,left
40402,left
40423,left
40424,left
40425,left
40429,left
40430,left
40431,left
40432,left
40433,left
40434,left
40435,left
40436,left
40437,left
40450,left
40451,left
40490,left
40517,left
40518,left
40549,left
40550,left
40551,left
40552,left
40559,left
40562,left
40563,left
40564,left
40565,left
40566,left
40580,left
40589,left
40597,left
40598,left
40643,left
40644,left
40645,left
40646,left
40665,left
40666,left
40682,left
40703,left
40704,left
40731,left
40820,left
40832,left
40848,left
40855,left
40856,left
40857,left
40858,left
40859,left
40867,left
40868,left
40934,left
40976,left
40977,left
40978,left
40979,left
40980,left
40981,left
40982,left
40983,left
41023,left
41024,left
41025,left
41041,left
41042,left
41043,left
41044,left
41045,left
41056,left
41078,left
41082,left
41083,left
41084,left
41086,left
41087,left
41088,left
41089,left
41090,left
41091,left
41092,left
41093,left
41094,left
41095,left
41105,left
41106,left
41107,left
41108,left
41109,left
41165,left
41166,left
41167,left
41168,left
41169,left
41199,left
41200,left
41201,left
41245,left
41254,left
41281,left
41336,left
41371,left
41385,left
41406,left
41431,left
41444,left
41445,left
41507,left
41508,left
41509,left
41512,left
41513,left
41541,left
41542,left
41566,left
41567,left
41568,left
41580,left
41581,left
41582,left
41583,left
41600,left
41601,left
41602,left
41603,left
41604,left
41626,left
41629,left
41630,left
41631,left
41632,left
41638,left
41639,left
41705,left
41706,left
41734,left
41735,left
41749,left
41850,left
41865,left
41866,left
41873,left
41874,left
41875,left
41876,left
41877,left
41878,left
41879,left
41880,left
41881,left
41909,left
41910,left
41911,left
41920,left
41921,left
41924,left
41927,left
41963,marvin
41970,marvin
42007,marvin
42008,marvin
42019,marvin
42033,marvin
42036,marvin
42037,marvin
42045,marvin
42052,marvin
42079,marvin
42095,marvin
42096,marvin
42102,marvin
42109,marvin
42126,marvin
42129,marvin
42133,marvin
42172,marvin
42182,marvin
42183,marvin
42202,marvin
42203,marvin
42204,marvin
42206,marvin
42207,marvin
42240,marvin
42258,marvin
42279,marvin
42286,marvin
42330,marvin
42334,marvin
42335,marvin
42336,marvin
42339,marvin
42340,marvin
42350,marvin
42351,marvin
42363,marvin
42374,marvin
42375,marvin
42377,marvin
42381,marvin
42386,marvin
42393,marvin
42394,marvin
42406,marvin
42423,marvin
42424,marvin
42433,marvin
42450,marvin
42451,marvin
42481,marvin
42485,marvin
42543,marvin
42545,marvin
42549,marvin
42550,marvin
42570,marvin
42572,marvin
42574,marvin
42581,marvin
42585,marvin
42586,marvin
42587,marvin
42588,marvin
42589,marvin
42602,marvin
42603,marvin
42604,marvin
42617,marvin
42618,marvin
42619,marvin
42620,marvin
42621,marvin
42632,marvin
42644,marvin
42645,marvin
42649,marvin
42664,marvin
42676,marvin
42677,marvin
42733,marvin
42753,marvin
42756,marvin
42762,marvin
42763,marvin
42776,marvin
42795,marvin
42796,marvin
42797,marvin
42827,marvin
42834,marvin
42838,marvin
42898,marvin
42900,marvin
42901,marvin
42906,marvin
42918,marvin
42971,marvin
42985,marvin
42994,marvin
42995,marvin
43049,marvin
43050,marvin
43063,marvin
43086,marvin
43099,marvin
43100,marvin
43125,marvin
43126,marvin
43129,marvin
43130,marvin
43131,marvin
43132,marvin
43138,marvin
43139,marvin
43142,marvin
43146,marvin
43198,marvin
43204,marvin
43222,marvin
43223,marvin
43233,marvin
43234,marvin
43251,marvin
43258,marvin
43259,marvin
43273,marvin
43276,marvin
43278,marvin
43298,marvin
43300,marvin
43310,marvin
43325,marvin
43344,marvin
43357,marvin
43367,marvin
43376,marvin
43377,marvin
43378,marvin
43384,marvin
43415,marvin
43420,marvin
43428,marvin
43433,marvin
43468,marvin
43469,marvin
43511,marvin
43512,marvin
43558,marvin
43569,marvin
43573,marvin
43574,marvin
43575,marvin
43576,marvin
43580,marvin
43581,marvin
43585,marvin
43624,marvin
43642,marvin
43650,marvin
43652,marvin
43664,marvin
43684,marvin
43704,marvin
43705,marvin
43718,marvin
43720,marvin
43732,marvin
43733,marvin
43746,marvin
43748,marvin
43749,marvin
43758,marvin
43789,marvin
43790,marvin
43803,marvin
43823,marvin
43824,marvin
43842,marvin
43848,marvin
43849,marvin
43852,marvin
43861,marvin
43873,marvin
43876,marvin
43877,marvin
43878,marvin
43879,marvin
43911,marvin
43912,marvin
43918,marvin
43919,marvin
43925,marvin
43932,marvin
43933,marvin
43937,marvin
43941,marvin
43954,marvin
44008,marvin
44009,marvin
44026,marvin
44028,marvin
44029,marvin
44030,marvin
44032,marvin
44033,marvin
44034,marvin
44035,marvin
44069,nine
44080,nine
44081,nine
44082,nine
44083,nine
44084,nine
44149,nine
44150,nine
44151,nine
44152,nine
44153,nine
44154,nine
44180,nine
44181,nine
44182,nine
44184,nine
44211,nine
44239,nine
44240,nine
44241,nine
44242,nine
44243,nine
44245,nine
44246,nine
44247,nine
44270,nine
44317,nine
44318,nine
44319,nine
44320,nine
44327,nine
44338,nine
44339,nine
44372,nine
44373,nine
44374,nine
44375,nine
44376,nine
44411,nine
44428,nine
44443,nine
44444,nine
44445,nine
44446,nine
44447,nine
44493,nine
44503,nine
44504,nine
44505,nine
44506,nine
44507,nine
44508,nine
44509,nine
44510,nine
44511,nine
44539,nine
44540,nine
44541,nine
44542,nine
44544,nine
44545,nine
44546,nine
44547,nine
44548,nine
44549,nine
44550,nine
44551,nine
44552,nine
44559,nine
44641,nine
44669,nine
44670,nine
44675,nine
44743,nine
44744,nine
44745,nine
44765,nine
44823,nine
44824,nine
44825,nine
44826,nine
44827,nine
44833,nine
44835,nine
44836,nine
44837,nine
44868,nine
44869,nine
44928,nine
44929,nine
44930,nine
44931,nine
44971,nine
44972,nine
44973,nine
44974,nine
44984,nine
44985,nine
44986,nine
44987,nine
44988,nine
44989,nine
45012,nine
45013,nine
45014,nine
45015,nine
45016,nine
45071,nine
45108,nine
45109,nine
45110,nine
45111,nine
45208,nine
45210,nine
45211,nine
45212,nine
45213,nine
45214,nine
45226,nine
45227,nine
45228,nine
45229,nine
45230,nine
45231,nine
45232,nine
45258,nine
45266,nine
45267,nine
45268,nine
45269,nine
45270,nine
45288,nine
45289,nine
45290,nine
45291,nine
45292,nine
45303,nine
45309,nine
45310,nine
45358,nine
45361,nine
45362,nine
45363,nine
45364,nine
45365,nine
45368,nine
45369,nine
45370,nine
45371,nine
45372,nine
45383,nine
45384,nine
45385,nine
45386,nine
45387,nine
45397,nine
45405,nine
45406,nine
45412,nine
45419,nine
45420,nine
45421,nine
45427,nine
45445,nine
45563,nine
45573,nine
45614,nine
45615,nine
45616,nine
45617,nine
45618,nine
45621,nine
45622,nine
45628,nine
45629,nine
45630,nine
45642,nine
45643,nine
45644,nine
45645,nine
45735,nine
45736,nine
45737,nine
45738,nine
45761,nine
45830,nine
45893,nine
45900,nine
45909,nine
45918,nine
45949,nine
46015,nine
46025,nine
46043,nine
46044,nine
46045,nine
46046,nine
46049,nine
46050,nine
46057,nine
46058,nine
46141,nine
46167,nine
46168,nine
46169,nine
46170,nine
46197,nine
46198,nine
46199,nine
46200,nine
46217,nine
46218,nine
46219,nine
46253,nine
46254,nine
46259,nine
46273,nine
46278,nine
46279,nine
46280,nine
46281,nine
46282,nine
46320,nine
46328,nine
46329,nine
46383,nine
46396,nine
46397,nine
46409,nine
46415,nine
46416,nine
46417,nine
46418,nine
46430,nine
46459,nine
46472,nine
46473,nine
46513,nine
46522,nine
46555,nine
46556,nine
46557,nine
46558,nine
46559,nine
46560,nine
46567,nine
46568,nine
46573,nine
46574,nine
46575,nine
46576,nine
46577,nine
46603,nine
46604,nine
46607,nine
46608,nine
46619,nine
46620,nine
46641,nine
46642,nine
46643,nine
46644,nine
46645,nine
46670,nine
46671,nine
46672,nine
46673,nine
46674,nine
46691,nine
46734,nine
46757,nine
46769,nine
46839,nine
46863,nine
46880,nine
46890,nine
46891,nine
46892,nine
46899,nine
46934,nine
47003,nine
47004,nine
47005,nine
47006,nine
47019,nine
47020,nine
47021,nine
47022,nine
47023,nine
47024,nine
47025,nine
47026,nine
47027,nine
47028,nine
47063,nine
47064,nine
47065,nine
47066,nine
47093,nine
47094,nine
47096,nine
47097,nine
47098,nine
47099,nine
47136,nine
47139,nine
47140,nine
47141,nine
47142,nine
47143,nine
47144,nine
47145,nine
47155,nine
47156,nine
47157,nine
47158,nine
47159,nine
47219,nine
47220,nine
47221,nine
47222,nine
47223,nine
47252,nine
47296,nine
47301,nine
47302,nine
47326,nine
47327,nine
47342,nine
47371,nine
47403,nine
47413,nine
47444,nine
47447,nine
47448,nine
47465,nine
47517,nine
47518,nine
47519,nine
47544,nine
47545,nine
47546,nine
47547,nine
47581,nine
47600,nine
47603,nine
47604,nine
47607,nine
47608,nine
47616,nine
47617,nine
47618,nine
47619,nine
47640,nine
47641,nine
47642,nine
47643,nine
47644,nine
47666,nine
47671,nine
47672,nine
47673,nine
47674,nine
47675,nine
47677,nine
47681,nine
47687,nine
47737,nine
47738,nine
47756,nine
47757,nine
47785,nine
47786,nine
47789,nine
47790,nine
47791,nine
47824,nine
47879,nine
47907,nine
47908,nine
47909,nine
47910,nine
47911,nine
47912,nine
47913,nine
47914,nine
47915,nine
47940,nine
47947,nine
47950,nine
47951,nine
47952,nine
47954,nine
47999,no
48000,no
48006,no
48007,no
48008,no
48009,no
48010,no
48042,no
48075,no
48076,no
48077,no
48078,no
48088,no
48125,no
48136,no
48162,no
48163,no
48164,no
48165,no
48189,no
48190,no
48211,no
48249,no
48250,no
48252,no
48286,no
48287,no
48288,no
48289,no
48290,no
48300,no
48301,no
48332,no
48343,no
48350,no
48356,no
48364,no
48365,no
48366,no
48367,no
48368,no
48414,no
48429,no
48430,no
48431,no
48432,no
48433,no
48434,no
48435,no
48436,no
48437,no
48438,no
48459,no
48460,no
48461,no
48462,no
48463,no
48464,no
48465,no
48466,no
48467,no
48470,no
48471,no
48493,no
48549,no
48574,no
48575,no
48587,no
48588,no
48658,no
48659,no
48660,no
48661,no
48662,no
48673,no
48729,no
48730,no
48731,no
48732,no
48733,no
48740,no
48742,no
48743,no
48749,no
48794,no
48814,no
48815,no
48828,no
48829,no
48830,no
48831,no
48839,no
48872,no
48873,no
48874,no
48875,no
48876,no
48887,no
48888,no
48889,no
48890,no
48891,no
48916,no
48917,no
48918,no
48919,no
48920,no
48981,no
49014,no
49015,no
49016,no
49017,no
49018,no
49110,no
49111,no
49114,no
49115,no
49116,no
49117,no
49118,no
49129,no
49130,no
49131,no
49132,no
49133,no
49134,no
49160,no
49161,no
49162,no
49163,no
49170,no
49171,no
49184,no
49185,no
49186,no
49187,no
49194,no
49221,no
49222,no
49253,no
49254,no
49255,no
49256,no
49257,no
49259,no
49260,no
49261,no
49262,no
49270,no
49271,no
49272,no
49273,no
49274,no
49288,no
49289,no
49290,no
49291,no
49292,no
49293,no
49318,no
49333,no
49334,no
49364,no
49365,no
49366,no
49515,no
49516,no
49517,no
49518,no
49519,no
49525,no
49542,no
49543,no
49584,no
49585,no
49634,no
49635,no
49636,no
49637,no
49638,no
49756,no
49787,no
49788,no
49799,no
49808,no
49843,no
49844,no
49852,no
49896,no
49908,no
49927,no
49928,no
49929,no
49940,no
49941,no
49942,no
50030,no
50031,no
50071,no
50072,no
50073,no
50074,no
50103,no
50104,no
50105,no
50106,no
50107,no
50167,no
50187,no
50188,no
50189,no
50190,no
50191,no
50234,no
50243,no
50250,no
50251,no
50252,no
50296,no
50309,no
50310,no
50321,no
50322,no
50323,no
50328,no
50329,no
50330,no
50331,no
50332,no
50375,no
50376,no
50377,no
50413,no
50425,no
50456,no
50457,no
50458,no
50459,no
50460,no
50469,no
50470,no
50471,no
50472,no
50473,no
50474,no
50475,no
50492,no
50502,no
50503,no
50504,no
50506,no
50513,no
50515,no
50559,no
50560,no
50561,no
50562,no
50581,no
50582,no
50583,no
50610,no
50611,no
50639,no
50640,no
50664,no
50763,no
50764,no
50765,no
50786,no
50787,no
50788,no
50789,no
50790,no
50798,no
50799,no
50870,no
50871,no
50897,no
50915,no
50926,no
50927,no
50928,no
50929,no
50930,no
50931,no
50932,no
50933,no
50934,no
50935,no
50958,no
50959,no
50973,no
51013,no
51016,no
51017,no
51018,no
51019,no
51020,no
51036,no
51037,no
51064,no
51066,no
51075,no
51076,no
51077,no
51078,no
51079,no
51080,no
51081,no
51082,no
51083,no
51084,no
51092,no
51093,no
51094,no
51095,no
51096,no
51165,no
51166,no
51167,no
51168,no
51169,no
51200,no
51283,no
51318,no
51319,no
51345,no
51357,no
51362,no
51363,no
51390,no
51391,no
51415,no
51416,no
51428,no
51459,no
51484,no
51485,no
51486,no
51487,no
51491,no
51521,no
51522,no
51523,no
51549,no
51550,no
51551,no
51552,no
51556,no
51557,no
51561,no
51562,no
51568,no
51569,no
51570,no
51571,no
51572,no
51590,no
51591,no
51592,no
51593,no
51616,no
51617,no
51618,no
51619,no
51620,no
51625,no
51626,no
51632,no
51633,no
51634,no
51635,no
51682,no
51695,no
51696,no
51703,no
51731,no
51791,no
51792,no
51840,no
51841,no
51842,no
51848,no
51849,no
51850,no
51851,no
51852,no
51853,no
51854,no
51855,no
51856,no
51892,no
51898,no
51899,no
51946,off
51953,off
51954,off
51955,off
51956,off
51957,off
51988,off
52012,off
52013,off
52014,off
52015,off
52016,off
52025,off
52026,off
52058,off
52059,off
52060,off
52061,off
52072,off
52097,off
52098,off
52099,off
52100,off
52101,off
52102,off
52126,off
52143,off
52167,off
52168,off
52169,off
52187,off
52203,off
52218,off
52219,off
52220,off
52221,off
52222,off
52226,off
52227,off
52265,off
52266,off
52267,off
52277,off
52278,off
52279,off
52280,off
52342,off
52343,off
52344,off
52345,off
52346,off
52347,off
52348,off
52349,off
52350,off
52351,off
52368,off
52369,off
52370,off
52372,off
52373,off
52374,off
52375,off
52376,off
52383,off
52411,off
52476,off
52477,off
52486,off
52545,off
52546,off
52547,off
52548,off
52549,off
52557,off
52613,off
52614,off
52615,off
52616,off
52627,off
52630,off
52637,off
52718,off
52724,off
52725,off
52729,off
52730,off
52736,off
52737,off
52738,off
52739,off
52740,off
52746,off
52758,off
52780,off
52781,off
52782,off
52783,off
52793,off
52794,off
52795,off
52796,off
52797,off
52827,off
52828,off
52829,off
52830,off
52831,off
52842,off
52880,off
52886,off
52922,off
52924,off
52925,off
52926,off
52927,off
52928,off
53034,off
53035,off
53036,off
53037,off
53045,off
53046,off
53047,off
53076,off
53077,off
53078,off
53079,off
53082,off
53083,off
53090,off
53091,off
53101,off
53102,off
53103,off
53104,off
53113,off
53114,off
53115,off
53116,off
53122,off
53159,off
53160,off
53161,off
53162,off
53166,off
53167,off
53168,off
53169,off
53175,off
53176,off
53177,off
53178,off
53179,off
53189,off
53190,off
53191,off
53192,off
53193,off
53194,off
53207,off
53208,off
53214,off
53215,off
53221,off
53234,off
53366,off
53375,off
53424,off
53425,off
53426,off
53427,off
53429,off
53430,off
53431,off
53432,off
53439,off
53440,off
53538,off
53539,off
53540,off
53541,off
53551,off
53552,off
53561,off
53562,off
53685,off
53686,off
53696,off
53697,off
53712,off
53760,off
53761,off
53812,off
53841,off
53842,off
53851,off
53852,off
53853,off
53931,off
53932,off
53933,off
53947,off
53964,off
53965,off
53966,off
53967,off
53996,off
53997,off
53998,off
53999,off
54000,off
54015,off
54016,off
54017,off
54060,off
54078,off
54079,off
54080,off
54081,off
54082,off
54100,off
54101,off
54120,off
54178,off
54189,off
54202,off
54203,off
54211,off
54212,off
54213,off
54214,off
54215,off
54248,off
54258,off
54285,off
54286,off
54287,off
54288,off
54294,off
54324,off
54325,off
54326,off
54327,off
54328,off
54334,off
54338,off
54339,off
54340,off
54341,off
54356,off
54357,off
54358,off
54370,off
54372,off
54413,off
54414,off
54415,off
54430,off
54518,off
54519,off
54520,off
54581,off
54582,off
54618,off
54628,off
54629,off
54630,off
54636,off
54702,off
54725,off
54748,off
54749,off
54750,off
54751,off
54752,off
54753,off
54754,off
54755,off
54756,off
54757,off
54793,off
54809,off
54810,off
54812,off
54813,off
54814,off
54815,off
54816,off
54827,off
54828,off
54829,off
54830,off
54851,off
54858,off
54859,off
54860,off
54861,off
54862,off
54863,off
54864,off
54865,off
54866,off
54867,off
54868,off
54878,off
54879,off
54880,off
54881,off
54882,off
54938,off
54939,off
54940,off
54941,off
54942,off
55017,off
55019,off
55040,off
55118,off
55145,off
55179,off
55192,off
55227,off
55228,off
55230,off
55279,off
55289,off
55290,off
55305,off
55306,off
55307,off
55308,off
55309,off
55310,off
55313,off
55322,off
55323,off
55324,off
55325,off
55344,off
55345,off
55346,off
55347,off
55348,off
55372,off
55373,off
55374,off
55375,off
55376,off
55383,off
55439,off
55442,off
55443,off
55453,off
55471,off
55487,off
55488,off
55518,off
55519,off
55545,off
55578,off
55588,off
55595,off
55596,off
55597,off
55598,off
55599,off
55600,off
55601,off
55602,off
55603,off
55604,off
55629,off
55641,off
55688,on
55689,on
55696,on
55697,on
55698,on
55699,on
55700,on
55765,on
55766,on
55767,on
55768,on
55769,on
55777,on
55788,on
55818,on
55819,on
55843,on
55844,on
55845,on
55846,on
55907,on
55908,on
55909,on
55912,on
55913,on
55926,on
55927,on
55928,on
55956,on
55957,on
55958,on
55959,on
55960,on
55964,on
56009,on
56010,on
56019,on
56020,on
56021,on
56022,on
56076,on
56086,on
56087,on
56088,on
56089,on
56090,on
56091,on
56092,on
56093,on
56094,on
56095,on
56110,on
56111,on
56112,on
56113,on
56114,on
56117,on
56118,on
56119,on
56120,on
56121,on
56122,on
56149,on
56150,on
56151,on
56152,on
56222,on
56223,on
56237,on
56289,on
56290,on
56291,on
56292,on
56303,on
56365,on
56366,on
56367,on
56368,on
56376,on
56377,on
56378,on
56383,on
56384,on
56385,on
56413,on
56472,on
56475,on
56476,on
56477,on
56478,on
56483,on
56484,on
56499,on
56500,on
56521,on
56522,on
56523,on
56524,on
56525,on
56536,on
56537,on
56538,on
56539,on
56540,on
56541,on
56542,on
56567,on
56568,on
56569,on
56570,on
56571,on
56666,on
56669,on
56670,on
56671,on
56672,on
56761,on
56762,on
56763,on
56764,on
56765,on
56773,on
56774,on
56775,on
56776,on
56777,on
56778,on
56819,on
56820,on
56821,on
56822,on
56828,on
56838,on
56839,on
56840,on
56841,on
56842,on
56850,on
56851,on
56852,on
56857,on
56880,on
56899,on
56900,on
56901,on
56902,on
56904,on
56906,on
56907,on
56913,on
56914,on
56915,on
56916,on
56917,on
56931,on
56932,on
56933,on
56934,on
56935,on
56955,on
56956,on
56979,on
56980,on
56990,on
57013,on
57014,on
57134,on
57135,on
57152,on
57183,on
57184,on
57185,on
57186,on
57187,on
57193,on
57194,on
57203,on
57239,on
57293,on
57294,on
57295,on
57296,on
57308,on
57438,on
57445,on
57454,on
57455,on
57465,on
57466,on
57500,on
57501,on
57502,on
57503,on
57514,on
57515,on
57516,on
57517,on
57581,on
57601,on
57602,on
57603,on
57604,on
57689,on
57690,on
57691,on
57714,on
57715,on
57716,on
57728,on
57729,on
57730,on
57731,on
57732,on
57762,on
57763,on
57764,on
57765,on
57766,on
57809,on
57814,on
57835,on
57836,on
57837,on
57838,on
57839,on
57856,on
57857,on
57898,on
57959,on
57971,on
57978,on
57979,on
57980,on
57981,on
57991,on
58026,on
58027,on
58055,on
58056,on
58057,on
58084,on
58085,on
58086,on
58087,on
58088,on
58092,on
58094,on
58095,on
58096,on
58097,on
58098,on
58116,on
58117,on
58124,on
58127,on
58128,on
58136,on
58139,on
58140,on
58156,on
58185,on
58186,on
58187,on
58188,on
58189,on
58273,on
58291,on
58365,on
58391,on
58392,on
58408,on
58418,on
58419,on
58420,on
58421,on
58464,on
58465,on
58489,on
58523,on
58543,on
58544,on
58545,on
58546,on
58547,on
58548,on
58549,on
58550,on
58551,on
58552,on
58622,on
58623,on
58624,on
58625,on
58626,on
58638,on
58660,on
58661,on
58662,on
58665,on
58666,on
58667,on
58668,on
58669,on
58670,on
58671,on
58672,on
58673,on
58684,on
58685,on
58686,on
58687,on
58688,on
58738,on
58739,on
58740,on
58741,on
58742,on
58779,on
58813,on
58850,on
58851,on
58894,on
58897,on
58915,on
58916,on
58917,on
58934,on
58935,on
58943,on
58944,on
58958,on
58960,on
58976,on
58977,on
59056,on
59057,on
59082,on
59083,on
59084,on
59085,on
59086,on
59120,on
59121,on
59122,on
59133,on
59149,on
59150,on
59160,on
59161,on
59162,on
59163,on
59182,on
59183,on
59184,on
59185,on
59207,on
59210,on
59211,on
59212,on
59213,on
59214,on
59215,on
59274,on
59275,on
59286,on
59290,on
59298,on
59330,on
59417,on
59430,on
59431,on
59432,on
59440,on
59441,on
59442,on
59443,on
59444,on
59445,on
59446,on
59447,on
59448,on
59449,on
59481,on
59488,on
59490,on
59544,one
59545,one
59546,one
59547,one
59581,one
59613,one
59614,one
59615,one
59616,one
59617,one
59618,one
59619,one
59628,one
59629,one
59630,one
59631,one
59632,one
59633,one
59646,one
59647,one
59665,one
59694,one
59695,one
59696,one
59697,one
59773,one
59776,one
59788,one
59791,one
59820,one
59821,one
59822,one
59823,one
59824,one
59847,one
59858,one
59859,one
59872,one
59873,one
59874,one
59875,one
59929,one
59941,one
59942,one
59943,one
59944,one
59945,one
59946,one
59947,one
59948,one
59949,one
59950,one
59972,one
59973,one
59974,one
59975,one
59976,one
59980,one
59981,one
59982,one
59985,one
60015,one
60073,one
60101,one
60102,one
60103,one
60104,one
60169,one
60170,one
60171,one
60172,one
60173,one
60248,one
60249,one
60250,one
60251,one
60260,one
60261,one
60262,one
60268,one
60269,one
60270,one
60345,one
60356,one
60358,one
60359,one
60360,one
60361,one
60369,one
60385,one
60407,one
60408,one
60409,one
60410,one
60419,one
60420,one
60421,one
60422,one
60423,one
60424,one
60446,one
60447,one
60448,one
60449,one
60450,one
60463,one
60556,one
60558,one
60559,one
60560,one
60651,one
60652,one
60653,one
60654,one
60655,one
60667,one
60668,one
60669,one
60670,one
60671,one
60672,one
60698,one
60699,one
60700,one
60701,one
60702,one
60714,one
60719,one
60720,one
60721,one
60722,one
60723,one
60736,one
60737,one
60740,one
60741,one
60742,one
60743,one
60779,one
60780,one
60781,one
60782,one
60783,one
60784,one
60785,one
60786,one
60787,one
60788,one
60791,one
60792,one
60793,one
60794,one
60808,one
60809,one
60810,one
60811,one
60812,one
60830,one
60850,one
60851,one
60871,one
61024,one
61025,one
61026,one
61027,one
61028,one
61029,one
61040,one
61041,one
61086,one
61138,one
61139,one
61140,one
61141,one
61142,one
61280,one
61281,one
61287,one
61288,one
61306,one
61340,one
61401,one
61402,one
61403,one
61414,one
61433,one
61434,one
61445,one
61446,one
61519,one
61520,one
61521,one
61522,one
61536,one
61537,one
61555,one
61556,one
61557,one
61558,one
61559,one
61585,one
61586,one
61587,one
61588,one
61589,one
61605,one
61606,one
61669,one
61670,one
61671,one
61672,one
61673,one
61692,one
61712,one
61726,one
61772,one
61773,one
61789,one
61800,one
61801,one
61802,one
61803,one
61805,one
61806,one
61807,one
61808,one
61810,one
61811,one
61812,one
61813,one
61824,one
61849,one
61850,one
61851,one
61859,one
61892,one
61920,one
61921,one
61922,one
61923,one
61924,one
61925,one
61930,one
61931,one
61932,one
61933,one
61951,one
61955,one
61964,one
61986,one
61987,one
62009,one
62010,one
62011,one
62012,one
62013,one
62037,one
62059,one
62060,one
62078,one
62122,one
62124,one
62125,one
62197,one
62221,one
62239,one
62240,one
62249,one
62250,one
62251,one
62252,one
62253,one
62259,one
62298,one
62299,one
62328,one
62329,one
62375,one
62389,one
62390,one
62391,one
62392,one
62393,one
62394,one
62395,one
62396,one
62397,one
62398,one
62434,one
62466,one
62468,one
62469,one
62470,one
62471,one
62472,one
62484,one
62507,one
62508,one
62509,one
62513,one
62518,one
62519,one
62520,one
62521,one
62522,one
62523,one
62524,one
62525,one
62526,one
62535,one
62536,one
62537,one
62538,one
62539,one
62596,one
62597,one
62598,one
62599,one
62600,one
62637,one
62676,one
62677,one
62678,one
62729,one
62757,one
62765,one
62788,one
62817,one
62851,one
62852,one
62854,one
62875,one
62876,one
62890,one
62934,one
62961,one
62962,one
62963,one
62964,one
62989,one
62991,one
63010,one
63024,one
63025,one
63028,one
63032,one
63033,one
63040,one
63041,one
63042,one
63067,one
63068,one
63069,one
63070,one
63071,one
63090,one
63094,one
63095,one
63096,one
63097,one
63098,one
63103,one
63109,one
63162,one
63176,one
63177,one
63186,one
63207,one
63208,one
63209,one
63217,one
63218,one
63248,one
63268,one
63317,one
63324,one
63325,one
63326,one
63327,one
63328,one
63329,one
63330,one
63331,one
63332,one
63333,one
63334,one
63335,one
63376,one
63377,one
63427,right
63428,right
63429,right
63430,right
63431,right
63501,right
63502,right
63503,right
63504,right
63505,right
63516,right
63527,right
63528,right
63549,right
63550,right
63557,right
63558,right
63559,right
63585,right
63586,right
63587,right
63588,right
63591,right
63592,right
63638,right
63655,right
63658,right
63659,right
63670,right
63671,right
63698,right
63699,right
63700,right
63701,right
63702,right
63738,right
63741,right
63742,right
63747,right
63750,right
63751,right
63752,right
63753,right
63754,right
63808,right
63809,right
63810,right
63811,right
63812,right
63813,right
63814,right
63837,right
63838,right
63839,right
63840,right
63841,right
63843,right
63844,right
63845,right
63846,right
63847,right
63852,right
63884,right
63954,right
64016,right
64017,right
64018,right
64019,right
64020,right
64021,right
64033,right
64086,right
64087,right
64088,right
64093,right
64100,right
64101,right
64102,right
64109,right
64194,right
64200,right
64202,right
64203,right
64211,right
64212,right
64213,right
64214,right
64246,right
64247,right
64248,right
64257,right
64258,right
64259,right
64260,right
64261,right
64285,right
64286,right
64287,right
64288,right
64289,right
64300,right
64350,right
64351,right
64389,right
64390,right
64391,right
64392,right
64393,right
64479,right
64480,right
64481,right
64482,right
64483,right
64488,right
64489,right
64490,right
64491,right
64525,right
64526,right
64527,right
64528,right
64544,right
64545,right
64546,right
64547,right
64548,right
64558,right
64559,right
64565,right
64566,right
64567,right
64583,right
64584,right
64600,right
64601,right
64602,right
64603,right
64604,right
64605,right
64608,right
64609,right
64610,right
64612,right
64613,right
64628,right
64629,right
64630,right
64631,right
64632,right
64644,right
64650,right
64676,right
64677,right
64695,right
64793,right
64794,right
64795,right
64806,right
64849,right
64850,right
64851,right
64852,right
64854,right
64860,right
64861,right
64862,right
64878,right
64879,right
64960,right
64961,right
64962,right
64963,right
65118,right
65119,right
65120,right
65128,right
65129,right
65146,right
65186,right
65187,right
65188,right
65243,right
65259,right
65260,right
65268,right
65340,right
65341,right
65359,right
65375,right
65376,right
65377,right
65378,right
65405,right
65406,right
65407,right
65408,right
65409,right
65468,right
65469,right
65473,right
65474,right
65495,right
65496,right
65497,right
65498,right
65499,right
65515,right
65538,right
65549,right
65563,right
65624,right
65626,right
65627,right
65628,right
65629,right
65630,right
65671,right
65672,right
65681,right
65711,right
65728,right
65756,right
65757,right
65758,right
65759,right
65767,right
65768,right
65769,right
65770,right
65771,right
65793,right
65797,right
65798,right
65806,right
65807,right
65813,right
65829,right
65855,right
65856,right
65857,right
65858,right
65859,right
65876,right
65898,right
65929,right
65947,right
65961,right
65962,right
65963,right
66040,right
66041,right
66055,right
66067,right
66088,right
66089,right
66090,right
66091,right
66137,right
66138,right
66161,right
66162,right
66194,right
66206,right
66207,right
66208,right
66209,right
66210,right
66211,right
66212,right
66213,right
66239,right
66247,right
66278,right
66281,right
66282,right
66283,right
66284,right
66285,right
66298,right
66299,right
66321,right
66323,right
66324,right
66325,right
66326,right
66330,right
66331,right
66332,right
66333,right
66334,right
66335,right
66336,right
66337,right
66338,right
66339,right
66347,right
66348,right
66349,right
66350,right
66410,right
66411,right
66412,right
66413,right
66450,right
66489,right
66501,right
66552,right
66583,right
66584,right
66600,right
66611,right
66630,right
66649,right
66664,right
66680,right
66681,right
66689,right
66739,right
66740,right
66741,right
66742,right
66745,right
66746,right
66766,right
66767,right
66782,right
66783,right
66794,right
66795,right
66796,right
66797,right
66801,right
66811,right
66812,right
66813,right
66814,right
66836,right
66837,right
66838,right
66861,right
66862,right
66863,right
66864,right
66865,right
66873,right
66874,right
66936,right
66937,right
66943,right
66944,right
66949,right
66957,right
66978,right
66982,right
66986,right
67012,right
67080,right
67094,right
67095,right
67096,right
67105,right
67106,right
67107,right
67108,right
67109,right
67110,right
67111,right
67112,right
67113,right
67114,right
67115,right
67140,right
67150,right
67153,right
67154,right
67155,right
67157,right
67209,seven
67217,seven
67218,seven
67219,seven
67220,seven
67221,seven
67250,seven
67284,seven
67285,seven
67286,seven
67287,seven
67305,seven
67326,seven
67335,seven
67336,seven
67359,seven
67360,seven
67361,seven
67362,seven
67364,seven
67403,seven
67426,seven
67427,seven
67445,seven
67446,seven
67447,seven
67478,seven
67479,seven
67480,seven
67481,seven
67482,seven
67490,seven
67510,seven
67523,seven
67524,seven
67525,seven
67526,seven
67533,seven
67542,seven
67543,seven
67544,seven
67545,seven
67600,seven
67601,seven
67602,seven
67603,seven
67612,seven
67613,seven
67614,seven
67615,seven
67616,seven
67617,seven
67618,seven
67619,seven
67620,seven
67640,seven
67641,seven
67642,seven
67643,seven
67644,seven
67646,seven
67647,seven
67648,seven
67649,seven
67650,seven
67651,seven
67689,seven
67727,seven
67750,seven
67758,seven
67759,seven
67819,seven
67820,seven
67821,seven
67822,seven
67823,seven
67892,seven
67893,seven
67894,seven
67895,seven
67896,seven
67905,seven
67909,seven
67910,seven
67911,seven
67912,seven
67997,seven
68004,seven
68008,seven
68013,seven
68014,seven
68015,seven
68016,seven
68017,seven
68062,seven
68063,seven
68064,seven
68065,seven
68066,seven
68077,seven
68078,seven
68079,seven
68080,seven
68081,seven
68103,seven
68104,seven
68105,seven
68106,seven
68107,seven
68210,seven
68212,seven
68213,seven
68214,seven
68329,seven
68330,seven
68332,seven
68333,seven
68334,seven
68335,seven
68336,seven
68345,seven
68346,seven
68347,seven
68348,seven
68349,seven
68350,seven
68351,seven
68352,seven
68353,seven
68376,seven
68377,seven
68378,seven
68382,seven
68383,seven
68384,seven
68385,seven
68386,seven
68405,seven
68406,seven
68407,seven
68408,seven
68416,seven
68417,seven
68418,seven
68463,seven
68466,seven
68467,seven
68470,seven
68471,seven
68472,seven
68473,seven
68479,seven
68480,seven
68481,seven
68482,seven
68483,seven
68494,seven
68495,seven
68496,seven
68497,seven
68498,seven
68499,seven
68500,seven
68521,seven
68522,seven
68527,seven
68544,seven
68555,seven
68556,seven
68557,seven
68728,seven
68729,seven
68730,seven
68731,seven
68732,seven
68734,seven
68735,seven
68740,seven
68753,seven
68754,seven
68791,seven
68849,seven
68850,seven
68851,seven
68852,seven
68866,seven
68877,seven
68937,seven
68997,seven
68998,seven
68999,seven
69007,seven
69123,seven
69131,seven
69142,seven
69160,seven
69161,seven
69165,seven
69174,seven
69175,seven
69176,seven
69247,seven
69263,seven
69284,seven
69285,seven
69286,seven
69287,seven
69288,seven
69314,seven
69315,seven
69316,seven
69317,seven
69318,seven
69378,seven
69399,seven
69400,seven
69401,seven
69405,seven
69406,seven
69407,seven
69408,seven
69409,seven
69425,seven
69447,seven
69448,seven
69456,seven
69519,seven
69536,seven
69537,seven
69538,seven
69549,seven
69550,seven
69551,seven
69552,seven
69553,seven
69561,seven
69562,seven
69563,seven
69564,seven
69565,seven
69620,seven
69699,seven
69700,seven
69701,seven
69702,seven
69703,seven
69712,seven
69713,seven
69714,seven
69715,seven
69716,seven
69736,seven
69737,seven
69738,seven
69739,seven
69747,seven
69748,seven
69770,seven
69799,seven
69800,seven
69801,seven
69802,seven
69803,seven
69842,seven
69869,seven
69910,seven
69911,seven
69982,seven
69983,seven
69984,seven
69985,seven
70000,seven
70037,seven
70038,seven
70039,seven
70040,seven
70048,seven
70049,seven
70085,seven
70158,seven
70159,seven
70170,seven
70171,seven
70172,seven
70173,seven
70174,seven
70175,seven
70176,seven
70177,seven
70205,seven
70219,seven
70248,seven
70249,seven
70250,seven
70251,seven
70261,seven
70287,seven
70291,seven
70292,seven
70293,seven
70294,seven
70295,seven
70296,seven
70297,seven
70298,seven
70299,seven
70300,seven
70309,seven
70310,seven
70311,seven
70312,seven
70313,seven
70381,seven
70382,seven
70383,seven
70384,seven
70385,seven
70418,seven
70419,seven
70420,seven
70459,seven
70460,seven
70467,seven
70468,seven
70474,seven
70475,seven
70504,seven
70505,seven
70518,seven
70549,seven
70550,seven
70576,seven
70616,seven
70636,seven
70653,seven
70654,seven
70666,seven
70667,seven
70673,seven
70701,seven
70733,seven
70734,seven
70735,seven
70736,seven
70737,seven
70740,seven
70741,seven
70769,seven
70790,seven
70791,seven
70792,seven
70793,seven
70794,seven
70809,seven
70810,seven
70811,seven
70812,seven
70818,seven
70825,seven
70826,seven
70827,seven
70828,seven
70829,seven
70850,seven
70851,seven
70852,seven
70853,seven
70870,seven
70871,seven
70872,seven
70873,seven
70875,seven
70876,seven
70880,seven
70953,seven
70954,seven
70955,seven
70963,seven
70986,seven
71040,seven
71041,seven
71078,seven
71103,seven
71104,seven
71105,seven
71106,seven
71107,seven
71108,seven
71109,seven
71110,seven
71111,seven
71112,seven
71113,seven
71114,seven
71115,seven
71144,seven
71145,seven
71152,seven
71155,seven
71156,seven
71195,sheila
71196,sheila
71206,sheila
71244,sheila
71255,sheila
71265,sheila
71279,sheila
71311,sheila
71312,sheila
71327,sheila
71331,sheila
71334,sheila
71335,sheila
71336,sheila
71350,sheila
71373,sheila
71376,sheila
71378,sheila
71383,sheila
71424,sheila
71425,sheila
71437,sheila
71438,sheila
71444,sheila
71483,sheila
71492,sheila
71493,sheila
71494,sheila
71522,sheila
71545,sheila
71552,sheila
71558,sheila
71574,sheila
71575,sheila
71587,sheila
71604,sheila
71608,sheila
71613,sheila
71617,sheila
71633,sheila
71640,sheila
71647,sheila
71763,sheila
71790,sheila
71798,sheila
71808,sheila
71812,sheila
71814,sheila
71815,sheila
71859,sheila
71864,sheila
71869,sheila
71870,sheila
71882,sheila
71883,sheila
71890,sheila
71891,sheila
71892,sheila
71893,sheila
71903,sheila
71904,sheila
71956,sheila
71986,sheila
71987,sheila
71988,sheila
71994,sheila
71995,sheila
71996,sheila
72005,sheila
72050,sheila
72057,sheila
72058,sheila
72131,sheila
72133,sheila
72134,sheila
72139,sheila
72140,sheila
72169,sheila
72170,sheila
72174,sheila
72193,sheila
72198,sheila
72199,sheila
72200,sheila
72201,sheila
72202,sheila
72210,sheila
72217,sheila
72218,sheila
72224,sheila
72225,sheila
72330,sheila
72351,sheila
72352,sheila
72354,sheila
72358,sheila
72364,sheila
72365,sheila
72378,sheila
72379,sheila
72407,sheila
72408,sheila
72418,sheila
72419,sheila
72420,sheila
72421,sheila
72422,sheila
72423,sheila
72424,sheila
72433,sheila
72448,sheila
72456,sheila
72457,sheila
72462,sheila
72480,sheila
72488,sheila
72498,sheila
72500,sheila
72501,sheila
72512,sheila
72513,sheila
72518,sheila
72523,sheila
72530,sheila
72531,sheila
72532,sheila
72538,sheila
72567,sheila
72582,sheila
72604,sheila
72605,sheila
72619,sheila
72620,sheila
72635,sheila
72636,sheila
72637,sheila
72657,sheila
72664,sheila
72682,sheila
72703,sheila
72715,sheila
72716,sheila
72732,sheila
72733,sheila
72741,sheila
72764,sheila
72765,sheila
72776,sheila
72779,sheila
72780,sheila
72781,sheila
72785,sheila
72786,sheila
72810,sheila
72823,sheila
72843,sheila
72844,sheila
72845,sheila
72871,sheila
72907,sheila
72908,sheila
72916,sheila
72917,sheila
72929,sheila
72930,sheila
72931,sheila
72939,sheila
72945,sheila
72958,sheila
72976,sheila
72977,sheila
72978,sheila
72979,sheila
72992,sheila
73008,sheila
73012,sheila
73013,sheila
73014,sheila
73018,sheila
73024,sheila
73025,sheila
73035,sheila
73047,sheila
73051,sheila
73052,sheila
73076,sheila
73077,sheila
73078,sheila
73086,sheila
73090,sheila
73102,sheila
73109,sheila
73112,sheila
73129,sheila
73148,sheila
73156,sheila
73158,sheila
73177,sheila
73178,sheila
73184,sheila
73185,sheila
73187,sheila
73223,six
73224,six
73235,six
73236,six
73237,six
73238,six
73239,six
73309,six
73310,six
73311,six
73312,six
73313,six
73321,six
73335,six
73336,six
73337,six
73338,six
73367,six
73368,six
73391,six
73392,six
73393,six
73394,six
73395,six
73412,six
73470,six
73473,six
73474,six
73475,six
73476,six
73502,six
73503,six
73504,six
73505,six
73506,six
73512,six
73552,six
73564,six
73565,six
73566,six
73567,six
73568,six
73631,six
73632,six
73633,six
73634,six
73635,six
73636,six
73637,six
73638,six
73639,six
73660,six
73661,six
73662,six
73663,six
73664,six
73665,six
73666,six
73667,six
73668,six
73669,six
73670,six
73702,six
73703,six
73704,six
73745,six
73746,six
73775,six
73776,six
73839,six
73840,six
73841,six
73842,six
73852,six
73853,six
73854,six
73914,six
73915,six
73916,six
73917,six
73918,six
73928,six
73960,six
74007,six
74014,six
74020,six
74024,six
74025,six
74026,six
74027,six
74028,six
74061,six
74062,six
74063,six
74064,six
74075,six
74076,six
74077,six
74078,six
74079,six
74099,six
74100,six
74101,six
74114,six
74115,six
74201,six
74202,six
74203,six
74204,six
74300,six
74301,six
74302,six
74303,six
74304,six
74314,six
74315,six
74316,six
74317,six
74318,six
74319,six
74320,six
74321,six
74353,six
74359,six
74360,six
74361,six
74362,six
74363,six
74365,six
74366,six
74374,six
74375,six
74376,six
74377,six
74386,six
74387,six
74388,six
74389,six
74396,six
74420,six
74447,six
74448,six
74451,six
74452,six
74456,six
74457,six
74458,six
74459,six
74462,six
74463,six
74464,six
74465,six
74466,six
74479,six
74480,six
74481,six
74482,six
74483,six
74495,six
74496,six
74497,six
74525,six
74544,six
74545,six
74695,six
74696,six
74697,six
74698,six
74701,six
74706,six
74715,six
74793,six
74794,six
74795,six
74808,six
74809,six
74818,six
74924,six
74951,six
74952,six
74953,six
74954,six
74987,six
74998,six
74999,six
75049,six
75050,six
75056,six
75068,six
75088,six
75089,six
75090,six
75098,six
75205,six
75206,six
75207,six
75208,six
75209,six
75248,six
75249,six
75250,six
75251,six
75252,six
75270,six
75271,six
75315,six
75331,six
75332,six
75333,six
75334,six
75356,six
75357,six
75376,six
75439,six
75451,six
75452,six
75453,six
75454,six
75455,six
75456,six
75457,six
75474,six
75475,six
75481,six
75482,six
75483,six
75484,six
75485,six
75486,six
75487,six
75526,six
75537,six
75538,six
75572,six
75573,six
75609,six
75610,six
75611,six
75612,six
75613,six
75621,six
75622,six
75623,six
75624,six
75649,six
75651,six
75657,six
75703,six
75704,six
75705,six
75706,six
75751,six
75752,six
75778,six
75779,six
75808,six
75809,six
75903,six
75924,six
75925,six
75926,six
75927,six
75928,six
75933,six
76005,six
76006,six
76058,six
76059,six
76060,six
76061,six
76062,six
76063,six
76064,six
76065,six
76066,six
76089,six
76099,six
76135,six
76136,six
76137,six
76138,six
76139,six
76169,six
76170,six
76177,six
76178,six
76180,six
76181,six
76182,six
76183,six
76184,six
76185,six
76186,six
76187,six
76188,six
76196,six
76197,six
76198,six
76199,six
76200,six
76262,six
76263,six
76264,six
76265,six
76266,six
76341,six
76342,six
76343,six
76371,six
76372,six
76419,six
76436,six
76437,six
76454,six
76455,six
76465,six
76491,six
76559,six
76564,six
76578,six
76579,six
76580,six
76581,six
76582,six
76583,six
76584,six
76616,six
76617,six
76618,six
76619,six
76632,six
76633,six
76634,six
76648,six
76649,six
76650,six
76651,six
76653,six
76659,six
76660,six
76661,six
76662,six
76667,six
76668,six
76669,six
76670,six
76693,six
76694,six
76695,six
76696,six
76697,six
76721,six
76725,six
76726,six
76727,six
76728,six
76729,six
76733,six
76734,six
76735,six
76740,six
76741,six
76742,six
76799,six
76806,six
76807,six
76808,six
76838,six
76839,six
76847,six
76854,six
76950,six
76968,six
76969,six
76970,six
76971,six
76972,six
76973,six
76974,six
76975,six
76976,six
76977,six
77012,six
77013,six
77031,six
77032,six
77090,stop
77091,stop
77101,stop
77102,stop
77103,stop
77104,stop
77160,stop
77161,stop
77162,stop
77163,stop
77164,stop
77207,stop
77208,stop
77214,stop
77215,stop
77239,stop
77240,stop
77241,stop
77242,stop
77267,stop
77268,stop
77292,stop
77293,stop
77294,stop
77317,stop
77318,stop
77323,stop
77360,stop
77361,stop
77362,stop
77363,stop
77364,stop
77373,stop
77409,stop
77412,stop
77415,stop
77422,stop
77423,stop
77424,stop
77425,stop
77479,stop
77480,stop
77492,stop
77493,stop
77494,stop
77495,stop
77496,stop
77497,stop
77498,stop
77499,stop
77500,stop
77515,stop
77516,stop
77517,stop
77518,stop
77519,stop
77520,stop
77521,stop
77522,stop
77523,stop
77524,stop
77603,stop
77604,stop
77628,stop
77631,stop
77637,stop
77638,stop
77700,stop
77701,stop
77702,stop
77703,stop
77704,stop
77718,stop
77782,stop
77783,stop
77784,stop
77785,stop
77786,stop
77797,stop
77798,stop
77805,stop
77837,stop
77888,stop
77896,stop
77897,stop
77902,stop
77910,stop
77911,stop
77912,stop
77913,stop
77914,stop
77922,stop
77935,stop
77955,stop
77956,stop
77957,stop
77958,stop
77959,stop
77969,stop
77970,stop
77971,stop
77972,stop
77993,stop
77994,stop
77995,stop
77996,stop
77997,stop
78052,stop
78079,stop
78080,stop
78081,stop
78082,stop
78083,stop
78195,stop
78196,stop
78197,stop
78198,stop
78199,stop
78209,stop
78210,stop
78211,stop
78212,stop
78213,stop
78214,stop
78215,stop
78216,stop
78238,stop
78243,stop
78244,stop
78245,stop
78246,stop
78249,stop
78253,stop
78254,stop
78261,stop
78262,stop
78263,stop
78264,stop
78265,stop
78276,stop
78277,stop
78282,stop
78283,stop
78305,stop
78306,stop
78323,stop
78324,stop
78325,stop
78326,stop
78327,stop
78332,stop
78333,stop
78334,stop
78338,stop
78339,stop
78340,stop
78341,stop
78342,stop
78352,stop
78353,stop
78354,stop
78355,stop
78356,stop
78357,stop
78375,stop
78380,stop
78381,stop
78407,stop
78408,stop
78427,stop
78532,stop
78533,stop
78585,stop
78586,stop
78587,stop
78588,stop
78589,stop
78591,stop
78605,stop
78698,stop
78699,stop
78700,stop
78701,stop
78712,stop
78713,stop
78714,stop
78788,stop
78824,stop
78848,stop
78855,stop
78856,stop
78871,stop
78872,stop
78916,stop
78917,stop
79007,stop
79008,stop
79009,stop
79021,stop
79022,stop
79023,stop
79124,stop
79138,stop
79139,stop
79140,stop
79141,stop
79142,stop
79175,stop
79176,stop
79177,stop
79178,stop
79179,stop
79192,stop
79193,stop
79249,stop
79250,stop
79251,stop
79252,stop
79253,stop
79275,stop
79276,stop
79361,stop
79386,stop
79387,stop
79388,stop
79389,stop
79395,stop
79396,stop
79397,stop
79398,stop
79399,stop
79413,stop
79435,stop
79447,stop
79448,stop
79476,stop
79477,stop
79512,stop
79513,stop
79514,stop
79515,stop
79516,stop
79522,stop
79523,stop
79524,stop
79525,stop
79526,stop
79527,stop
79528,stop
79556,stop
79585,stop
79609,stop
79610,stop
79611,stop
79626,stop
79646,stop
79688,stop
79702,stop
79703,stop
79773,stop
79817,stop
79818,stop
79819,stop
79826,stop
79827,stop
79828,stop
79829,stop
79830,stop
79838,stop
79839,stop
79878,stop
79879,stop
79904,stop
79929,stop
79930,stop
79938,stop
79939,stop
79940,stop
79941,stop
79942,stop
79943,stop
79944,stop
79945,stop
79946,stop
79947,stop
79983,stop
80017,stop
80019,stop
80020,stop
80055,stop
80056,stop
80057,stop
80058,stop
80059,stop
80060,stop
80061,stop
80062,stop
80063,stop
80064,stop
80072,stop
80073,stop
80074,stop
80075,stop
80076,stop
80138,stop
80139,stop
80140,stop
80141,stop
80215,stop
80221,stop
80223,stop
80290,stop
80310,stop
80311,stop
80377,stop
80434,stop
80435,stop
80436,stop
80462,stop
80490,stop
80491,stop
80492,stop
80493,stop
80508,stop
80509,stop
80510,stop
80511,stop
80526,stop
80529,stop
80530,stop
80531,stop
80535,stop
80536,stop
80540,stop
80541,stop
80542,stop
80543,stop
80544,stop
80570,stop
80571,stop
80572,stop
80573,stop
80574,stop
80575,stop
80600,stop
80605,stop
80606,stop
80607,stop
80608,stop
80609,stop
80610,stop
80611,stop
80613,stop
80614,stop
80615,stop
80683,stop
80685,stop
80686,stop
80697,stop
80698,stop
80718,stop
80719,stop
80725,stop
80732,stop
80733,stop
80763,stop
80764,stop
80792,stop
80793,stop
80794,stop
80795,stop
80832,stop
80833,stop
80857,stop
80858,stop
80859,stop
80860,stop
80861,stop
80862,stop
80863,stop
80864,stop
80865,stop
80866,stop
80867,stop
80893,stop
80894,stop
80902,stop
80906,stop
80955,three
80962,three
80963,three
80964,three
80965,three
80966,three
81025,three
81026,three
81027,three
81028,three
81036,three
81037,three
81067,three
81068,three
81097,three
81098,three
81100,three
81138,three
81164,three
81177,three
81209,three
81210,three
81211,three
81212,three
81213,three
81255,three
81256,three
81257,three
81258,three
81270,three
81271,three
81272,three
81273,three
81274,three
81332,three
81347,three
81348,three
81349,three
81350,three
81351,three
81352,three
81353,three
81354,three
81355,three
81356,three
81368,three
81369,three
81370,three
81371,three
81372,three
81374,three
81375,three
81376,three
81377,three
81378,three
81379,three
81466,three
81467,three
81487,three
81488,three
81490,three
81491,three
81492,three
81498,three
81560,three
81561,three
81562,three
81563,three
81573,three
81630,three
81631,three
81632,three
81633,three
81634,three
81646,three
81648,three
81649,three
81650,three
81657,three
81683,three
81684,three
81733,three
81734,three
81742,three
81743,three
81746,three
81747,three
81748,three
81749,three
81750,three
81791,three
81792,three
81793,three
81794,three
81795,three
81801,three
81802,three
81803,three
81804,three
81805,three
81806,three
81829,three
81830,three
81831,three
81832,three
81878,three
81882,three
81920,three
81922,three
81923,three
81924,three
81925,three
82019,three
82022,three
82023,three
82024,three
82025,three
82026,three
82037,three
82038,three
82039,three
82056,three
82068,three
82069,three
82070,three
82073,three
82074,three
82080,three
82081,three
82089,three
82090,three
82091,three
82092,three
82101,three
82102,three
82107,three
82130,three
82131,three
82151,three
82152,three
82153,three
82154,three
82158,three
82160,three
82161,three
82162,three
82163,three
82181,three
82182,three
82183,three
82184,three
82185,three
82200,three
82332,three
82369,three
82370,three
82371,three
82372,three
82373,three
82383,three
82395,three
82431,three
82481,three
82482,three
82483,three
82484,three
82496,three
82504,three
82607,three
82613,three
82614,three
82639,three
82640,three
82690,three
82691,three
82736,three
82741,three
82751,three
82767,three
82777,three
82778,three
82846,three
82847,three
82848,three
82849,three
82860,three
82875,three
82876,three
82877,three
82878,three
82879,three
82910,three
82911,three
82912,three
82913,three
82914,three
82929,three
82976,three
82977,three
82982,three
82997,three
82998,three
83001,three
83002,three
83003,three
83004,three
83005,three
83022,three
83048,three
83049,three
83103,three
83117,three
83129,three
83130,three
83131,three
83132,three
83136,three
83137,three
83138,three
83139,three
83178,three
83179,three
83190,three
83217,three
83218,three
83230,three
83255,three
83256,three
83257,three
83258,three
83267,three
83268,three
83269,three
83270,three
83285,three
83286,three
83296,three
83310,three
83345,three
83346,three
83347,three
83348,three
83349,three
83394,three
83395,three
83396,three
83424,three
83446,three
83460,three
83462,three
83547,three
83574,three
83582,three
83583,three
83584,three
83585,three
83630,three
83697,three
83706,three
83707,three
83708,three
83709,three
83710,three
83711,three
83712,three
83713,three
83714,three
83715,three
83738,three
83739,three
83740,three
83752,three
83753,three
83776,three
83777,three
83778,three
83779,three
83780,three
83791,three
83792,three
83815,three
83818,three
83823,three
83824,three
83825,three
83826,three
83827,three
83828,three
83829,three
83830,three
83837,three
83838,three
83839,three
83840,three
83892,three
83893,three
83894,three
83895,three
83896,three
83925,three
83926,three
83927,three
83973,three
83974,three
83975,three
83988,three
83989,three
84009,three
84052,three
84073,three
84074,three
84088,three
84100,three
84144,three
84145,three
84155,three
84161,three
84192,three
84198,three
84218,three
84219,three
84220,three
84221,three
84222,three
84272,three
84273,three
84281,three
84289,three
84298,three
84299,three
84300,three
84301,three
84302,three
84324,three
84325,three
84326,three
84327,three
84328,three
84350,three
84351,three
84352,three
84353,three
84354,three
84355,three
84359,three
84360,three
84366,three
84429,three
84430,three
84431,three
84439,three
84440,three
84467,three
84472,three
84478,three
84508,three
84567,three
84568,three
84583,three
84593,three
84594,three
84595,three
84596,three
84597,three
84598,three
84599,three
84600,three
84601,three
84627,three
84634,three
84635,three
84639,three
84640,three
84704,tree
84705,tree
84711,tree
84716,tree
84728,tree
84729,tree
84730,tree
84731,tree
84732,tree
84733,tree
84752,tree
84759,tree
84770,tree
84771,tree
84773,tree
84774,tree
84792,tree
84800,tree
84801,tree
84802,tree
84811,tree
84817,tree
84818,tree
84822,tree
84823,tree
84825,tree
84845,tree
84868,tree
84875,tree
84876,tree
84894,tree
84925,tree
84926,tree
84932,tree
84956,tree
84988,tree
84989,tree
84993,tree
84996,tree
84997,tree
84998,tree
85022,tree
85023,tree
85024,tree
85029,tree
85030,tree
85046,tree
85062,tree
85091,tree
85205,tree
85209,tree
85217,tree
85221,tree
85222,tree
85223,tree
85249,tree
85250,tree
85269,tree
85297,tree
85334,tree
85341,tree
85342,tree
85360,tree
85366,tree
85367,tree
85368,tree
85389,tree
85390,tree
85432,tree
85438,tree
85439,tree
85484,tree
85485,tree
85501,tree
85502,tree
85527,tree
85544,tree
85545,tree
85555,tree
85559,tree
85560,tree
85561,tree
85562,tree
85564,tree
85567,tree
85568,tree
85569,tree
85674,tree
85678,tree
85682,tree
85689,tree
85705,tree
85710,tree
85730,tree
85731,tree
85732,tree
85743,tree
85747,tree
85755,tree
85763,tree
85784,tree
85785,tree
85797,tree
85798,tree
85799,tree
85806,tree
85807,tree
85811,tree
85817,tree
85820,tree
85828,tree
85856,tree
85880,tree
85885,tree
85886,tree
85923,tree
85929,tree
85930,tree
85931,tree
85944,tree
85960,tree
85961,tree
85962,tree
85967,tree
85968,tree
85979,tree
85988,tree
86000,tree
86016,tree
86018,tree
86019,tree
86055,tree
86069,tree
86070,tree
86073,tree
86078,tree
86103,tree
86111,tree
86114,tree
86122,tree
86128,tree
86132,tree
86162,tree
86163,tree
86171,tree
86172,tree
86173,tree
86176,tree
86215,tree
86216,tree
86221,tree
86222,tree
86223,tree
86247,tree
86251,tree
86260,tree
86272,tree
86295,tree
86296,tree
86306,tree
86315,tree
86316,tree
86317,tree
86331,tree
86346,tree
86347,tree
86348,tree
86349,tree
86350,tree
86366,tree
86399,tree
86400,tree
86401,tree
86404,tree
86405,tree
86407,tree
86452,two
86453,two
86454,two
86455,two
86456,two
86533,two
86534,two
86535,two
86536,two
86537,two
86548,two
86559,two
86581,two
86613,two
86614,two
86615,two
86617,two
86618,two
86665,two
86694,two
86695,two
86712,two
86713,two
86714,two
86715,two
86750,two
86751,two
86752,two
86753,two
86754,two
86757,two
86788,two
86789,two
86793,two
86802,two
86803,two
86804,two
86805,two
86864,two
86865,two
86866,two
86867,two
86868,two
86869,two
86870,two
86871,two
86872,two
86893,two
86894,two
86895,two
86896,two
86900,two
86901,two
86902,two
86903,two
86904,two
86905,two
86906,two
86908,two
86936,two
87005,two
87006,two
87007,two
87074,two
87075,two
87076,two
87077,two
87078,two
87154,two
87155,two
87156,two
87157,two
87167,two
87170,two
87171,two
87172,two
87174,two
87181,two
87206,two
87255,two
87256,two
87262,two
87263,two
87264,two
87273,two
87274,two
87275,two
87276,two
87277,two
87297,two
87298,two
87316,two
87317,two
87318,two
87319,two
87320,two
87327,two
87328,two
87329,two
87330,two
87331,two
87350,two
87351,two
87352,two
87353,two
87354,two
87440,two
87441,two
87442,two
87443,two
87444,two
87445,two
87543,two
87548,two
87549,two
87550,two
87551,two
87552,two
87558,two
87559,two
87560,two
87561,two
87562,two
87563,two
87564,two
87565,two
87591,two
87592,two
87593,two
87600,two
87601,two
87602,two
87603,two
87604,two
87614,two
87619,two
87620,two
87621,two
87622,two
87623,two
87632,two
87638,two
87639,two
87682,two
87683,two
87684,two
87685,two
87686,two
87687,two
87688,two
87689,two
87690,two
87691,two
87692,two
87694,two
87695,two
87696,two
87697,two
87698,two
87709,two
87710,two
87711,two
87712,two
87713,two
87714,two
87725,two
87726,two
87751,two
87752,two
87762,two
87785,two
87892,two
87902,two
87903,two
87948,two
87949,two
87950,two
87951,two
87952,two
87955,two
87956,two
87963,two
88048,two
88049,two
88050,two
88051,two
88056,two
88177,two
88183,two
88184,two
88185,two
88193,two
88194,two
88195,two
88208,two
88245,two
88313,two
88318,two
88327,two
88345,two
88346,two
88349,two
88350,two
88351,two
88443,two
88444,two
88465,two
88478,two
88479,two
88480,two
88481,two
88482,two
88508,two
88509,two
88510,two
88511,two
88512,two
88536,two
88537,two
88538,two
88570,two
88571,two
88588,two
88589,two
88590,two
88595,two
88596,two
88597,two
88598,two
88621,two
88622,two
88655,two
88701,two
88702,two
88715,two
88716,two
88731,two
88732,two
88735,two
88739,two
88740,two
88741,two
88742,two
88755,two
88756,two
88782,two
88793,two
88833,two
88861,two
88862,two
88863,two
88864,two
88865,two
88872,two
88873,two
88878,two
88879,two
88880,two
88881,two
88893,two
88899,two
88900,two
88901,two
88911,two
88912,two
88928,two
88969,two
88970,two
88971,two
88972,two
88973,two
89024,two
89047,two
89048,two
89073,two
89089,two
89179,two
89194,two
89202,two
89203,two
89204,two
89205,two
89248,two
89249,two
89317,two
89318,two
89319,two
89329,two
89330,two
89331,two
89332,two
89333,two
89334,two
89335,two
89336,two
89337,two
89338,two
89362,two
89363,two
89379,two
89411,two
89412,two
89413,two
89416,two
89417,two
89455,two
89456,two
89457,two
89458,two
89459,two
89460,two
89461,two
89462,two
89463,two
89464,two
89474,two
89475,two
89476,two
89477,two
89478,two
89535,two
89536,two
89537,two
89538,two
89576,two
89620,two
89621,two
89682,two
89704,two
89737,two
89747,two
89748,two
89767,two
89768,two
89769,two
89785,two
89786,two
89787,two
89813,two
89844,two
89861,two
89862,two
89863,two
89864,two
89865,two
89866,two
89867,two
89907,two
89908,two
89909,two
89936,two
89937,two
89945,two
89946,two
89947,two
89948,two
89964,two
89965,two
89966,two
89988,two
89989,two
89990,two
89994,two
89995,two
89996,two
89997,two
89998,two
90008,two
90009,two
90072,two
90073,two
90080,two
90087,two
90088,two
90089,two
90119,two
90120,two
90150,two
90179,two
90237,two
90238,two
90239,two
90240,two
90241,two
90242,two
90243,two
90244,two
90270,two
90271,two
90282,two
90329,up
90330,up
90331,up
90332,up
90333,up
90393,up
90394,up
90395,up
90396,up
90397,up
90416,up
90417,up
90434,up
90442,up
90443,up
90464,up
90465,up
90466,up
90467,up
90468,up
90469,up
90536,up
90537,up
90541,up
90555,up
90558,up
90577,up
90578,up
90588,up
90589,up
90590,up
90591,up
90592,up
90596,up
90635,up
90636,up
90637,up
90643,up
90644,up
90645,up
90646,up
90647,up
90676,up
90698,up
90699,up
90710,up
90711,up
90712,up
90713,up
90714,up
90715,up
90716,up
90717,up
90736,up
90737,up
90738,up
90739,up
90742,up
90743,up
90744,up
90745,up
90746,up
90747,up
90751,up
90779,up
90842,up
90848,up
90849,up
90858,up
90914,up
90915,up
90916,up
90917,up
90918,up
90930,up
90993,up
90994,up
90995,up
90996,up
90997,up
91003,up
91038,up
91086,up
91089,up
91092,up
91093,up
91094,up
91095,up
91096,up
91103,up
91119,up
91120,up
91136,up
91137,up
91138,up
91148,up
91149,up
91150,up
91151,up
91152,up
91175,up
91176,up
91177,up
91178,up
91179,up
91191,up
91192,up
91239,up
91246,up
91247,up
91248,up
91282,up
91283,up
91284,up
91285,up
91286,up
91394,up
91397,up
91398,up
91399,up
91400,up
91409,up
91410,up
91411,up
91412,up
91413,up
91441,up
91442,up
91451,up
91452,up
91453,up
91454,up
91477,up
91478,up
91479,up
91480,up
91481,up
91493,up
91519,up
91520,up
91521,up
91540,up
91541,up
91542,up
91543,up
91544,up
91547,up
91551,up
91552,up
91553,up
91556,up
91557,up
91558,up
91559,up
91576,up
91577,up
91578,up
91579,up
91598,up
91605,up
91616,up
91617,up
91644,up
91736,up
91742,up
91743,up
91744,up
91784,up
91785,up
91786,up
91787,up
91788,up
91790,up
91791,up
91792,up
91795,up
91796,up
91797,up
91843,up
91879,up
91880,up
91881,up
91891,up
91902,up
91991,up
92015,up
92016,up
92023,up
92024,up
92025,up
92026,up
92027,up
92035,up
92036,up
92081,up
92133,up
92151,up
92170,up
92171,up
92172,up
92173,up
92257,up
92296,up
92297,up
92298,up
92299,up
92325,up
92326,up
92327,up
92344,up
92387,up
92388,up
92405,up
92406,up
92409,up
92410,up
92411,up
92412,up
92413,up
92451,up
92452,up
92453,up
92454,up
92517,up
92539,up
92540,up
92545,up
92546,up
92547,up
92548,up
92549,up
92550,up
92551,up
92561,up
92562,up
92590,up
92591,up
92627,up
92653,up
92654,up
92655,up
92656,up
92662,up
92663,up
92664,up
92665,up
92666,up
92696,up
92713,up
92714,up
92742,up
92743,up
92744,up
92745,up
92746,up
92766,up
92788,up
92789,up
92823,up
92836,up
92951,up
92952,up
92953,up
92954,up
92990,up
93020,up
93021,up
93059,up
93060,up
93076,up
93077,up
93078,up
93079,up
93080,up
93081,up
93082,up
93083,up
93084,up
93085,up
93116,up
93117,up
93142,up
93143,up
93145,up
93146,up
93147,up
93148,up
93188,up
93189,up
93190,up
93193,up
93196,up
93197,up
93198,up
93199,up
93200,up
93201,up
93202,up
93203,up
93204,up
93205,up
93216,up
93217,up
93218,up
93219,up
93220,up
93284,up
93285,up
93286,up
93287,up
93288,up
93356,up
93357,up
93358,up
93384,up
93414,up
93415,up
93434,up
93435,up
93497,up
93498,up
93502,up
93503,up
93591,up
93620,up
93621,up
93638,up
93653,up
93654,up
93659,up
93660,up
93668,up
93669,up
93670,up
93671,up
93672,up
93694,up
93695,up
93696,up
93697,up
93698,up
93719,up
93720,up
93721,up
93722,up
93723,up
93724,up
93726,up
93736,up
93737,up
93738,up
93790,up
93791,up
93792,up
93800,up
93806,up
93833,up
93834,up
93846,up
93851,up
93932,up
93933,up
93934,up
93947,up
93953,up
93954,up
93955,up
93956,up
93957,up
93958,up
93995,up
94001,up
94003,up
94025,visual
94026,visual
94027,visual
94028,visual
94029,visual
94058,visual
94059,visual
94060,visual
94061,visual
94104,visual
94105,visual
94106,visual
94129,visual
94167,visual
94168,visual
94169,visual
94170,visual
94171,visual
94202,visual
94203,visual
94204,visual
94205,visual
94206,visual
94218,visual
94219,visual
94220,visual
94221,visual
94222,visual
94295,visual
94296,visual
94297,visual
94298,visual
94330,visual
94331,visual
94332,visual
94333,visual
94334,visual
94340,visual
94379,visual
94390,visual
94391,visual
94392,visual
94393,visual
94398,visual
94399,visual
94400,visual
94401,visual
94402,visual
94460,visual
94461,visual
94462,visual
94463,visual
94496,visual
94497,visual
94498,visual
94499,visual
94500,visual
94507,visual
94508,visual
94509,visual
94510,visual
94511,visual
94531,visual
94532,visual
94533,visual
94534,visual
94541,visual
94542,visual
94543,visual
94544,visual
94545,visual
94576,visual
94577,visual
94578,visual
94579,visual
94580,visual
94583,visual
94584,visual
94585,visual
94586,visual
94587,visual
94588,visual
94614,visual
94686,visual
94687,visual
94688,visual
94689,visual
94690,visual
94691,visual
94693,visual
94694,visual
94695,visual
94864,visual
94865,visual
94866,visual
94867,visual
94881,visual
94882,visual
94883,visual
94884,visual
94939,visual
94965,visual
94966,visual
94967,visual
94968,visual
94974,visual
95011,visual
95025,visual
95026,visual
95027,visual
95028,visual
95034,visual
95035,visual
95036,visual
95037,visual
95038,visual
95075,visual
95076,visual
95077,visual
95078,visual
95079,visual
95146,visual
95219,visual
95220,visual
95221,visual
95222,visual
95230,visual
95275,visual
95276,visual
95277,visual
95278,visual
95279,visual
95307,visual
95308,visual
95360,visual
95388,visual
95389,visual
95390,visual
95391,visual
95392,visual
95393,visual
95407,visual
95408,visual
95409,visual
95410,visual
95422,visual
95423,visual
95424,visual
95425,visual
95426,visual
95442,visual
95443,visual
95444,visual
95445,visual
95446,visual
95570,visual
95571,visual
95572,visual
95573,visual
95574,visual
95601,visual
95624,wow
95625,wow
95629,wow
95672,wow
95673,wow
95674,wow
95675,wow
95712,wow
95713,wow
95714,wow
95725,wow
95726,wow
95727,wow
95756,wow
95759,wow
95764,wow
95765,wow
95768,wow
95778,wow
95790,wow
95796,wow
95797,wow
95812,wow
95813,wow
95814,wow
95815,wow
95861,wow
95862,wow
95878,wow
95881,wow
95882,wow
95883,wow
95884,wow
95885,wow
95900,wow
95946,wow
95974,wow
95978,wow
95979,wow
96006,wow
96016,wow
96017,wow
96027,wow
96043,wow
96060,wow
96061,wow
96072,wow
96074,wow
96095,wow
96104,wow
96114,wow
96132,wow
96159,wow
96163,wow
96234,wow
96236,wow
96239,wow
96254,wow
96263,wow
96265,wow
96267,wow
96274,wow
96300,wow
96305,wow
96314,wow
96323,wow
96335,wow
96342,wow
96364,wow
96365,wow
96421,wow
96422,wow
96431,wow
96432,wow
96456,wow
96457,wow
96466,wow
96476,wow
96496,wow
96525,wow
96529,wow
96540,wow
96541,wow
96542,wow
96595,wow
96596,wow
96607,wow
96608,wow
96609,wow
96610,wow
96613,wow
96614,wow
96663,wow
96666,wow
96667,wow
96690,wow
96702,wow
96710,wow
96711,wow
96712,wow
96716,wow
96717,wow
96718,wow
96764,wow
96771,wow
96780,wow
96799,wow
96807,wow
96840,wow
96841,wow
96843,wow
96844,wow
96845,wow
96846,wow
96851,wow
96853,wow
96875,wow
96880,wow
96906,wow
96913,wow
96931,wow
96932,wow
96933,wow
96936,wow
96944,wow
96954,wow
96988,wow
96989,wow
97010,wow
97013,wow
97014,wow
97016,wow
97028,wow
97032,wow
97046,wow
97059,wow
97060,wow
97075,wow
97089,wow
97090,wow
97116,wow
97131,wow
97132,wow
97144,wow
97153,wow
97157,wow
97158,wow
97188,wow
97189,wow
97190,wow
97198,wow
97199,wow
97208,wow
97210,wow
97225,wow
97237,wow
97238,wow
97271,wow
97272,wow
97283,wow
97301,wow
97305,wow
97321,wow
97325,wow
97326,wow
97358,wow
97367,wow
97385,wow
97386,wow
97391,wow
97402,wow
97403,wow
97416,wow
97417,wow
97436,wow
97450,wow
97466,wow
97476,wow
97478,wow
97479,wow
97488,wow
97524,wow
97554,wow
97559,wow
97560,wow
97563,wow
97581,wow
97585,wow
97586,wow
97587,wow
97588,wow
97592,wow
97609,wow
97612,wow
97615,wow
97625,wow
97632,wow
97635,wow
97644,wow
97655,wow
97675,wow
97676,wow
97677,wow
97682,wow
97683,wow
97698,wow
97699,wow
97700,wow
97701,wow
97715,wow
97723,wow
97724,wow
97765,yes
97775,yes
97776,yes
97777,yes
97778,yes
97779,yes
97848,yes
97849,yes
97850,yes
97851,yes
97852,yes
97853,yes
97863,yes
97864,yes
97865,yes
97878,yes
97909,yes
97932,yes
97933,yes
97934,yes
97935,yes
97936,yes
97987,yes
97988,yes
98012,yes
98013,yes
98014,yes
98015,yes
98016,yes
98017,yes
98021,yes
98038,yes
98039,yes
98043,yes
98072,yes
98073,yes
98074,yes
98075,yes
98076,yes
98108,yes
98109,yes
98111,yes
98121,yes
98122,yes
98123,yes
98124,yes
98125,yes
98181,yes
98192,yes
98193,yes
98194,yes
98195,yes
98196,yes
98197,yes
98198,yes
98199,yes
98200,yes
98201,yes
98220,yes
98221,yes
98222,yes
98223,yes
98225,yes
98226,yes
98227,yes
98228,yes
98230,yes
98231,yes
98263,yes
98314,yes
98336,yes
98337,yes
98339,yes
98348,yes
98407,yes
98408,yes
98409,yes
98410,yes
98411,yes
98424,yes
98425,yes
98491,yes
98492,yes
98493,yes
98494,yes
98495,yes
98505,yes
98507,yes
98508,yes
98509,yes
98510,yes
98518,yes
98519,yes
98614,yes
98617,yes
98618,yes
98619,yes
98620,yes
98621,yes
98636,yes
98653,yes
98654,yes
98655,yes
98656,yes
98657,yes
98668,yes
98669,yes
98670,yes
98671,yes
98672,yes
98673,yes
98695,yes
98696,yes
98697,yes
98698,yes
98699,yes
98712,yes
98760,yes
98808,yes
98809,yes
98810,yes
98811,yes
98921,yes
98922,yes
98923,yes
98925,yes
98926,yes
98927,yes
98928,yes
98929,yes
98941,yes
98942,yes
98943,yes
98944,yes
98945,yes
98946,yes
98947,yes
98973,yes
98981,yes
98982,yes
98983,yes
98984,yes
98985,yes
99006,yes
99007,yes
99008,yes
99009,yes
99022,yes
99023,yes
99024,yes
99070,yes
99071,yes
99072,yes
99080,yes
99081,yes
99082,yes
99083,yes
99087,yes
99088,yes
99089,yes
99090,yes
99091,yes
99107,yes
99108,yes
99109,yes
99110,yes
99111,yes
99112,yes
99133,yes
99134,yes
99147,yes
99154,yes
99174,yes
99280,yes
99290,yes
99302,yes
99340,yes
99341,yes
99342,yes
99343,yes
99344,yes
99346,yes
99347,yes
99348,yes
99358,yes
99359,yes
99376,yes
99410,yes
99411,yes
99461,yes
99462,yes
99463,yes
99464,yes
99465,yes
99544,yes
99602,yes
99603,yes
99611,yes
99612,yes
99631,yes
99632,yes
99680,yes
99731,yes
99732,yes
99742,yes
99761,yes
99762,yes
99763,yes
99773,yes
99774,yes
99775,yes
99863,yes
99879,yes
99880,yes
99881,yes
99882,yes
99883,yes
99911,yes
99912,yes
99913,yes
99914,yes
99915,yes
99935,yes
99936,yes
100008,yes
100012,yes
100013,yes
100014,yes
100015,yes
100016,yes
100050,yes
100051,yes
100066,yes
100113,yes
100131,yes
100132,yes
100153,yes
100154,yes
100155,yes
100156,yes
100157,yes
100170,yes
100276,yes
100277,yes
100278,yes
100279,yes
100280,yes
100286,yes
100289,yes
100290,yes
100291,yes
100292,yes
100293,yes
100316,yes
100328,yes
100330,yes
100331,yes
100332,yes
100351,yes
100377,yes
100378,yes
100379,yes
100380,yes
100381,yes
100400,yes
100401,yes
100426,yes
100462,yes
100476,yes
100558,yes
100589,yes
100598,yes
100599,yes
100600,yes
100601,yes
100602,yes
100612,yes
100613,yes
100682,yes
100703,yes
100734,yes
100735,yes
100736,yes
100737,yes
100738,yes
100739,yes
100740,yes
100741,yes
100742,yes
100743,yes
100766,yes
100767,yes
100768,yes
100769,yes
100782,yes
100783,yes
100784,yes
100820,yes
100821,yes
100822,yes
100823,yes
100824,yes
100825,yes
100854,yes
100857,yes
100862,yes
100863,yes
100864,yes
100865,yes
100866,yes
100867,yes
100868,yes
100869,yes
100870,yes
100871,yes
100883,yes
100884,yes
100885,yes
100886,yes
100887,yes
100951,yes
100952,yes
100953,yes
100954,yes
100955,yes
100985,yes
101023,yes
101032,yes
101062,yes
101063,yes
101097,yes
101140,yes
101161,yes
101162,yes
101173,yes
101174,yes
101193,yes
101194,yes
101208,yes
101254,yes
101292,yes
101321,yes
101322,yes
101323,yes
101324,yes
101325,yes
101326,yes
101327,yes
101348,yes
101349,yes
101370,yes
101371,yes
101372,yes
101373,yes
101374,yes
101387,yes
101397,yes
101398,yes
101402,yes
101408,yes
101409,yes
101410,yes
101411,yes
101412,yes
101430,yes
101431,yes
101432,yes
101433,yes
101434,yes
101455,yes
101459,yes
101460,yes
101461,yes
101462,yes
101463,yes
101471,yes
101472,yes
101522,yes
101565,yes
101574,yes
101607,yes
101608,yes
101609,yes
101639,yes
101640,yes
101677,yes
101695,yes
101696,yes
101697,yes
101705,yes
101706,yes
101707,yes
101708,yes
101709,yes
101710,yes
101712,yes
101713,yes
101714,yes
101715,yes
101750,yes
101751,yes
101752,yes
101759,yes
101806,zero
101807,zero
101808,zero
101815,zero
101816,zero
101817,zero
101818,zero
101819,zero
101881,zero
101882,zero
101883,zero
101884,zero
101885,zero
101886,zero
101898,zero
101929,zero
101930,zero
101936,zero
101968,zero
101969,zero
101970,zero
101971,zero
101973,zero
101997,zero
102021,zero
102022,zero
102023,zero
102024,zero
102048,zero
102049,zero
102050,zero
102051,zero
102052,zero
102056,zero
102068,zero
102069,zero
102076,zero
102094,zero
102109,zero
102110,zero
102111,zero
102112,zero
102113,zero
102160,zero
102168,zero
102169,zero
102170,zero
102171,zero
102236,zero
102247,zero
102248,zero
102249,zero
102250,zero
102251,zero
102252,zero
102253,zero
102254,zero
102255,zero
102256,zero
102287,zero
102288,zero
102289,zero
102290,zero
102291,zero
102293,zero
102294,zero
102295,zero
102296,zero
102297,zero
102327,zero
102328,zero
102329,zero
102389,zero
102413,zero
102414,zero
102497,zero
102498,zero
102499,zero
102500,zero
102561,zero
102562,zero
102563,zero
102564,zero
102565,zero
102577,zero
102580,zero
102581,zero
102582,zero
102583,zero
102584,zero
102619,zero
102620,zero
102644,zero
102645,zero
102667,zero
102679,zero
102680,zero
102681,zero
102682,zero
102683,zero
102687,zero
102704,zero
102705,zero
102722,zero
102723,zero
102724,zero
102725,zero
102726,zero
102736,zero
102737,zero
102738,zero
102739,zero
102740,zero
102741,zero
102742,zero
102743,zero
102771,zero
102772,zero
102773,zero
102774,zero
102775,zero
102833,zero
102872,zero
102873,zero
102874,zero
102875,zero
102876,zero
102975,zero
102976,zero
102978,zero
102979,zero
102980,zero
102981,zero
102982,zero
102991,zero
102992,zero
102993,zero
102994,zero
102995,zero
102996,zero
103023,zero
103024,zero
103028,zero
103029,zero
103030,zero
103031,zero
103044,zero
103045,zero
103046,zero
103047,zero
103055,zero
103056,zero
103087,zero
103106,zero
103107,zero
103108,zero
103114,zero
103115,zero
103116,zero
103117,zero
103121,zero
103122,zero
103123,zero
103124,zero
103136,zero
103137,zero
103138,zero
103139,zero
103140,zero
103154,zero
103176,zero
103177,zero
103187,zero
103188,zero
103313,zero
103314,zero
103323,zero
103324,zero
103325,zero
103369,zero
103370,zero
103371,zero
103372,zero
103373,zero
103376,zero
103386,zero
103387,zero
103399,zero
103400,zero
103401,zero
103402,zero
103403,zero
103488,zero
103489,zero
103490,zero
103491,zero
103502,zero
103503,zero
103515,zero
103575,zero
103611,zero
103643,zero
103644,zero
103666,zero
103701,zero
103702,zero
103712,zero
103713,zero
103757,zero
103758,zero
103759,zero
103765,zero
103766,zero
103780,zero
103804,zero
103816,zero
103917,zero
103918,zero
103919,zero
103920,zero
103947,zero
103948,zero
103949,zero
103950,zero
103951,zero
103965,zero
103966,zero
104010,zero
104014,zero
104028,zero
104033,zero
104034,zero
104035,zero
104036,zero
104056,zero
104079,zero
104085,zero
104086,zero
104096,zero
104097,zero
104098,zero
104146,zero
104147,zero
104148,zero
104160,zero
104161,zero
104176,zero
104180,zero
104183,zero
104184,zero
104185,zero
104186,zero
104187,zero
104200,zero
104323,zero
104324,zero
104325,zero
104326,zero
104327,zero
104337,zero
104338,zero
104339,zero
104340,zero
104350,zero
104360,zero
104363,zero
104373,zero
104403,zero
104432,zero
104433,zero
104434,zero
104435,zero
104436,zero
104464,zero
104465,zero
104466,zero
104467,zero
104468,zero
104534,zero
104535,zero
104536,zero
104553,zero
104556,zero
104557,zero
104679,zero
104680,zero
104690,zero
104691,zero
104692,zero
104693,zero
104694,zero
104742,zero
104743,zero
104744,zero
104817,zero
104818,zero
104819,zero
104820,zero
104821,zero
104822,zero
104823,zero
104824,zero
104825,zero
104826,zero
104852,zero
104899,zero
104900,zero
104901,zero
104910,zero
104911,zero
104937,zero
104939,zero
104940,zero
104945,zero
104946,zero
104947,zero
104948,zero
104949,zero
104950,zero
104951,zero
104952,zero
104953,zero
104954,zero
104967,zero
104968,zero
104969,zero
104970,zero
104971,zero
105036,zero
105037,zero
105038,zero
105039,zero
105040,zero
105069,zero
105111,zero
105120,zero
105121,zero
105122,zero
105204,zero
105205,zero
105249,zero
105250,zero
105270,zero
105284,zero
105313,zero
105314,zero
105361,zero
105384,zero
105385,zero
105386,zero
105387,zero
105388,zero
105427,zero
105428,zero
105429,zero
105430,zero
105449,zero
105450,zero
105455,zero
105464,zero
105465,zero
105466,zero
105467,zero
105468,zero
105488,zero
105489,zero
105490,zero
105491,zero
105502,zero
105506,zero
105507,zero
105508,zero
105509,zero
105510,zero
105511,zero
105512,zero
105519,zero
105520,zero
105527,zero
105528,zero
105582,zero
105590,zero
105595,zero
105604,zero
105626,zero
105627,zero
105634,zero
105665,zero
105691,zero
105726,zero
105745,zero
105754,zero
105755,zero
105756,zero
105757,zero
105758,zero
105759,zero
105760,zero
105761,zero
105762,zero
105790,zero
105791,zero
105799,zero
105800,zero
105804,zero
105805,zero
11,backward
12,backward
32,backward
33,backward
34,backward
35,backward
36,backward
48,backward
59,backward
60,backward
61,backward
62,backward
63,backward
64,backward
65,backward
66,backward
67,backward
197,backward
198,backward
199,backward
200,backward
201,backward
204,backward
214,backward
215,backward
216,backward
217,backward
218,backward
219,backward
220,backward
221,backward
222,backward
238,backward
239,backward
240,backward
241,backward
242,backward
249,backward
250,backward
257,backward
258,backward
259,backward
260,backward
261,backward
276,backward
277,backward
278,backward
279,backward
280,backward
281,backward
282,backward
283,backward
284,backward
285,backward
286,backward
287,backward
288,backward
289,backward
305,backward
306,backward
307,backward
308,backward
309,backward
312,backward
313,backward
314,backward
370,backward
376,backward
377,backward
407,backward
408,backward
409,backward
410,backward
411,backward
441,backward
442,backward
452,backward
487,backward
488,backward
526,backward
527,backward
528,backward
529,backward
530,backward
567,backward
568,backward
569,backward
570,backward
571,backward
579,backward
685,backward
686,backward
687,backward
688,backward
689,backward
779,backward
780,backward
819,backward
820,backward
821,backward
822,backward
823,backward
824,backward
969,backward
982,backward
983,backward
984,backward
985,backward
986,backward
1009,backward
1010,backward
1011,backward
1012,backward
1016,backward
1017,backward
1018,backward
1019,backward
1074,backward
1075,backward
1076,backward
1149,backward
1217,backward
1275,backward
1348,backward
1349,backward
1350,backward
1351,backward
1352,backward
1392,backward
1393,backward
1394,backward
1395,backward
1396,backward
1402,backward
1403,backward
1404,backward
1405,backward
1406,backward
1408,backward
1409,backward
1410,backward
1411,backward
1452,backward
1453,backward
1454,backward
1455,backward
1456,backward
1467,backward
1468,backward
1469,backward
1470,backward
1471,backward
1482,backward
1579,backward
1580,backward
1581,backward
1582,backward
1583,backward
1609,backward
1610,backward
1611,backward
1612,backward
1613,backward
1631,backward
1632,backward
1633,backward
1634,backward
1664,bed
1675,bed
1686,bed
1692,bed
1707,bed
1708,bed
1711,bed
1735,bed
1736,bed
1742,bed
1746,bed
1751,bed
1752,bed
1753,bed
1766,bed
1789,bed
1790,bed
1796,bed
1803,bed
1822,bed
1823,bed
1843,bed
1844,bed
1845,bed
1858,bed
1859,bed
1901,bed
1909,bed
1910,bed
1912,bed
1923,bed
1924,bed
1933,bed
1938,bed
1945,bed
1965,bed
1969,bed
1975,bed
1976,bed
1988,bed
2007,bed
2014,bed
2061,bed
2062,bed
2068,bed
2078,bed
2087,bed
2110,bed
2124,bed
2125,bed
2126,bed
2129,bed
2142,bed
2144,bed
2145,bed
2153,bed
2154,bed
2159,bed
2169,bed
2170,bed
2171,bed
2172,bed
2173,bed
2174,bed
2194,bed
2212,bed
2213,bed
2214,bed
2228,bed
2235,bed
2236,bed
2238,bed
2250,bed
2260,bed
2261,bed
2299,bed
2304,bed
2305,bed
2323,bed
2324,bed
2371,bed
2372,bed
2381,bed
2384,bed
2385,bed
2398,bed
2399,bed
2410,bed
2411,bed
2432,bed
2433,bed
2434,bed
2442,bed
2447,bed
2463,bed
2464,bed
2468,bed
2470,bed
2474,bed
2531,bed
2542,bed
2543,bed
2544,bed
2549,bed
2550,bed
2551,bed
2552,bed
2614,bed
2615,bed
2616,bed
2619,bed
2620,bed
2627,bed
2645,bed
2662,bed
2674,bed
2675,bed
2680,bed
2681,bed
2691,bed
2694,bed
2695,bed
2716,bed
2717,bed
2763,bed
2764,bed
2791,bed
2792,bed
2802,bed
2810,bed
2811,bed
2812,bed
2813,bed
2838,bed
2839,bed
2843,bed
2845,bed
2866,bed
2875,bed
2881,bed
2938,bed
2970,bed
2981,bed
2982,bed
2983,bed
2989,bed
3007,bed
3008,bed
3054,bed
3055,bed
3065,bed
3066,bed
3080,bed
3081,bed
3103,bed
3104,bed
3105,bed
3170,bed
3198,bed
3199,bed
3200,bed
3205,bed
3223,bed
3256,bed
3257,bed
3258,bed
3259,bed
3300,bed
3319,bed
3364,bed
3378,bed
3387,bed
3388,bed
3399,bed
3400,bed
3449,bed
3450,bed
3452,bed
3456,bed
3457,bed
3469,bed
3482,bed
3485,bed
3493,bed
3494,bed
3495,bed
3507,bed
3523,bed
3548,bed
3549,bed
3550,bed
3592,bed
3604,bed
3613,bed
3626,bed
3627,bed
3635,bed
3638,bed
3653,bed
3665,bed
3675,bed
3679,bird
3689,bird
3692,bird
3697,bird
3701,bird
3713,bird
3717,bird
3721,bird
3729,bird
3743,bird
3750,bird
3752,bird
3775,bird
3788,bird
3813,bird
3821,bird
3832,bird
3833,bird
3842,bird
3845,bird
3858,bird
3893,bird
3894,bird
3895,bird
3903,bird
3914,bird
3916,bird
3930,bird
3935,bird
3936,bird
3945,bird
3950,bird
3960,bird
3961,bird
3979,bird
3983,bird
3991,bird
3992,bird
3993,bird
4024,bird
4051,bird
4054,bird
4055,bird
4078,bird
4079,bird
4086,bird
4095,bird
4112,bird
4119,bird
4126,bird
4127,bird
4139,bird
4148,bird
4150,bird
4156,bird
4158,bird
4159,bird
4160,bird
4166,bird
4181,bird
4183,bird
4184,bird
4213,bird
4216,bird
4241,bird
4254,bird
4255,bird
4267,bird
4269,bird
4270,bird
4290,bird
4291,bird
4292,bird
4298,bird
4299,bird
4300,bird
4301,bird
4302,bird
4303,bird
4316,bird
4317,bird
4352,bird
4371,bird
4392,bird
4393,bird
4421,bird
4422,bird
4431,bird
4435,bird
4446,bird
4454,bird
4470,bird
4471,bird
4472,bird
4488,bird
4496,bird
4497,bird
4498,bird
4500,bird
4521,bird
4535,bird
4574,bird
4577,bird
4578,bird
4581,bird
4591,bird
4592,bird
4593,bird
4601,bird
4675,bird
4678,bird
4679,bird
4681,bird
4685,bird
4693,bird
4694,bird
4707,bird
4727,bird
4728,bird
4749,bird
4750,bird
4758,bird
4759,bird
4760,bird
4764,bird
4770,bird
4775,bird
4776,bird
4793,bird
4816,bird
4819,bird
4841,bird
4845,bird
4869,bird
4882,bird
4883,bird
4884,bird
4903,bird
4904,bird
4918,bird
4919,bird
4926,bird
4943,bird
4953,bird
4954,bird
4976,bird
4978,bird
4979,bird
4982,bird
4983,bird
5025,bird
5046,bird
5056,bird
5059,bird
5105,bird
5111,bird
5115,bird
5116,bird
5118,bird
5119,bird
5133,bird
5164,bird
5165,bird
5166,bird
5167,bird
5210,bird
5225,bird
5262,bird
5263,bird
5269,bird
5277,bird
5300,bird
5301,bird
5302,bird
5304,bird
5353,bird
5359,bird
5365,bird
5377,bird
5424,bird
5433,bird
5441,bird
5442,bird
5443,bird
5444,bird
5511,bird
5512,bird
5513,bird
5543,bird
5548,bird
5553,bird
5554,bird
5555,bird
5556,bird
5565,bird
5566,bird
5610,bird
5613,bird
5649,bird
5666,bird
5676,bird
5677,bird
5696,bird
5698,bird
5699,bird
5712,bird
5741,bird
5745,cat
5782,cat
5785,cat
5786,cat
5788,cat
5795,cat
5814,cat
5817,cat
5820,cat
5821,cat
5823,cat
5839,cat
5844,cat
5860,cat
5875,cat
5891,cat
5892,cat
5893,cat
5894,cat
5895,cat
5905,cat
5906,cat
5907,cat
5919,cat
5920,cat
5931,cat
5956,cat
5972,cat
5982,cat
6008,cat
6009,cat
6018,cat
6024,cat
6043,cat
6044,cat
6049,cat
6061,cat
6070,cat
6081,cat
6085,cat
6096,cat
6128,cat
6147,cat
6148,cat
6149,cat
6163,cat
6164,cat
6166,cat
6172,cat
6208,cat
6214,cat
6228,cat
6229,cat
6230,cat
6231,cat
6235,cat
6244,cat
6258,cat
6277,cat
6287,cat
6288,cat
6291,cat
6292,cat
6293,cat
6307,cat
6334,cat
6337,cat
6338,cat
6352,cat
6360,cat
6361,cat
6374,cat
6375,cat
6398,cat
6412,cat
6413,cat
6414,cat
6415,cat
6434,cat
6435,cat
6452,cat
6453,cat
6456,cat
6457,cat
6462,cat
6469,cat
6470,cat
6472,cat
6476,cat
6477,cat
6497,cat
6498,cat
6510,cat
6511,cat
6529,cat
6530,cat
6533,cat
6540,cat
6552,cat
6593,cat
6594,cat
6595,cat
6611,cat
6619,cat
6620,cat
6621,cat
6682,cat
6683,cat
6684,cat
6685,cat
6690,cat
6692,cat
6706,cat
6724,cat
6752,cat
6758,cat
6772,cat
6773,cat
6774,cat
6781,cat
6786,cat
6797,cat
6798,cat
6815,cat
6816,cat
6817,cat
6840,cat
6845,cat
6872,cat
6873,cat
6881,cat
6897,cat
6898,cat
6899,cat
6900,cat
6909,cat
6913,cat
6915,cat
6950,cat
6951,cat
6952,cat
6959,cat
6976,cat
6985,cat
6986,cat
7008,cat
7009,cat
7014,cat
7041,cat
7057,cat
7075,cat
7076,cat
7079,cat
7080,cat
7081,cat
7159,cat
7160,cat
7183,cat
7210,cat
7211,cat
7259,cat
7269,cat
7288,cat
7289,cat
7293,cat
7299,cat
7300,cat
7318,cat
7319,cat
7320,cat
7321,cat
7340,cat
7341,cat
7373,cat
7377,cat
7382,cat
7439,cat
7445,cat
7459,cat
7470,cat
7494,cat
7543,cat
7544,cat
7547,cat
7551,cat
7557,cat
7574,cat
7579,cat
7580,cat
7593,cat
7594,cat
7640,cat
7688,cat
7697,cat
7707,cat
7708,cat
7721,cat
7722,cat
7723,cat
7724,cat
7728,cat
7744,cat
7772,cat
7773,dog
7790,dog
7797,dog
7819,dog
7825,dog
7831,dog
7832,dog
7835,dog
7862,dog
7866,dog
7871,dog
7872,dog
7891,dog
7898,dog
7899,dog
7930,dog
7931,dog
7944,dog
7963,dog
7964,dog
7977,dog
7978,dog
7986,dog
7987,dog
8019,dog
8020,dog
8029,dog
8048,dog
8049,dog
8050,dog
8060,dog
8075,dog
8087,dog
8088,dog
8089,dog
8109,dog
8114,dog
8136,dog
8162,dog
8182,dog
8204,dog
8205,dog
8213,dog
8214,dog
8224,dog
8240,dog
8241,dog
8251,dog
8252,dog
8259,dog
8260,dog
8265,dog
8278,dog
8279,dog
8281,dog
8286,dog
8293,dog
8294,dog
8306,dog
8307,dog
8308,dog
8312,dog
8313,dog
8324,dog
8332,dog
8333,dog
8334,dog
8343,dog
8345,dog
8346,dog
8350,dog
8351,dog
8352,dog
8353,dog
8372,dog
8384,dog
8385,dog
8398,dog
8413,dog
8414,dog
8427,dog
8428,dog
8438,dog
8464,dog
8465,dog
8466,dog
8467,dog
8468,dog
8475,dog
8487,dog
8526,dog
8528,dog
8536,dog
8542,dog
8547,dog
8550,dog
8553,dog
8554,dog
8582,dog
8605,dog
8609,dog
8610,dog
8617,dog
8662,dog
8663,dog
8664,dog
8671,dog
8688,dog
8774,dog
8775,dog
8776,dog
8777,dog
8784,dog
8811,dog
8838,dog
8839,dog
8845,dog
8846,dog
8861,dog
8865,dog
8866,dog
8867,dog
8868,dog
8878,dog
8889,dog
8893,dog
8928,dog
8932,dog
8963,dog
8966,dog
8978,dog
8999,dog
9004,dog
9047,dog
9075,dog
9076,dog
9077,dog
9099,dog
9100,dog
9107,dog
9122,dog
9137,dog
9143,dog
9153,dog
9162,dog
9163,dog
9164,dog
9166,dog
9167,dog
9172,dog
9173,dog
9184,dog
9235,dog
9236,dog
9252,dog
9253,dog
9280,dog
9281,dog
9343,dog
9344,dog
9374,dog
9375,dog
9376,dog
9377,dog
9380,dog
9392,dog
9411,dog
9412,dog
9413,dog
9415,dog
9416,dog
9417,dog
9434,dog
9469,dog
9479,dog
9485,dog
9486,dog
9502,dog
9550,dog
9553,dog
9555,dog
9556,dog
9563,dog
9575,dog
9578,dog
9579,dog
9658,dog
9659,dog
9660,dog
9664,dog
9665,dog
9676,dog
9677,dog
9692,dog
9694,dog
9699,dog
9700,dog
9701,dog
9702,dog
9716,dog
9717,dog
9734,dog
9735,dog
9736,dog
9767,dog
9811,dog
9815,dog
9830,dog
9837,dog
9848,dog
9849,dog
9866,dog
9900,dog
9901,down
9903,down
9904,down
9918,down
9928,down
9934,down
9935,down
9971,down
9972,down
9973,down
9981,down
9982,down
9983,down
9984,down
9985,down
10023,down
10046,down
10052,down
10053,down
10054,down
10055,down
10056,down
10060,down
10061,down
10062,down
10063,down
10064,down
10073,down
10074,down
10079,down
10112,down
10113,down
10114,down
10115,down
10121,down
10160,down
10186,down
10193,down
10213,down
10214,down
10215,down
10216,down
10248,down
10260,down
10261,down
10262,down
10263,down
10316,down
10317,down
10351,down
10352,down
10353,down
10354,down
10371,down
10376,down
10400,down
10412,down
10413,down
10414,down
10415,down
10416,down
10417,down
10418,down
10419,down
10420,down
10421,down
10422,down
10423,down
10444,down
10445,down
10446,down
10447,down
10448,down
10458,down
10459,down
10460,down
10461,down
10462,down
10472,down
10503,down
10504,down
10505,down
10506,down
10520,down
10521,down
10522,down
10523,down
10524,down
10542,down
10543,down
10544,down
10545,down
10546,down
10547,down
10548,down
10549,down
10550,down
10567,down
10586,down
10604,down
10605,down
10606,down
10607,down
10608,down
10619,down
10620,down
10621,down
10622,down
10654,down
10655,down
10656,down
10657,down
10658,down
10669,down
10706,down
10707,down
10721,down
10731,down
10732,down
10745,down
10758,down
10785,down
10786,down
10787,down
10797,down
10838,down
10849,down
10850,down
10851,down
10881,down
10889,down
10890,down
10891,down
10905,down
10917,down
10927,down
10928,down
10967,down
10968,down
10975,down
10976,down
10978,down
10979,down
11016,down
11017,down
11018,down
11019,down
11020,down
11068,down
11080,down
11099,down
11100,down
11124,down
11125,down
11126,down
11127,down
11128,down
11129,down
11130,down
11151,down
11205,down
11218,down
11231,down
11232,down
11234,down
11235,down
11236,down
11237,down
11238,down
11323,down
11324,down
11325,down
11330,down
11331,down
11352,down
11353,down
11354,down
11355,down
11361,down
11362,down
11366,down
11408,down
11409,down
11461,down
11463,down
11464,down
11477,down
11478,down
11479,down
11480,down
11481,down
11569,down
11576,down
11577,down
11612,down
11613,down
11614,down
11623,down
11712,down
11713,down
11727,down
11730,down
11731,down
11732,down
11733,down
11734,down
11747,down
11748,down
11786,down
11818,down
11831,down
11832,down
11833,down
11834,down
11835,down
11840,down
11841,down
11842,down
11843,down
11867,down
11873,down
11874,down
11875,down
11891,down
11901,down
11916,down
11924,down
11939,down
11986,down
11997,down
12003,down
12038,down
12046,down
12047,down
12048,down
12049,down
12059,down
12060,down
12061,down
12062,down
12063,down
12113,down
12129,down
12130,down
12131,down
12132,down
12133,down
12158,down
12167,down
12203,down
12204,down
12205,down
12206,down
12260,down
12261,down
12262,down
12263,down
12264,down
12278,down
12279,down
12280,down
12281,down
12282,down
12283,down
12284,down
12324,down
12325,down
12338,down
12348,down
12384,down
12411,down
12412,down
12413,down
12414,down
12416,down
12417,down
12418,down
12419,down
12420,down
12440,down
12446,down
12458,down
12459,down
12460,down
12471,down
12472,down
12491,down
12561,down
12562,down
12577,down
12578,down
12587,down
12589,down
12625,down
12626,down
12698,down
12699,down
12700,down
12786,down
12823,down
12824,down
12891,down
12892,down
12893,down
12907,down
12908,down
12919,down
12920,down
12967,down
13078,down
13079,down
13080,down
13081,down
13082,down
13086,down
13087,down
13088,down
13092,down
13122,down
13123,down
13124,down
13172,down
13192,down
13193,down
13194,down
13195,down
13196,down
13201,down
13216,down
13217,down
13218,down
13219,down
13220,down
13240,down
13241,down
13242,down
13243,down
13250,down
13276,down
13277,down
13305,down
13306,down
13307,down
13308,down
13391,down
13392,down
13393,down
13394,down
13395,down
13396,down
13397,down
13401,down
13412,down
13433,down
13434,down
13435,down
13436,down
13448,down
13473,down
13474,down
13481,down
13482,down
13566,down
13632,down
13644,down
13645,down
13646,down
13647,down
13648,down
13664,down
13665,down
13666,down
13667,down
13668,down
13694,down
13695,down
13696,down
13728,down
13729,down
13730,down
13731,down
13732,down
13761,down
13762,down
13763,down
13764,down
13792,down
13793,down
13815,down
13816,down
13817,down
13819,eight
13821,eight
13835,eight
13854,eight
13865,eight
13895,eight
13896,eight
13897,eight
13898,eight
13906,eight
13907,eight
13908,eight
13909,eight
13910,eight
13922,eight
13934,eight
13972,eight
13973,eight
13974,eight
13979,eight
13980,eight
13981,eight
13982,eight
13983,eight
13989,eight
13990,eight
13991,eight
13992,eight
14002,eight
14008,eight
14009,eight
14040,eight
14041,eight
14042,eight
14043,eight
14053,eight
14110,eight
14164,eight
14165,eight
14166,eight
14167,eight
14168,eight
14176,eight
14241,eight
14242,eight
14243,eight
14244,eight
14245,eight
14257,eight
14291,eight
14292,eight
14293,eight
14303,eight
14304,eight
14305,eight
14306,eight
14307,eight
14308,eight
14309,eight
14310,eight
14329,eight
14330,eight
14331,eight
14332,eight
14333,eight
14341,eight
14342,eight
14343,eight
14344,eight
14380,eight
14381,eight
14382,eight
14383,eight
14384,eight
14395,eight
14396,eight
14397,eight
14398,eight
14399,eight
14419,eight
14420,eight
14421,eight
14422,eight
14423,eight
14424,eight
14425,eight
14426,eight
14427,eight
14428,eight
14429,eight
14444,eight
14445,eight
14463,eight
14484,eight
14485,eight
14486,eight
14487,eight
14494,eight
14495,eight
14496,eight
14497,eight
14498,eight
14529,eight
14530,eight
14531,eight
14532,eight
14546,eight
14547,eight
14592,eight
14593,eight
14594,eight
14614,eight
14627,eight
14664,eight
14695,eight
14696,eight
14697,eight
14698,eight
14731,eight
14738,eight
14752,eight
14759,eight
14803,eight
14804,eight
14822,eight
14829,eight
14830,eight
14831,eight
14834,eight
14835,eight
14836,eight
14871,eight
14872,eight
14873,eight
14874,eight
14875,eight
14896,eight
14929,eight
14945,eight
14946,eight
14961,eight
14964,eight
14965,eight
14966,eight
14994,eight
14995,eight
14996,eight
14997,eight
14998,eight
14999,eight
15000,eight
15017,eight
15018,eight
15098,eight
15099,eight
15100,eight
15101,eight
15140,eight
15179,eight
15185,eight
15186,eight
15187,eight
15188,eight
15190,eight
15191,eight
15192,eight
15215,eight
15216,eight
15217,eight
15218,eight
15224,eight
15229,eight
15241,eight
15285,eight
15290,eight
15293,eight
15323,eight
15324,eight
15325,eight
15333,eight
15336,eight
15337,eight
15338,eight
15350,eight
15351,eight
15352,eight
15353,eight
15354,eight
15376,eight
15442,eight
15443,eight
15466,eight
15467,eight
15468,eight
15469,eight
15470,eight
15608,eight
15609,eight
15610,eight
15611,eight
15612,eight
15626,eight
15627,eight
15628,eight
15639,eight
15681,eight
15731,eight
15732,eight
15733,eight
15734,eight
15739,eight
15740,eight
15741,eight
15742,eight
15764,eight
15771,eight
15782,eight
15791,eight
15792,eight
15793,eight
15817,eight
15821,eight
15822,eight
15842,eight
15843,eight
15885,eight
15891,eight
15892,eight
15941,eight
15949,eight
15951,eight
15960,eight
15961,eight
15962,eight
15963,eight
15964,eight
15981,eight
15982,eight
15983,eight
16011,eight
16023,eight
16024,eight
16025,eight
16026,eight
16027,eight
16082,eight
16094,eight
16095,eight
16096,eight
16097,eight
16098,eight
16132,eight
16133,eight
16134,eight
16135,eight
16136,eight
16149,eight
16150,eight
16151,eight
16152,eight
16153,eight
16154,eight
16155,eight
16174,eight
16197,eight
16198,eight
16210,eight
16220,eight
16221,eight
16280,eight
16282,eight
16283,eight
16284,eight
16285,eight
16295,eight
16313,eight
16314,eight
16320,eight
16321,eight
16322,eight
16324,eight
16325,eight
16351,eight
16426,eight
16496,eight
16497,eight
16574,eight
16658,eight
16686,eight
16734,eight
16736,eight
16737,eight
16738,eight
16739,eight
16740,eight
16756,eight
16813,eight
16919,eight
16920,eight
16921,eight
16922,eight
16923,eight
16929,eight
16930,eight
16931,eight
16964,eight
16965,eight
16966,eight
17013,eight
17014,eight
17015,eight
17016,eight
17017,eight
17032,eight
17033,eight
17034,eight
17035,eight
17036,eight
17055,eight
17056,eight
17057,eight
17058,eight
17059,eight
17067,eight
17074,eight
17075,eight
17085,eight
17115,eight
17116,eight
17117,eight
17118,eight
17119,eight
17201,eight
17202,eight
17203,eight
17204,eight
17205,eight
17206,eight
17220,eight
17221,eight
17247,eight
17248,eight
17251,eight
17252,eight
17253,eight
17254,eight
17255,eight
17270,eight
17288,eight
17308,eight
17450,eight
17451,eight
17452,eight
17453,eight
17465,eight
17466,eight
17467,eight
17468,eight
17469,eight
17492,eight
17493,eight
17517,eight
17522,eight
17523,eight
17524,eight
17525,eight
17526,eight
17534,eight
17535,eight
17555,eight
17556,eight
17557,eight
17558,eight
17559,eight
17585,eight
17586,eight
17601,eight
17602,eight
17603,eight
17604,eight
17606,five
17607,five
17621,five
17622,five
17623,five
17642,five
17648,five
17653,five
17654,five
17680,five
17681,five
17688,five
17689,five
17690,five
17691,five
17692,five
17705,five
17717,five
17718,five
17765,five
17766,five
17767,five
17768,five
17769,five
17773,five
17774,five
17775,five
17776,five
17777,five
17795,five
17823,five
17824,five
17825,five
17826,five
17827,five
17882,five
17907,five
17908,five
17912,five
17913,five
17931,five
17932,five
17933,five
18036,five
18063,five
18064,five
18065,five
18066,five
18078,five
18086,five
18123,five
18124,five
18125,five
18126,five
18127,five
18128,five
18129,five
18130,five
18131,five
18132,five
18133,five
18134,five
18154,five
18155,five
18156,five
18157,five
18158,five
18167,five
18168,five
18169,five
18170,five
18171,five
18183,five
18212,five
18213,five
18214,five
18215,five
18216,five
18217,five
18227,five
18228,five
18229,five
18230,five
18231,five
18259,five
18260,five
18261,five
18262,five
18263,five
18264,five
18265,five
18266,five
18291,five
18311,five
18312,five
18313,five
18314,five
18339,five
18340,five
18341,five
18342,five
18343,five
18354,five
18355,five
18356,five
18357,five
18358,five
18391,five
18392,five
18393,five
18394,five
18395,five
18408,five
18437,five
18447,five
18448,five
18449,five
18460,five
18469,five
18478,five
18479,five
18505,five
18506,five
18559,five
18572,five
18573,five
18574,five
18575,five
18576,five
18604,five
18611,five
18628,five
18639,five
18640,five
18646,five
18649,five
18650,five
18652,five
18679,five
18680,five
18691,five
18709,five
18710,five
18711,five
18718,five
18719,five
18720,five
18721,five
18749,five
18750,five
18751,five
18752,five
18753,five
18812,five
18813,five
18814,five
18839,five
18840,five
18856,five
18886,five
18887,five
18888,five
18889,five
18890,five
18891,five
18892,five
18976,five
18995,five
18997,five
18998,five
18999,five
19000,five
19001,five
19051,five
19094,five
19095,five
19096,five
19097,five
19098,five
19103,five
19104,five
19105,five
19106,five
19107,five
19131,five
19132,five
19133,five
19134,five
19135,five
19142,five
19143,five
19153,five
19154,five
19155,five
19193,five
19194,five
19204,five
19242,five
19243,five
19244,five
19245,five
19253,five
19268,five
19269,five
19270,five
19271,five
19272,five
19294,five
19369,five
19370,five
19373,five
19381,five
19382,five
19383,five
19416,five
19417,five
19418,five
19428,five
19548,five
19562,five
19563,five
19564,five
19565,five
19566,five
19567,five
19568,five
19594,five
19623,five
19671,five
19672,five
19673,five
19674,five
19675,five
19681,five
19708,five
19709,five
19717,five
19718,five
19730,five
19731,five
19764,five
19765,five
19822,five
19823,five
19824,five
19892,five
19902,five
19903,five
19904,five
19905,five
19906,five
19909,five
19910,five
19911,five
19912,five
19920,five
19921,five
19922,five
19923,five
19924,five
19946,five
19947,five
19969,five
19973,five
19991,five
19992,five
19993,five
19994,five
19995,five
19999,five
20045,five
20046,five
20082,five
20083,five
20084,five
20085,five
20086,five
20135,five
20136,five
20137,five
20138,five
20139,five
20144,five
20145,five
20146,five
20147,five
20148,five
20194,five
20205,five
20221,five
20222,five
20257,five
20260,five
20261,five
20262,five
20263,five
20264,five
20291,five
20292,five
20307,five
20308,five
20309,five
20343,five
20415,five
20416,five
20441,five
20442,five
20443,five
20560,five
20561,five
20591,five
20672,five
20673,five
20674,five
20750,five
20754,five
20755,five
20756,five
20757,five
20758,five
20767,five
20778,five
20822,five
20825,five
20826,five
20934,five
20935,five
20936,five
20937,five
20938,five
20943,five
20944,five
20945,five
20946,five
20947,five
20974,five
21007,five
21026,five
21027,five
21028,five
21029,five
21035,five
21036,five
21045,five
21046,five
21047,five
21048,five
21049,five
21066,five
21067,five
21068,five
21069,five
21077,five
21103,five
21104,five
21130,five
21131,five
21132,five
21133,five
21229,five
21230,five
21231,five
21232,five
21233,five
21234,five
21243,five
21244,five
21273,five
21274,five
21275,five
21276,five
21285,five
21306,five
21307,five
21308,five
21316,five
21317,five
21400,five
21482,five
21483,five
21484,five
21485,five
21486,five
21504,five
21505,five
21506,five
21507,five
21508,five
21528,five
21529,five
21562,five
21563,five
21564,five
21565,five
21566,five
21574,five
21600,five
21601,five
21602,five
21603,five
21653,five
21654,five
21655,five
21656,five
21688,follow
21689,follow
21690,follow
21691,follow
21692,follow
21720,follow
21721,follow
21722,follow
21723,follow
21724,follow
21725,follow
21726,follow
21727,follow
21728,follow
21806,follow
21807,follow
21846,follow
21847,follow
21848,follow
21849,follow
21850,follow
21869,follow
21870,follow
21871,follow
21872,follow
21873,follow
21874,follow
21875,follow
21876,follow
21877,follow
21878,follow
21879,follow
21880,follow
21881,follow
21882,follow
21892,follow
21893,follow
21894,follow
21895,follow
21896,follow
21914,follow
21915,follow
21916,follow
21917,follow
21918,follow
21932,follow
21933,follow
21934,follow
21935,follow
21936,follow
21937,follow
21943,follow
21955,follow
21956,follow
21957,follow
21958,follow
21959,follow
21962,follow
21963,follow
21964,follow
21965,follow
21966,follow
22028,follow
22057,follow
22058,follow
22059,follow
22060,follow
22151,follow
22169,follow
22170,follow
22182,follow
22183,follow
22184,follow
22185,follow
22186,follow
22223,follow
22224,follow
22225,follow
22253,follow
22254,follow
22314,follow
22315,follow
22316,follow
22319,follow
22320,follow
22321,follow
22322,follow
22426,follow
22431,follow
22432,follow
22433,follow
22434,follow
22435,follow
22436,follow
22483,follow
22484,follow
22485,follow
22530,follow
22531,follow
22532,follow
22533,follow
22534,follow
22542,follow
22577,follow
22578,follow
22579,follow
22580,follow
22581,follow
22609,follow
22610,follow
22611,follow
22612,follow
22614,follow
22658,follow
22659,follow
22660,follow
22675,follow
22676,follow
22677,follow
22751,follow
22926,follow
22927,follow
22928,follow
22929,follow
22930,follow
22963,follow
22964,follow
22965,follow
22966,follow
22971,follow
22972,follow
22973,follow
22977,follow
22978,follow
22979,follow
23035,follow
23036,follow
23037,follow
23038,follow
23042,follow
23051,follow
23052,follow
23053,follow
23054,follow
23066,follow
23163,follow
23164,follow
23165,follow
23166,follow
23167,follow
23191,follow
23192,follow
23193,follow
23194,follow
23195,follow
23211,follow
23212,follow
23213,follow
23214,follow
23215,follow
23247,forward
23248,forward
23265,forward
23266,forward
23267,forward
23268,forward
23269,forward
23270,forward
23275,forward
23280,forward
23281,forward
23290,forward
23291,forward
23292,forward
23293,forward
23294,forward
23295,forward
23296,forward
23297,forward
23406,forward
23407,forward
23408,forward
23409,forward
23428,forward
23429,forward
23430,forward
23431,forward
23432,forward
23433,forward
23434,forward
23435,forward
23436,forward
23437,forward
23438,forward
23439,forward
23451,forward
23452,forward
23453,forward
23454,forward
23455,forward
23463,forward
23473,forward
23474,forward
23475,forward
23476,forward
23490,forward
23491,forward
23492,forward
23493,forward
23494,forward
23495,forward
23496,forward
23497,forward
23498,forward
23504,forward
23521,forward
23522,forward
23523,forward
23524,forward
23525,forward
23530,forward
23531,forward
23532,forward
23593,forward
23594,forward
23600,forward
23625,forward
23626,forward
23627,forward
23628,forward
23629,forward
23645,forward
23656,forward
23737,forward
23738,forward
23739,forward
23740,forward
23741,forward
23778,forward
23779,forward
23780,forward
23781,forward
23782,forward
23788,forward
23837,forward
23889,forward
23890,forward
23891,forward
23892,forward
23969,forward
24003,forward
24010,forward
24011,forward
24012,forward
24013,forward
24014,forward
24015,forward
24115,forward
24116,forward
24117,forward
24118,forward
24166,forward
24167,forward
24168,forward
24169,forward
24170,forward
24199,forward
24200,forward
24201,forward
24202,forward
24203,forward
24239,forward
24253,forward
24254,forward
24255,forward
24256,forward
24419,forward
24484,forward
24485,forward
24486,forward
24487,forward
24522,forward
24523,forward
24524,forward
24525,forward
24526,forward
24532,forward
24533,forward
24534,forward
24535,forward
24536,forward
24540,forward
24541,forward
24542,forward
24543,forward
24544,forward
24596,forward
24597,forward
24598,forward
24599,forward
24600,forward
24606,forward
24616,forward
24617,forward
24618,forward
24721,forward
24722,forward
24723,forward
24724,forward
24748,forward
24749,forward
24766,forward
24767,forward
24768,forward
24769,forward
24806,four
24811,four
24812,four
24859,four
24860,four
24868,four
24869,four
24870,four
24871,four
24882,four
24883,four
24884,four
24885,four
24888,four
24897,four
24933,four
24942,four
24943,four
24944,four
24945,four
24946,four
24952,four
24953,four
24954,four
24955,four
24967,four
24971,four
24999,four
25000,four
25001,four
25041,four
25066,four
25093,four
25119,four
25213,four
25214,four
25215,four
25216,four
25217,four
25236,four
25244,four
25245,four
25279,four
25291,four
25292,four
25293,four
25294,four
25295,four
25296,four
25297,four
25298,four
25299,four
25300,four
25301,four
25302,four
25303,four
25318,four
25319,four
25320,four
25321,four
25322,four
25333,four
25334,four
25335,four
25336,four
25337,four
25375,four
25376,four
25377,four
25378,four
25393,four
25394,four
25395,four
25396,four
25397,four
25417,four
25418,four
25419,four
25420,four
25421,four
25422,four
25423,four
25448,four
25449,four
25450,four
25471,four
25472,four
25473,four
25474,four
25475,four
25479,four
25480,four
25508,four
25509,four
25510,four
25511,four
25552,four
25581,four
25582,four
25595,four
25608,four
25634,four
25635,four
25639,four
25654,four
25655,four
25677,four
25688,four
25689,four
25690,four
25691,four
25725,four
25730,four
25731,four
25732,four
25742,four
25759,four
25787,four
25788,four
25798,four
25814,four
25815,four
25816,four
25822,four
25823,four
25826,four
25827,four
25844,four
25868,four
25869,four
25870,four
25871,four
25872,four
25891,four
25892,four
25918,four
25931,four
25951,four
25952,four
25976,four
25977,four
25978,four
25979,four
25980,four
25981,four
25982,four
25983,four
25995,four
25996,four
26049,four
26050,four
26061,four
26076,four
26077,four
26078,four
26079,four
26080,four
26119,four
26120,four
26179,four
26180,four
26181,four
26187,four
26188,four
26209,four
26210,four
26211,four
26212,four
26213,four
26223,four
26227,four
26239,four
26240,four
26275,four
26278,four
26313,four
26314,four
26315,four
26338,four
26339,four
26340,four
26341,four
26342,four
26361,four
26362,four
26427,four
26428,four
26432,four
26433,four
26434,four
26435,four
26445,four
26446,four
26478,four
26485,four
26598,four
26603,four
26606,four
26607,four
26608,four
26609,four
26610,four
26626,four
26639,four
26640,four
26674,four
26718,four
26719,four
26720,four
26721,four
26728,four
26754,four
26755,four
26777,four
26778,four
26788,four
26789,four
26811,four
26826,four
26827,four
26859,four
26868,four
26927,four
26932,four
26933,four
26934,four
26935,four
26939,four
26952,four
26953,four
26954,four
26971,four
26972,four
26997,four
26998,four
27015,four
27016,four
27017,four
27018,four
27020,four
27053,four
27081,four
27082,four
27083,four
27084,four
27085,four
27126,four
27131,four
27132,four
27164,four
27178,four
27179,four
27189,four
27190,four
27209,four
27210,four
27242,four
27243,four
27244,four
27267,four
27268,four
27279,four
27280,four
27281,four
27282,four
27283,four
27295,four
27296,four
27309,four
27396,four
27397,four
27398,four
27399,four
27510,four
27622,four
27673,four
27674,four
27678,four
27679,four
27680,four
27681,four
27698,four
27699,four
27700,four
27738,four
27739,four
27740,four
27741,four
27742,four
27743,four
27854,four
27855,four
27856,four
27859,four
27860,four
27861,four
27862,four
27863,four
27866,four
27867,four
27891,four
27942,four
27943,four
27944,four
27945,four
27951,four
27952,four
27962,four
27963,four
27964,four
27965,four
27966,four
27981,four
27982,four
27983,four
28011,four
28037,four
28038,four
28039,four
28136,four
28138,four
28139,four
28140,four
28141,four
28149,four
28178,four
28186,four
28187,four
28190,four
28191,four
28192,four
28193,four
28194,four
28195,four
28207,four
28208,four
28234,four
28252,four
28253,four
28254,four
28308,four
28311,four
28337,four
28338,four
28372,four
28384,four
28385,four
28386,four
28387,four
28388,four
28401,four
28402,four
28403,four
28404,four
28424,four
28425,four
28441,four
28442,four
28443,four
28444,four
28450,four
28475,four
28476,four
28477,four
28478,four
28497,four
28498,four
28499,four
28515,four
28516,four
28517,four
28518,four
28519,four
28524,go
28542,go
28566,go
28581,go
28582,go
28613,go
28614,go
28615,go
28616,go
28617,go
28632,go
28633,go
28663,go
28684,go
28695,go
28696,go
28697,go
28698,go
28699,go
28706,go
28707,go
28708,go
28709,go
28719,go
28723,go
28724,go
28757,go
28758,go
28759,go
28760,go
28769,go
28791,go
28792,go
28793,go
28807,go
28808,go
28809,go
28833,go
28840,go
28841,go
28893,go
28895,go
28896,go
28897,go
28909,go
28963,go
28990,go
28991,go
28992,go
28993,go
29004,go
29033,go
29034,go
29046,go
29047,go
29048,go
29049,go
29050,go
29051,go
29052,go
29053,go
29054,go
29055,go
29056,go
29057,go
29058,go
29078,go
29079,go
29080,go
29081,go
29082,go
29092,go
29093,go
29094,go
29095,go
29096,go
29136,go
29137,go
29138,go
29139,go
29140,go
29141,go
29142,go
29157,go
29158,go
29159,go
29160,go
29184,go
29185,go
29186,go
29187,go
29188,go
29189,go
29190,go
29191,go
29192,go
29193,go
29222,go
29223,go
29224,go
29225,go
29244,go
29245,go
29246,go
29247,go
29248,go
29258,go
29259,go
29260,go
29261,go
29262,go
29299,go
29300,go
29301,go
29302,go
29315,go
29345,go
29370,go
29384,go
29385,go
29386,go
29396,go
29427,go
29428,go
29474,go
29475,go
29487,go
29488,go
29489,go
29490,go
29491,go
29524,go
29530,go
29545,go
29546,go
29551,go
29552,go
29571,go
29572,go
29575,go
29608,go
29621,go
29623,go
29624,go
29631,go
29632,go
29633,go
29677,go
29678,go
29679,go
29680,go
29681,go
29696,go
29702,go
29744,go
29766,go
29767,go
29768,go
29769,go
29789,go
29790,go
29791,go
29792,go
29793,go
29794,go
29795,go
29796,go
29811,go
29875,go
29900,go
29902,go
29903,go
29904,go
29905,go
29906,go
29998,go
29999,go
30000,go
30004,go
30005,go
30006,go
30007,go
30030,go
30031,go
30032,go
30033,go
30040,go
30041,go
30049,go
30050,go
30052,go
30062,go
30102,go
30137,go
30142,go
30143,go
30144,go
30145,go
30146,go
30147,go
30148,go
30149,go
30162,go
30163,go
30164,go
30165,go
30166,go
30188,go
30259,go
30290,go
30302,go
30303,go
30410,go
30424,go
30426,go
30427,go
30428,go
30429,go
30430,go
30454,go
30516,go
30517,go
30518,go
30519,go
30520,go
30521,go
30522,go
30527,go
30528,go
30529,go
30549,go
30550,go
30556,go
30557,go
30558,go
30574,go
30575,go
30597,go
30616,go
30617,go
30656,go
30657,go
30658,go
30718,go
30719,go
30720,go
30722,go
30732,go
30733,go
30734,go
30735,go
30757,go
30789,go
30790,go
30802,go
30803,go
30804,go
30805,go
30806,go
30807,go
30808,go
30839,go
30856,go
30873,go
30874,go
30875,go
30876,go
30921,go
30922,go
30923,go
30924,go
30935,go
30963,go
30964,go
30976,go
30977,go
30988,go
31008,go
31009,go
31019,go
31035,go
31037,go
31038,go
31039,go
31040,go
31071,go
31086,go
31087,go
31099,go
31100,go
31200,go
31211,go
31219,go
31221,go
31330,go
31331,go
31458,go
31459,go
31525,go
31526,go
31528,go
31529,go
31530,go
31531,go
31706,go
31707,go
31708,go
31709,go
31713,go
31714,go
31715,go
31716,go
31717,go
31811,go
31812,go
31813,go
31814,go
31815,go
31829,go
31830,go
31831,go
31857,go
31858,go
31859,go
31860,go
31861,go
31879,go
31919,go
31920,go
31921,go
31922,go
32009,go
32010,go
32011,go
32012,go
32013,go
32017,go
32018,go
32019,go
32020,go
32021,go
32022,go
32031,go
32051,go
32052,go
32053,go
32059,go
32060,go
32061,go
32062,go
32063,go
32076,go
32077,go
32100,go
32116,go
32161,go
32165,go
32243,go
32244,go
32245,go
32246,go
32247,go
32261,go
32262,go
32263,go
32264,go
32281,go
32282,go
32283,go
32284,go
32310,go
32315,go
32316,go
32317,go
32318,go
32319,go
32324,go
32325,go
32358,go
32359,go
32360,go
32361,go
32397,go
32398,go
32399,go
32400,go
32409,happy
32413,happy
32423,happy
32443,happy
32447,happy
32452,happy
32453,happy
32454,happy
32455,happy
32473,happy
32474,happy
32485,happy
32486,happy
32493,happy
32494,happy
32499,happy
32510,happy
32514,happy
32578,happy
32579,happy
32580,happy
32581,happy
32594,happy
32635,happy
32671,happy
32676,happy
32682,happy
32708,happy
32712,happy
32724,happy
32735,happy
32754,happy
32761,happy
32782,happy
32786,happy
32799,happy
32809,happy
32810,happy
32813,happy
32822,happy
32836,happy
32837,happy
32849,happy
32850,happy
32857,happy
32858,happy
32863,happy
32876,happy
32877,happy
32880,happy
32892,happy
32894,happy
32909,happy
32910,happy
32914,happy
32915,happy
32916,happy
32924,happy
32936,happy
32937,happy
32938,happy
32944,happy
32955,happy
32956,happy
32960,happy
32963,happy
32985,happy
32993,happy
32994,happy
33007,happy
33008,happy
33009,happy
33013,happy
33014,happy
33021,happy
33029,happy
33035,happy
33036,happy
33037,happy
33053,happy
33054,happy
33062,happy
33104,happy
33123,happy
33144,happy
33162,happy
33167,happy
33169,happy
33183,happy
33186,happy
33192,happy
33193,happy
33195,happy
33202,happy
33203,happy
33214,happy
33215,happy
33216,happy
33249,happy
33308,happy
33309,happy
33313,happy
33314,happy
33318,happy
33337,happy
33338,happy
33400,happy
33401,happy
33405,happy
33406,happy
33408,happy
33450,happy
33461,happy
33462,happy
33463,happy
33468,happy
33469,happy
33470,happy
33485,happy
33489,happy
33495,happy
33498,happy
33499,happy
33512,happy
33515,happy
33516,happy
33526,happy
33527,happy
33549,happy
33558,happy
33559,happy
33560,happy
33591,happy
33601,happy
33612,happy
33613,happy
33614,happy
33617,happy
33621,happy
33623,happy
33650,happy
33662,happy
33679,happy
33689,happy
33690,happy
33691,happy
33712,happy
33713,happy
33750,happy
33758,happy
33764,happy
33765,happy
33774,happy
33775,happy
33781,happy
33782,happy
33799,happy
33853,happy
33856,happy
33859,happy
33904,happy
33905,happy
33946,happy
33958,happy
33992,happy
33993,happy
33996,happy
34002,happy
34003,happy
34004,happy
34023,happy
34024,happy
34065,happy
34067,happy
34069,happy
34070,happy
34131,happy
34137,happy
34146,happy
34151,happy
34170,happy
34213,happy
34215,happy
34216,happy
34220,happy
34232,happy
34251,happy
34270,happy
34274,happy
34275,happy
34279,happy
34307,happy
34308,happy
34311,happy
34350,happy
34351,happy
34357,happy
34379,happy
34389,happy
34390,happy
34406,happy
34407,happy
34411,happy
34414,happy
34422,happy
34453,happy
34456,house
34457,house
34458,house
34463,house
34464,house
34470,house
34475,house
34479,house
34480,house
34482,house
34504,house
34509,house
34549,house
34553,house
34558,house
34559,house
34562,house
34583,house
34587,house
34596,house
34597,house
34643,house
34652,house
34690,house
34691,house
34705,house
34719,house
34721,house
34722,house
34747,house
34748,house
34763,house
34770,house
34792,house
34797,house
34806,house
34834,house
34843,house
34858,house
34863,house
34889,house
34890,house
34896,house
34897,house
34938,house
34942,house
34955,house
34956,house
34957,house
34958,house
34962,house
34974,house
34975,house
34982,house
34983,house
34994,house
34997,house
35003,house
35004,house
35010,house
35014,house
35015,house
35024,house
35032,house
35033,house
35043,house
35044,house
35048,house
35049,house
35051,house
35075,house
35076,house
35077,house
35097,house
35111,house
35122,house
35135,house
35147,house
35172,house
35177,house
35178,house
35186,house
35187,house
35198,house
35228,house
35234,house
35235,house
35241,house
35243,house
35244,house
35262,house
35264,house
35265,house
35281,house
35282,house
35283,house
35287,house
35294,house
35295,house
35309,house
35319,house
35368,house
35369,house
35388,house
35389,house
35394,house
35395,house
35396,house
35397,house
35491,house
35492,house
35494,house
35495,house
35496,house
35499,house
35501,house
35506,house
35507,house
35508,house
35509,house
35518,house
35533,house
35560,house
35561,house
35562,house
35563,house
35566,house
35567,house
35596,house
35597,house
35606,house
35607,house
35630,house
35631,house
35652,house
35660,house
35661,house
35662,house
35685,house
35686,house
35690,house
35691,house
35694,house
35713,house
35726,house
35730,house
35737,house
35763,house
35776,house
35779,house
35796,house
35809,house
35831,house
35832,house
35838,house
35839,house
35840,house
35843,house
35887,house
35898,house
35899,house
35900,house
35910,house
35911,house
35912,house
35937,house
35938,house
35939,house
35940,house
35986,house
36041,house
36042,house
36061,house
36062,house
36106,house
36107,house
36138,house
36143,house
36144,house
36145,house
36168,house
36217,house
36220,house
36223,house
36281,house
36292,house
36295,house
36296,house
36297,house
36302,house
36303,house
36320,house
36372,house
36373,house
36406,house
36411,house
36412,house
36421,house
36426,house
36432,house
36492,house
36493,house
36496,house
36506,house
36515,house
36516,house
36517,house
36528,house
36531,house
36543,house
36564,house
36568,learn
36579,learn
36594,learn
36595,learn
36596,learn
36597,learn
36598,learn
36605,learn
36623,learn
36624,learn
36625,learn
36626,learn
36627,learn
36628,learn
36629,learn
36630,learn
36631,learn
36632,learn
36716,learn
36758,learn
36759,learn
36760,learn
36763,learn
36764,learn
36776,learn
36777,learn
36778,learn
36779,learn
36780,learn
36781,learn
36782,learn
36783,learn
36784,learn
36785,learn
36786,learn
36787,learn
36788,learn
36789,learn
36800,learn
36801,learn
36802,learn
36803,learn
36804,learn
36808,learn
36820,learn
36821,learn
36822,learn
36823,learn
36838,learn
36839,learn
36840,learn
36841,learn
36842,learn
36843,learn
36848,learn
36850,learn
36851,learn
36862,learn
36863,learn
36864,learn
36869,learn
36926,learn
36927,learn
36928,learn
36955,learn
36956,learn
36957,learn
36958,learn
36979,learn
36990,learn
37071,learn
37087,learn
37088,learn
37089,learn
37090,learn
37091,learn
37126,learn
37127,learn
37128,learn
37129,learn
37130,learn
37162,learn
37188,learn
37189,learn
37245,learn
37246,learn
37247,learn
37248,learn
37249,learn
37311,learn
37312,learn
37343,learn
37349,learn
37350,learn
37351,learn
37352,learn
37353,learn
37398,learn
37444,learn
37445,learn
37446,learn
37447,learn
37448,learn
37497,learn
37498,learn
37499,learn
37500,learn
37525,learn
37526,learn
37527,learn
37528,learn
37529,learn
37531,learn
37532,learn
37533,learn
37534,learn
37535,learn
37543,learn
37573,learn
37588,learn
37838,learn
37839,learn
37840,learn
37841,learn
37842,learn
37873,learn
37874,learn
37875,learn
37881,learn
37882,learn
37883,learn
37888,learn
37889,learn
37890,learn
37891,learn
37892,learn
37946,learn
37947,learn
37948,learn
37952,learn
37962,learn
37963,learn
37964,learn
37965,learn
37982,learn
38072,learn
38073,learn
38074,learn
38075,learn
38099,learn
38100,learn
38101,learn
38102,learn
38117,learn
38118,learn
38119,learn
38120,learn
38143,left
38146,left
38169,left
38186,left
38187,left
38190,left
38191,left
38192,left
38220,left
38221,left
38231,left
38232,left
38233,left
38234,left
38235,left
38244,left
38273,left
38274,left
38297,left
38298,left
38299,left
38300,left
38301,left
38307,left
38308,left
38309,left
38310,left
38311,left
38322,left
38323,left
38328,left
38356,left
38357,left
38358,left
38359,left
38360,left
38368,left
38369,left
38370,left
38387,left
38404,left
38429,left
38447,left
38448,left
38449,left
38479,left
38481,left
38482,left
38494,left
38544,left
38545,left
38572,left
38573,left
38574,left
38575,left
38587,left
38619,left
38629,left
38630,left
38631,left
38632,left
38633,left
38634,left
38635,left
38636,left
38637,left
38655,left
38656,left
38657,left
38658,left
38659,left
38670,left
38671,left
38672,left
38673,left
38674,left
38688,left
38717,left
38718,left
38719,left
38720,left
38733,left
38734,left
38735,left
38736,left
38737,left
38763,left
38764,left
38765,left
38766,left
38767,left
38768,left
38769,left
38770,left
38805,left
38806,left
38807,left
38808,left
38809,left
38831,left
38832,left
38833,left
38834,left
38841,left
38842,left
38843,left
38881,left
38882,left
38883,left
38884,left
38885,left
38955,left
38956,left
38957,left
38958,left
38963,left
38964,left
38998,left
38999,left
39000,left
39001,left
39002,left
39011,left
39050,left
39063,left
39064,left
39065,left
39066,left
39096,left
39097,left
39101,left
39118,left
39126,left
39131,left
39132,left
39145,left
39149,left
39166,left
39172,left
39181,left
39193,left
39194,left
39195,left
39205,left
39206,left
39208,left
39241,left
39242,left
39243,left
39244,left
39245,left
39294,left
39295,left
39296,left
39297,left
39310,left
39311,left
39312,left
39317,left
39331,left
39332,left
39357,left
39358,left
39359,left
39360,left
39361,left
39436,left
39448,left
39449,left
39450,left
39468,left
39469,left
39470,left
39472,left
39473,left
39474,left
39475,left
39516,left
39560,left
39566,left
39567,left
39568,left
39569,left
39574,left
39575,left
39576,left
39577,left
39578,left
39597,left
39598,left
39599,left
39600,left
39601,left
39616,left
39626,left
39657,left
39658,left
39671,left
39672,left
39673,left
39707,left
39714,left
39715,left
39731,left
39732,left
39733,left
39734,left
39735,left
39754,left
39812,left
39818,left
39848,left
39856,left
39970,left
39971,left
39979,left
39980,left
39981,left
39982,left
39989,left
39990,left
39992,left
39993,left
40084,left
40085,left
40086,left
40087,left
40088,left
40131,left
40132,left
40133,left
40145,left
40196,left
40243,left
40288,left
40296,left
40297,left
40298,left
40299,left
40301,left
40302,left
40311,left
40312,left
40313,left
40314,left
40315,left
40334,left
40376,left
40377,left
40378,left
40379,left
40380,left
40384,left
40426,left
40444,left
40462,left
40463,left
40464,left
40465,left
40466,left
40508,left
40509,left
40510,left
40511,left
40519,left
40520,left
40521,left
40522,left
40523,left
40524,left
40547,left
40548,left
40587,left
40595,left
40618,left
40619,left
40621,left
40622,left
40623,left
40624,left
40648,left
40667,left
40690,left
40766,left
40786,left
40788,left
40899,left
41008,left
41009,left
41055,left
41058,left
41059,left
41060,left
41061,left
41062,left
41072,left
41126,left
41127,left
41155,left
41239,left
41240,left
41241,left
41242,left
41243,left
41249,left
41250,left
41251,left
41252,left
41253,left
41284,left
41285,left
41286,left
41325,left
41339,left
41340,left
41341,left
41355,left
41356,left
41357,left
41358,left
41359,left
41372,left
41373,left
41374,left
41375,left
41382,left
41383,left
41389,left
41390,left
41408,left
41440,left
41441,left
41442,left
41443,left
41536,left
41537,left
41538,left
41539,left
41540,left
41575,left
41576,left
41577,left
41578,left
41579,left
41587,left
41588,left
41589,left
41607,left
41614,left
41615,left
41616,left
41691,left
41759,left
41771,left
41772,left
41773,left
41774,left
41775,left
41791,left
41792,left
41793,left
41794,left
41795,left
41819,left
41849,left
41854,left
41855,left
41856,left
41857,left
41858,left
41863,left
41864,left
41888,left
41889,left
41890,left
41891,left
41892,left
41941,left
41942,left
41943,left
41944,marvin
41945,marvin
41946,marvin
41947,marvin
41958,marvin
41969,marvin
41971,marvin
41977,marvin
41980,marvin
42003,marvin
42004,marvin
42012,marvin
42017,marvin
42018,marvin
42035,marvin
42040,marvin
42066,marvin
42074,marvin
42075,marvin
42086,marvin
42092,marvin
42093,marvin
42094,marvin
42106,marvin
42120,marvin
42121,marvin
42170,marvin
42200,marvin
42217,marvin
42224,marvin
42234,marvin
42239,marvin
42262,marvin
42272,marvin
42273,marvin
42313,marvin
42322,marvin
42341,marvin
42349,marvin
42370,marvin
42373,marvin
42378,marvin
42387,marvin
42402,marvin
42405,marvin
42421,marvin
42422,marvin
42432,marvin
42441,marvin
42443,marvin
42446,marvin
42447,marvin
42457,marvin
42471,marvin
42474,marvin
42475,marvin
42490,marvin
42491,marvin
42504,marvin
42506,marvin
42509,marvin
42511,marvin
42544,marvin
42560,marvin
42565,marvin
42566,marvin
42569,marvin
42577,marvin
42578,marvin
42579,marvin
42590,marvin
42591,marvin
42608,marvin
42643,marvin
42654,marvin
42655,marvin
42684,marvin
42685,marvin
42699,marvin
42706,marvin
42708,marvin
42717,marvin
42725,marvin
42726,marvin
42732,marvin
42748,marvin
42786,marvin
42787,marvin
42790,marvin
42800,marvin
42813,marvin
42814,marvin
42848,marvin
42849,marvin
42850,marvin
42868,marvin
42869,marvin
42940,marvin
42941,marvin
42943,marvin
42946,marvin
42951,marvin
42952,marvin
42953,marvin
42961,marvin
42980,marvin
43012,marvin
43013,marvin
43014,marvin
43015,marvin
43033,marvin
43034,marvin
43037,marvin
43038,marvin
43039,marvin
43044,marvin
43046,marvin
43054,marvin
43076,marvin
43101,marvin
43102,marvin
43107,marvin
43140,marvin
43143,marvin
43145,marvin
43184,marvin
43185,marvin
43199,marvin
43216,marvin
43244,marvin
43252,marvin
43277,marvin
43280,marvin
43281,marvin
43312,marvin
43313,marvin
43329,marvin
43331,marvin
43332,marvin
43341,marvin
43342,marvin
43345,marvin
43346,marvin
43350,marvin
43351,marvin
43361,marvin
43362,marvin
43393,marvin
43400,marvin
43401,marvin
43402,marvin
43405,marvin
43421,marvin
43451,marvin
43452,marvin
43453,marvin
43454,marvin
43505,marvin
43506,marvin
43556,marvin
43557,marvin
43562,marvin
43570,marvin
43577,marvin
43578,marvin
43594,marvin
43595,marvin
43596,marvin
43597,marvin
43608,marvin
43609,marvin
43641,marvin
43649,marvin
43667,marvin
43712,marvin
43715,marvin
43727,marvin
43731,marvin
43736,marvin
43737,marvin
43754,marvin
43816,marvin
43820,marvin
43821,marvin
43822,marvin
43831,marvin
43840,marvin
43841,marvin
43846,marvin
43850,marvin
43854,marvin
43855,marvin
43856,marvin
43857,marvin
43866,marvin
43880,marvin
43907,marvin
43949,marvin
43950,marvin
43953,marvin
43965,marvin
43974,marvin
43987,marvin
43988,marvin
43989,marvin
43993,marvin
43995,marvin
43996,marvin
44012,marvin
44041,marvin
44044,nine
44055,nine
44056,nine
44057,nine
44075,nine
44076,nine
44077,nine
44078,nine
44079,nine
44094,nine
44118,nine
44119,nine
44127,nine
44128,nine
44129,nine
44130,nine
44131,nine
44145,nine
44147,nine
44179,nine
44200,nine
44205,nine
44206,nine
44207,nine
44208,nine
44214,nine
44215,nine
44216,nine
44217,nine
44218,nine
44238,nine
44272,nine
44273,nine
44274,nine
44275,nine
44276,nine
44284,nine
44285,nine
44300,nine
44379,nine
44380,nine
44381,nine
44382,nine
44421,nine
44422,nine
44436,nine
44512,nine
44513,nine
44514,nine
44515,nine
44516,nine
44537,nine
44543,nine
44578,nine
44586,nine
44587,nine
44588,nine
44589,nine
44590,nine
44591,nine
44592,nine
44593,nine
44594,nine
44595,nine
44596,nine
44597,nine
44598,nine
44623,nine
44624,nine
44625,nine
44626,nine
44627,nine
44636,nine
44637,nine
44638,nine
44639,nine
44640,nine
44687,nine
44688,nine
44689,nine
44702,nine
44703,nine
44728,nine
44729,nine
44730,nine
44731,nine
44732,nine
44733,nine
44734,nine
44735,nine
44736,nine
44737,nine
44738,nine
44739,nine
44759,nine
44782,nine
44783,nine
44805,nine
44806,nine
44807,nine
44808,nine
44809,nine
44816,nine
44817,nine
44818,nine
44819,nine
44820,nine
44843,nine
44844,nine
44845,nine
44846,nine
44847,nine
44889,nine
44903,nine
44904,nine
44905,nine
44915,nine
44933,nine
44934,nine
44956,nine
44957,nine
44958,nine
44959,nine
44960,nine
44970,nine
45011,nine
45022,nine
45023,nine
45024,nine
45025,nine
45061,nine
45062,nine
45063,nine
45074,nine
45075,nine
45081,nine
45096,nine
45098,nine
45099,nine
45119,nine
45129,nine
45149,nine
45150,nine
45151,nine
45152,nine
45153,nine
45183,nine
45184,nine
45185,nine
45186,nine
45209,nine
45242,nine
45243,nine
45259,nine
45263,nine
45264,nine
45311,nine
45312,nine
45313,nine
45314,nine
45315,nine
45316,nine
45317,nine
45318,nine
45339,nine
45396,nine
45411,nine
45413,nine
45414,nine
45454,nine
45515,nine
45516,nine
45517,nine
45518,nine
45519,nine
45524,nine
45525,nine
45526,nine
45551,nine
45552,nine
45553,nine
45554,nine
45568,nine
45572,nine
45582,nine
45583,nine
45610,nine
45623,nine
45627,nine
45674,nine
45675,nine
45686,nine
45687,nine
45688,nine
45689,nine
45690,nine
45717,nine
45786,nine
45787,nine
45788,nine
45796,nine
45797,nine
45828,nine
45840,nine
45841,nine
45842,nine
45843,nine
45948,nine
45960,nine
45962,nine
45963,nine
45964,nine
45965,nine
45966,nine
45990,nine
46022,nine
46023,nine
46024,nine
46056,nine
46070,nine
46071,nine
46072,nine
46073,nine
46074,nine
46075,nine
46082,nine
46083,nine
46084,nine
46108,nine
46109,nine
46118,nine
46119,nine
46132,nine
46142,nine
46161,nine
46220,nine
46226,nine
46234,nine
46274,nine
46283,nine
46284,nine
46285,nine
46286,nine
46287,nine
46294,nine
46295,nine
46296,nine
46297,nine
46298,nine
46321,nine
46345,nine
46371,nine
46372,nine
46373,nine
46374,nine
46375,nine
46376,nine
46377,nine
46424,nine
46425,nine
46442,nine
46443,nine
46444,nine
46445,nine
46446,nine
46495,nine
46496,nine
46497,nine
46498,nine
46499,nine
46514,nine
46515,nine
46516,nine
46517,nine
46534,nine
46571,nine
46572,nine
46583,nine
46646,nine
46648,nine
46649,nine
46650,nine
46651,nine
46652,nine
46681,nine
46689,nine
46690,nine
46692,nine
46693,nine
46703,nine
46792,nine
46810,nine
46811,nine
46812,nine
46813,nine
46814,nine
46850,nine
46924,nine
46957,nine
47015,nine
47016,nine
47108,nine
47112,nine
47113,nine
47114,nine
47115,nine
47126,nine
47137,nine
47175,nine
47176,nine
47177,nine
47179,nine
47283,nine
47284,nine
47285,nine
47286,nine
47291,nine
47292,nine
47293,nine
47294,nine
47295,nine
47299,nine
47300,nine
47330,nine
47377,nine
47378,nine
47379,nine
47380,nine
47395,nine
47396,nine
47397,nine
47398,nine
47399,nine
47416,nine
47417,nine
47418,nine
47419,nine
47420,nine
47427,nine
47435,nine
47454,nine
47473,nine
47474,nine
47475,nine
47476,nine
47477,nine
47562,nine
47564,nine
47565,nine
47566,nine
47567,nine
47568,nine
47569,nine
47570,nine
47571,nine
47579,nine
47599,nine
47605,nine
47609,nine
47610,nine
47611,nine
47612,nine
47613,nine
47614,nine
47628,nine
47629,nine
47649,nine
47650,nine
47658,nine
47659,nine
47804,nine
47814,nine
47815,nine
47816,nine
47817,nine
47818,nine
47830,nine
47831,nine
47832,nine
47833,nine
47855,nine
47856,nine
47878,nine
47883,nine
47884,nine
47885,nine
47886,nine
47887,nine
47894,nine
47922,nine
47923,nine
47924,nine
47971,nine
47972,nine
47973,nine
47974,nine
47975,nine
47996,no
48005,no
48011,no
48012,no
48013,no
48014,no
48021,no
48043,no
48053,no
48054,no
48055,no
48056,no
48057,no
48068,no
48069,no
48070,no
48072,no
48101,no
48102,no
48120,no
48121,no
48122,no
48129,no
48130,no
48131,no
48132,no
48133,no
48137,no
48138,no
48139,no
48154,no
48161,no
48192,no
48193,no
48194,no
48195,no
48196,no
48235,no
48236,no
48270,no
48295,no
48296,no
48357,no
48439,no
48440,no
48441,no
48442,no
48443,no
48495,no
48496,no
48497,no
48498,no
48499,no
48500,no
48501,no
48502,no
48503,no
48504,no
48505,no
48506,no
48507,no
48508,no
48526,no
48527,no
48528,no
48529,no
48530,no
48544,no
48545,no
48546,no
48547,no
48548,no
48596,no
48597,no
48598,no
48599,no
48600,no
48601,no
48602,no
48603,no
48617,no
48618,no
48619,no
48620,no
48621,no
48644,no
48645,no
48646,no
48647,no
48648,no
48649,no
48650,no
48651,no
48652,no
48653,no
48654,no
48655,no
48672,no
48679,no
48680,no
48681,no
48682,no
48696,no
48707,no
48708,no
48709,no
48710,no
48711,no
48720,no
48721,no
48722,no
48723,no
48724,no
48750,no
48751,no
48752,no
48753,no
48804,no
48813,no
48861,no
48871,no
48886,no
48926,no
48927,no
48928,no
48929,no
48965,no
48977,no
48978,no
48987,no
48991,no
49003,no
49004,no
49019,no
49025,no
49028,no
49046,no
49047,no
49048,no
49050,no
49087,no
49088,no
49089,no
49090,no
49091,no
49106,no
49144,no
49172,no
49177,no
49178,no
49199,no
49200,no
49201,no
49202,no
49203,no
49226,no
49311,no
49312,no
49322,no
49323,no
49324,no
49325,no
49326,no
49353,no
49421,no
49422,no
49423,no
49424,no
49425,no
49429,no
49430,no
49431,no
49432,no
49453,no
49454,no
49455,no
49456,no
49457,no
49464,no
49467,no
49468,no
49480,no
49481,no
49482,no
49483,no
49511,no
49520,no
49562,no
49570,no
49572,no
49573,no
49574,no
49593,no
49594,no
49595,no
49596,no
49597,no
49615,no
49675,no
49680,no
49691,no
49721,no
49722,no
49723,no
49729,no
49842,no
49854,no
49855,no
49856,no
49857,no
49858,no
49880,no
49904,no
49905,no
49906,no
49959,no
49960,no
49961,no
49962,no
49963,no
49964,no
49965,no
49966,no
49972,no
50008,no
50009,no
50010,no
50011,no
50021,no
50032,no
50067,no
50121,no
50122,no
50133,no
50134,no
50135,no
50136,no
50146,no
50183,no
50184,no
50185,no
50186,no
50192,no
50209,no
50210,no
50211,no
50212,no
50213,no
50283,no
50284,no
50285,no
50286,no
50287,no
50288,no
50289,no
50324,no
50337,no
50350,no
50351,no
50352,no
50353,no
50354,no
50404,no
50405,no
50406,no
50407,no
50408,no
50414,no
50415,no
50416,no
50417,no
50481,no
50482,no
50535,no
50537,no
50538,no
50553,no
50568,no
50569,no
50570,no
50579,no
50580,no
50584,no
50585,no
50601,no
50602,no
50623,no
50624,no
50716,no
50717,no
50749,no
50828,no
50829,no
50862,no
50923,no
50957,no
51034,no
51035,no
51039,no
51040,no
51041,no
51042,no
51043,no
51056,no
51067,no
51068,no
51069,no
51070,no
51071,no
51116,no
51118,no
51149,no
51236,no
51237,no
51238,no
51239,no
51240,no
51245,no
51246,no
51247,no
51248,no
51249,no
51250,no
51328,no
51329,no
51330,no
51331,no
51336,no
51347,no
51348,no
51349,no
51350,no
51351,no
51366,no
51367,no
51368,no
51369,no
51370,no
51376,no
51396,no
51423,no
51424,no
51425,no
51426,no
51427,no
51517,no
51518,no
51519,no
51520,no
51524,no
51534,no
51558,no
51559,no
51563,no
51564,no
51565,no
51566,no
51567,no
51578,no
51579,no
51602,no
51603,no
51604,no
51622,no
51680,no
51756,no
51757,no
51758,no
51759,no
51777,no
51778,no
51779,no
51780,no
51781,no
51800,no
51801,no
51823,no
51824,no
51828,no
51829,no
51830,no
51831,no
51832,no
51839,no
51863,no
51864,no
51865,no
51866,no
51867,no
51891,no
51914,no
51915,no
51916,no
51917,no
51919,off
51922,off
51932,off
51933,off
51952,off
51960,off
51995,off
51996,off
51997,off
51998,off
51999,off
52008,off
52009,off
52010,off
52036,off
52037,off
52066,off
52067,off
52068,off
52069,off
52070,off
52077,off
52078,off
52079,off
52080,off
52081,off
52127,off
52128,off
52129,off
52137,off
52198,off
52201,off
52202,off
52225,off
52258,off
52259,off
52260,off
52269,off
52270,off
52326,off
52327,off
52328,off
52352,off
52353,off
52354,off
52355,off
52371,off
52398,off
52414,off
52415,off
52416,off
52417,off
52418,off
52419,off
52420,off
52437,off
52438,off
52439,off
52440,off
52441,off
52452,off
52453,off
52466,off
52490,off
52491,off
52492,off
52493,off
52494,off
52505,off
52506,off
52507,off
52508,off
52509,off
52529,off
52530,off
52531,off
52532,off
52533,off
52534,off
52535,off
52536,off
52537,off
52538,off
52566,off
52567,off
52568,off
52569,off
52570,off
52589,off
52590,off
52591,off
52592,off
52603,off
52604,off
52605,off
52606,off
52607,off
52638,off
52639,off
52640,off
52641,off
52660,off
52661,off
52662,off
52693,off
52695,off
52696,off
52697,off
52728,off
52764,off
52777,off
52778,off
52779,off
52822,off
52823,off
52824,off
52825,off
52826,off
52838,off
52839,off
52840,off
52841,off
52868,off
52869,off
52870,off
52882,off
52892,off
52900,off
52916,off
52929,off
52936,off
52957,off
52958,off
52959,off
52961,off
52962,off
52963,off
52967,off
52968,off
52969,off
53005,off
53006,off
53007,off
53008,off
53032,off
53033,off
53059,off
53123,off
53124,off
53125,off
53126,off
53127,off
53128,off
53206,off
53220,off
53222,off
53223,off
53224,off
53225,off
53226,off
53269,off
53270,off
53321,off
53322,off
53323,off
53326,off
53327,off
53328,off
53329,off
53352,off
53353,off
53354,off
53355,off
53356,off
53371,off
53372,off
53384,off
53385,off
53386,off
53438,off
53461,off
53470,off
53471,off
53472,off
53474,off
53488,off
53489,off
53490,off
53491,off
53492,off
53514,off
53515,off
53583,off
53584,off
53591,off
53618,off
53619,off
53631,off
53632,off
53753,off
53754,off
53755,off
53766,off
53767,off
53768,off
53769,off
53785,off
53786,off
53821,off
53866,off
53867,off
53868,off
53869,off
53870,off
53871,off
53872,off
53873,off
53874,off
53877,off
53878,off
53879,off
53880,off
53904,off
53912,off
53913,off
53914,off
53934,off
53958,off
53976,off
54018,off
54028,off
54074,off
54075,off
54083,off
54084,off
54085,off
54096,off
54097,off
54098,off
54099,off
54148,off
54153,off
54154,off
54155,off
54164,off
54165,off
54166,off
54167,off
54168,off
54170,off
54171,off
54204,off
54205,off
54220,off
54221,off
54233,off
54234,off
54235,off
54236,off
54274,off
54275,off
54276,off
54277,off
54289,off
54305,off
54323,off
54336,off
54337,off
54394,off
54398,off
54399,off
54431,off
54432,off
54433,off
54460,off
54547,off
54548,off
54557,off
54558,off
54746,off
54779,off
54780,off
54781,off
54826,off
54833,off
54834,off
54835,off
54836,off
54852,off
54900,off
54901,off
54902,off
54904,off
54929,off
55004,off
55005,off
55006,off
55007,off
55008,off
55012,off
55013,off
55014,off
55015,off
55016,off
55081,off
55090,off
55091,off
55092,off
55093,off
55099,off
55107,off
55108,off
55109,off
55110,off
55111,off
55130,off
55131,off
55132,off
55133,off
55141,off
55165,off
55166,off
55187,off
55188,off
55189,off
55190,off
55191,off
55271,off
55274,off
55275,off
55276,off
55277,off
55278,off
55304,off
55315,off
55318,off
55319,off
55320,off
55321,off
55352,off
55357,off
55358,off
55359,off
55360,off
55361,off
55362,off
55363,off
55377,off
55431,off
55432,off
55509,off
55510,off
55511,off
55512,off
55513,off
55522,off
55523,off
55524,off
55525,off
55552,off
55576,off
55577,off
55579,off
55580,off
55581,off
55582,off
55610,off
55611,off
55612,off
55613,off
55636,off
55656,off
55657,off
55658,off
55659,off
55666,on
55685,on
55703,on
55708,on
55734,on
55735,on
55740,on
55741,on
55742,on
55743,on
55758,on
55759,on
55760,on
55763,on
55785,on
55786,on
55787,on
55812,on
55813,on
55814,on
55815,on
55821,on
55822,on
55823,on
55824,on
55825,on
55837,on
55842,on
55868,on
55869,on
55870,on
55871,on
55879,on
55891,on
55892,on
55915,on
55916,on
55937,on
55945,on
55946,on
55962,on
56012,on
56013,on
56096,on
56097,on
56098,on
56099,on
56100,on
56115,on
56116,on
56153,on
56154,on
56155,on
56156,on
56157,on
56158,on
56159,on
56160,on
56161,on
56162,on
56163,on
56164,on
56185,on
56186,on
56187,on
56188,on
56189,on
56199,on
56200,on
56201,on
56202,on
56203,on
56241,on
56242,on
56254,on
56255,on
56256,on
56257,on
56258,on
56279,on
56280,on
56281,on
56282,on
56283,on
56284,on
56286,on
56315,on
56316,on
56317,on
56318,on
56319,on
56320,on
56344,on
56345,on
56346,on
56347,on
56348,on
56357,on
56358,on
56359,on
56386,on
56387,on
56388,on
56389,on
56390,on
56402,on
56433,on
56434,on
56435,on
56451,on
56452,on
56470,on
56471,on
56480,on
56505,on
56506,on
56507,on
56508,on
56509,on
56519,on
56520,on
56533,on
56534,on
56535,on
56565,on
56566,on
56577,on
56578,on
56579,on
56580,on
56581,on
56607,on
56614,on
56615,on
56632,on
56641,on
56642,on
56643,on
56644,on
56654,on
56656,on
56657,on
56658,on
56673,on
56676,on
56699,on
56700,on
56701,on
56741,on
56742,on
56743,on
56744,on
56745,on
56792,on
56805,on
56806,on
56815,on
56816,on
56817,on
56832,on
56858,on
56859,on
56860,on
56861,on
56862,on
56863,on
56948,on
56966,on
56967,on
56968,on
56969,on
56970,on
56971,on
56972,on
56973,on
57086,on
57087,on
57088,on
57089,on
57090,on
57093,on
57094,on
57119,on
57120,on
57121,on
57122,on
57123,on
57132,on
57133,on
57141,on
57151,on
57153,on
57188,on
57192,on
57229,on
57230,on
57231,on
57232,on
57249,on
57250,on
57251,on
57252,on
57333,on
57343,on
57366,on
57367,on
57368,on
57381,on
57508,on
57509,on
57518,on
57522,on
57523,on
57524,on
57525,on
57526,on
57625,on
57626,on
57627,on
57628,on
57629,on
57630,on
57631,on
57632,on
57639,on
57671,on
57692,on
57719,on
57720,on
57721,on
57781,on
57782,on
57829,on
57830,on
57840,on
57841,on
57842,on
57851,on
57852,on
57853,on
57854,on
57855,on
57881,on
57911,on
57935,on
57936,on
57937,on
57938,on
57939,on
57972,on
57984,on
57985,on
58002,on
58003,on
58004,on
58005,on
58006,on
58042,on
58043,on
58044,on
58045,on
58046,on
58058,on
58059,on
58069,on
58103,on
58158,on
58159,on
58160,on
58161,on
58162,on
58163,on
58195,on
58200,on
58201,on
58208,on
58210,on
58220,on
58316,on
58328,on
58339,on
58340,on
58341,on
58342,on
58376,on
58377,on
58453,on
58454,on
58455,on
58534,on
58535,on
58641,on
58642,on
58643,on
58644,on
58645,on
58655,on
58663,on
58700,on
58701,on
58702,on
58807,on
58808,on
58809,on
58810,on
58816,on
58817,on
58818,on
58819,on
58820,on
58822,on
58823,on
58856,on
58902,on
58903,on
58904,on
58905,on
58924,on
58925,on
58926,on
58927,on
58928,on
58947,on
58948,on
58949,on
58950,on
58951,on
58964,on
58965,on
58981,on
58982,on
59013,on
59014,on
59111,on
59112,on
59116,on
59117,on
59118,on
59119,on
59148,on
59151,on
59154,on
59155,on
59156,on
59157,on
59158,on
59159,on
59169,on
59195,on
59196,on
59197,on
59198,on
59199,on
59216,on
59217,on
59218,on
59271,on
59276,on
59277,on
59337,on
59338,on
59339,on
59350,on
59351,on
59352,on
59370,on
59371,on
59372,on
59373,on
59374,on
59390,on
59421,on
59422,on
59423,on
59424,on
59456,on
59457,on
59458,on
59459,on
59504,on
59505,on
59506,on
59507,on
59508,on
59509,one
59529,one
59530,one
59542,one
59543,one
59551,one
59552,one
59582,one
59590,one
59591,one
59592,one
59593,one
59594,one
59606,one
59607,one
59609,one
59610,one
59611,one
59622,one
59623,one
59645,one
59664,one
59667,one
59668,one
59669,one
59670,one
59673,one
59674,one
59675,one
59676,one
59677,one
59688,one
59693,one
59721,one
59722,one
59723,one
59737,one
59738,one
59802,one
59827,one
59828,one
59829,one
59868,one
59869,one
59951,one
59952,one
59953,one
59954,one
59955,one
59977,one
59978,one
59979,one
60004,one
60017,one
60018,one
60019,one
60020,one
60021,one
60022,one
60023,one
60024,one
60025,one
60026,one
60027,one
60028,one
60029,one
60030,one
60031,one
60053,one
60054,one
60055,one
60056,one
60057,one
60068,one
60069,one
60070,one
60071,one
60072,one
60087,one
60110,one
60111,one
60112,one
60113,one
60114,one
60127,one
60128,one
60129,one
60130,one
60155,one
60156,one
60157,one
60158,one
60159,one
60160,one
60161,one
60162,one
60163,one
60183,one
60198,one
60199,one
60200,one
60201,one
60202,one
60203,one
60223,one
60224,one
60225,one
60226,one
60235,one
60236,one
60237,one
60238,one
60271,one
60272,one
60273,one
60274,one
60275,one
60321,one
60362,one
60363,one
60395,one
60396,one
60458,one
60459,one
60460,one
60461,one
60494,one
60495,one
60499,one
60517,one
60535,one
60544,one
60546,one
60577,one
60596,one
60597,one
60598,one
60627,one
60628,one
60629,one
60630,one
60631,one
60683,one
60684,one
60685,one
60695,one
60744,one
60745,one
60746,one
60747,one
60748,one
60749,one
60764,one
60823,one
60824,one
60831,one
60832,one
60833,one
60834,one
60835,one
60879,one
60922,one
60923,one
60924,one
60925,one
60926,one
60931,one
60932,one
60933,one
60958,one
60959,one
60960,one
60961,one
60969,one
60976,one
60979,one
60987,one
60988,one
60989,one
61015,one
61038,one
61039,one
61067,one
61068,one
61076,one
61091,one
61092,one
61093,one
61094,one
61095,one
61119,one
61120,one
61121,one
61185,one
61186,one
61221,one
61222,one
61232,one
61233,one
61350,one
61351,one
61352,one
61353,one
61354,one
61355,one
61379,one
61412,one
61413,one
61441,one
61456,one
61457,one
61458,one
61459,one
61460,one
61461,one
61462,one
61463,one
61470,one
61492,one
61493,one
61498,one
61499,one
61510,one
61511,one
61512,one
61523,one
61546,one
61549,one
61607,one
61614,one
61623,one
61624,one
61666,one
61674,one
61675,one
61676,one
61677,one
61678,one
61680,one
61687,one
61688,one
61689,one
61690,one
61691,one
61713,one
61746,one
61761,one
61762,one
61763,one
61764,one
61765,one
61766,one
61835,one
61836,one
61837,one
61838,one
61882,one
61883,one
61884,one
61885,one
61890,one
61891,one
61918,one
61919,one
61938,one
61939,one
61989,one
61991,one
61992,one
61993,one
61994,one
61995,one
62021,one
62034,one
62035,one
62036,one
62038,one
62150,one
62162,one
62174,one
62175,one
62176,one
62208,one
62289,one
62322,one
62386,one
62420,one
62421,one
62481,one
62482,one
62483,one
62486,one
62487,one
62488,one
62489,one
62490,one
62501,one
62514,one
62515,one
62556,one
62557,one
62560,one
62586,one
62671,one
62672,one
62673,one
62674,one
62675,one
62682,one
62683,one
62684,one
62685,one
62686,one
62718,one
62719,one
62772,one
62773,one
62774,one
62775,one
62781,one
62795,one
62796,one
62797,one
62798,one
62799,one
62820,one
62821,one
62822,one
62823,one
62824,one
62833,one
62860,one
62886,one
62887,one
62888,one
62889,one
62983,one
62984,one
62985,one
62986,one
62987,one
62988,one
62993,one
63006,one
63007,one
63034,one
63035,one
63036,one
63037,one
63038,one
63039,one
63048,one
63049,one
63050,one
63051,one
63073,one
63074,one
63081,one
63082,one
63084,one
63160,one
63226,one
63238,one
63239,one
63240,one
63241,one
63242,one
63255,one
63256,one
63257,one
63258,one
63259,one
63276,one
63277,one
63303,one
63307,one
63308,one
63309,one
63310,one
63343,one
63344,one
63345,one
63346,one
63347,one
63373,one
63374,one
63375,one
63395,one
63396,one
63397,one
63398,one
63399,right
63433,right
63434,right
63439,right
63468,right
63479,right
63480,right
63481,right
63482,right
63483,right
63495,right
63496,right
63497,right
63498,right
63526,right
63545,right
63553,right
63554,right
63555,right
63556,right
63562,right
63563,right
63564,right
63565,right
63566,right
63579,right
63584,right
63612,right
63613,right
63614,right
63615,right
63628,right
63629,right
63683,right
63688,right
63689,right
63690,right
63704,right
63705,right
63731,right
63732,right
63815,right
63816,right
63817,right
63836,right
63842,right
63872,right
63873,right
63887,right
63888,right
63889,right
63890,right
63891,right
63892,right
63893,right
63894,right
63895,right
63896,right
63897,right
63918,right
63919,right
63920,right
63921,right
63922,right
63934,right
63935,right
63936,right
63937,right
63965,right
63966,right
63967,right
63968,right
63969,right
63970,right
63982,right
63983,right
63984,right
63985,right
63986,right
64010,right
64011,right
64012,right
64013,right
64014,right
64047,right
64048,right
64067,right
64068,right
64069,right
64070,right
64079,right
64080,right
64081,right
64082,right
64110,right
64111,right
64112,right
64113,right
64158,right
64201,right
64215,right
64216,right
64217,right
64218,right
64245,right
64284,right
64296,right
64297,right
64298,right
64299,right
64328,right
64336,right
64355,right
64361,right
64371,right
64372,right
64373,right
64374,right
64375,right
64378,right
64379,right
64400,right
64401,right
64406,right
64415,right
64423,right
64424,right
64458,right
64459,right
64460,right
64461,right
64477,right
64504,right
64517,right
64523,right
64524,right
64538,right
64539,right
64568,right
64569,right
64570,right
64571,right
64634,right
64643,right
64657,right
64658,right
64659,right
64660,right
64661,right
64703,right
64746,right
64747,right
64748,right
64749,right
64750,right
64752,right
64753,right
64777,right
64778,right
64779,right
64780,right
64790,right
64791,right
64792,right
64800,right
64815,right
64816,right
64817,right
64818,right
64842,right
64843,right
64844,right
64855,right
64865,right
64898,right
64900,right
64912,right
64913,right
64914,right
64915,right
64916,right
64937,right
64938,right
64995,right
65007,right
65008,right
65009,right
65048,right
65049,right
65057,right
65058,right
65185,right
65195,right
65196,right
65201,right
65202,right
65203,right
65204,right
65283,right
65284,right
65285,right
65286,right
65287,right
65288,right
65296,right
65297,right
65321,right
65322,right
65332,right
65342,right
65343,right
65344,right
65364,right
65371,right
65387,right
65388,right
65422,right
65423,right
65432,right
65433,right
65442,right
65500,right
65501,right
65504,right
65510,right
65511,right
65512,right
65513,right
65514,right
65539,right
65540,right
65541,right
65572,right
65576,right
65589,right
65590,right
65591,right
65592,right
65593,right
65595,right
65635,right
65654,right
65655,right
65656,right
65657,right
65658,right
65701,right
65702,right
65703,right
65712,right
65713,right
65714,right
65715,right
65716,right
65717,right
65766,right
65831,right
65832,right
65834,right
65835,right
65836,right
65837,right
65868,right
65869,right
65874,right
65910,right
65911,right
65997,right
65998,right
65999,right
66011,right
66014,right
66015,right
66056,right
66123,right
66124,right
66156,right
66202,right
66203,right
66295,right
66296,right
66297,right
66303,right
66304,right
66305,right
66306,right
66327,right
66328,right
66363,right
66364,right
66400,right
66484,right
66485,right
66486,right
66487,right
66488,right
66495,right
66496,right
66497,right
66498,right
66499,right
66500,right
66502,right
66559,right
66569,right
66570,right
66571,right
66572,right
66588,right
66589,right
66590,right
66591,right
66615,right
66616,right
66617,right
66618,right
66625,right
66635,right
66636,right
66651,right
66675,right
66676,right
66677,right
66678,right
66679,right
66762,right
66763,right
66764,right
66765,right
66770,right
66771,right
66772,right
66773,right
66803,right
66804,right
66806,right
66807,right
66808,right
66809,right
66810,right
66822,right
66823,right
66824,right
66842,right
66847,right
66848,right
66849,right
66854,right
66867,right
66934,right
66935,right
67003,right
67004,right
67005,right
67006,right
67027,right
67028,right
67029,right
67030,right
67031,right
67055,right
67085,right
67086,right
67087,right
67088,right
67089,right
67120,right
67121,right
67122,right
67123,right
67147,right
67148,right
67149,right
67171,right
67172,right
67173,right
67174,right
67175,right
67180,seven
67193,seven
67201,seven
67202,seven
67203,seven
67216,seven
67224,seven
67227,seven
67228,seven
67262,seven
67263,seven
67264,seven
67265,seven
67266,seven
67280,seven
67281,seven
67289,seven
67304,seven
67320,seven
67321,seven
67328,seven
67329,seven
67330,seven
67331,seven
67337,seven
67338,seven
67339,seven
67340,seven
67341,seven
67354,seven
67358,seven
67383,seven
67384,seven
67385,seven
67386,seven
67387,seven
67395,seven
67405,seven
67415,seven
67416,seven
67432,seven
67433,seven
67434,seven
67458,seven
67459,seven
67466,seven
67486,seven
67487,seven
67488,seven
67517,seven
67534,seven
67535,seven
67536,seven
67593,seven
67621,seven
67622,seven
67623,seven
67624,seven
67625,seven
67638,seven
67639,seven
67645,seven
67674,seven
67675,seven
67676,seven
67690,seven
67691,seven
67692,seven
67693,seven
67694,seven
67695,seven
67696,seven
67712,seven
67713,seven
67714,seven
67715,seven
67716,seven
67723,seven
67724,seven
67725,seven
67726,seven
67761,seven
67762,seven
67763,seven
67764,seven
67765,seven
67766,seven
67779,seven
67780,seven
67781,seven
67782,seven
67783,seven
67784,seven
67807,seven
67808,seven
67809,seven
67810,seven
67811,seven
67812,seven
67813,seven
67814,seven
67815,seven
67816,seven
67848,seven
67849,seven
67872,seven
67873,seven
67874,seven
67875,seven
67876,seven
67883,seven
67884,seven
67885,seven
67886,seven
67887,seven
67919,seven
67920,seven
67921,seven
67922,seven
67966,seven
67967,seven
67984,seven
67985,seven
68020,seven
68050,seven
68075,seven
68076,seven
68101,seven
68102,seven
68114,seven
68115,seven
68116,seven
68117,seven
68152,seven
68173,seven
68174,seven
68185,seven
68186,seven
68196,seven
68199,seven
68219,seven
68229,seven
68248,seven
68249,seven
68257,seven
68258,seven
68260,seven
68261,seven
68262,seven
68302,seven
68303,seven
68304,seven
68305,seven
68323,seven
68324,seven
68331,seven
68380,seven
68381,seven
68396,seven
68397,seven
68398,seven
68423,seven
68424,seven
68425,seven
68426,seven
68427,seven
68428,seven
68429,seven
68501,seven
68502,seven
68528,seven
68529,seven
68530,seven
68531,seven
68532,seven
68632,seven
68639,seven
68640,seven
68641,seven
68642,seven
68643,seven
68648,seven
68649,seven
68650,seven
68651,seven
68675,seven
68676,seven
68677,seven
68678,seven
68679,seven
68685,seven
68686,seven
68687,seven
68691,seven
68703,seven
68724,seven
68725,seven
68736,seven
68739,seven
68773,seven
68779,seven
68780,seven
68797,seven
68798,seven
68799,seven
68800,seven
68801,seven
68821,seven
68822,seven
68888,seven
68892,seven
68901,seven
68902,seven
68903,seven
68904,seven
68935,seven
68936,seven
68948,seven
69063,seven
69073,seven
69079,seven
69080,seven
69081,seven
69082,seven
69112,seven
69185,seven
69186,seven
69187,seven
69188,seven
69189,seven
69194,seven
69195,seven
69218,seven
69227,seven
69228,seven
69239,seven
69240,seven
69248,seven
69266,seven
69267,seven
69277,seven
69298,seven
69410,seven
69411,seven
69412,seven
69420,seven
69421,seven
69422,seven
69423,seven
69424,seven
69449,seven
69480,seven
69489,seven
69490,seven
69507,seven
69508,seven
69509,seven
69510,seven
69511,seven
69554,seven
69555,seven
69556,seven
69557,seven
69572,seven
69590,seven
69591,seven
69592,seven
69593,seven
69594,seven
69644,seven
69645,seven
69646,seven
69647,seven
69648,seven
69656,seven
69657,seven
69658,seven
69659,seven
69660,seven
69678,seven
69679,seven
69722,seven
69746,seven
69775,seven
69776,seven
69779,seven
69780,seven
69781,seven
69782,seven
69791,seven
69805,seven
69806,seven
69811,seven
69818,seven
69829,seven
69830,seven
69851,seven
69943,seven
69944,seven
70001,seven
70076,seven
70115,seven
70203,seven
70204,seven
70260,seven
70264,seven
70265,seven
70266,seven
70267,seven
70268,seven
70280,seven
70289,seven
70333,seven
70334,seven
70335,seven
70336,seven
70338,seven
70339,seven
70369,seven
70454,seven
70455,seven
70456,seven
70457,seven
70458,seven
70462,seven
70463,seven
70464,seven
70465,seven
70466,seven
70473,seven
70560,seven
70561,seven
70562,seven
70563,seven
70564,seven
70570,seven
70582,seven
70583,seven
70584,seven
70585,seven
70586,seven
70601,seven
70602,seven
70603,seven
70604,seven
70605,seven
70621,seven
70622,seven
70623,seven
70662,seven
70663,seven
70664,seven
70665,seven
70761,seven
70763,seven
70764,seven
70765,seven
70766,seven
70767,seven
70768,seven
70772,seven
70773,seven
70788,seven
70819,seven
70820,seven
70821,seven
70822,seven
70823,seven
70856,seven
70878,seven
70937,seven
70938,seven
70993,seven
70994,seven
71005,seven
71006,seven
71007,seven
71008,seven
71009,seven
71024,seven
71025,seven
71026,seven
71027,seven
71050,seven
71079,seven
71080,seven
71081,seven
71082,seven
71089,seven
71123,seven
71124,seven
71125,seven
71126,seven
71127,seven
71151,seven
71168,seven
71169,seven
71170,seven
71171,seven
71172,seven
71176,sheila
71188,sheila
71191,sheila
71208,sheila
71209,sheila
71213,sheila
71214,sheila
71231,sheila
71234,sheila
71237,sheila
71253,sheila
71254,sheila
71268,sheila
71275,sheila
71276,sheila
71294,sheila
71305,sheila
71340,sheila
71343,sheila
71355,sheila
71367,sheila
71368,sheila
71370,sheila
71371,sheila
71412,sheila
71413,sheila
71426,sheila
71462,sheila
71474,sheila
71482,sheila
71489,sheila
71502,sheila
71534,sheila
71537,sheila
71559,sheila
71566,sheila
71567,sheila
71601,sheila
71606,sheila
71615,sheila
71632,sheila
71638,sheila
71639,sheila
71651,sheila
71660,sheila
71666,sheila
71667,sheila
71669,sheila
71682,sheila
71687,sheila
71688,sheila
71694,sheila
71695,sheila
71702,sheila
71719,sheila
71720,sheila
71722,sheila
71723,sheila
71724,sheila
71746,sheila
71762,sheila
71783,sheila
71784,sheila
71796,sheila
71809,sheila
71816,sheila
71817,sheila
71818,sheila
71829,sheila
71830,sheila
71831,sheila
71832,sheila
71860,sheila
71875,sheila
71876,sheila
71877,sheila
71914,sheila
71935,sheila
71936,sheila
71941,sheila
71947,sheila
71951,sheila
71953,sheila
71965,sheila
71983,sheila
71998,sheila
72011,sheila
72070,sheila
72071,sheila
72079,sheila
72096,sheila
72097,sheila
72102,sheila
72103,sheila
72167,sheila
72171,sheila
72172,sheila
72175,sheila
72177,sheila
72182,sheila
72190,sheila
72233,sheila
72234,sheila
72242,sheila
72258,sheila
72262,sheila
72263,sheila
72264,sheila
72265,sheila
72272,sheila
72277,sheila
72285,sheila
72286,sheila
72287,sheila
72294,sheila
72304,sheila
72305,sheila
72331,sheila
72337,sheila
72338,sheila
72340,sheila
72341,sheila
72359,sheila
72360,sheila
72363,sheila
72375,sheila
72388,sheila
72389,sheila
72397,sheila
72398,sheila
72402,sheila
72405,sheila
72434,sheila
72435,sheila
72444,sheila
72449,sheila
72481,sheila
72482,sheila
72497,sheila
72502,sheila
72503,sheila
72526,sheila
72547,sheila
72548,sheila
72550,sheila
72571,sheila
72572,sheila
72583,sheila
72584,sheila
72585,sheila
72586,sheila
72587,sheila
72594,sheila
72595,sheila
72611,sheila
72641,sheila
72645,sheila
72665,sheila
72693,sheila
72728,sheila
72729,sheila
72771,sheila
72774,sheila
72782,sheila
72793,sheila
72796,sheila
72797,sheila
72798,sheila
72835,sheila
72837,sheila
72841,sheila
72842,sheila
72857,sheila
72903,sheila
72913,sheila
72915,sheila
72920,sheila
72932,sheila
72933,sheila
72944,sheila
72986,sheila
72987,sheila
72988,sheila
72989,sheila
72990,sheila
72991,sheila
72993,sheila
72994,sheila
73011,sheila
73026,sheila
73029,sheila
73030,sheila
73038,sheila
73040,sheila
73074,sheila
73113,sheila
73116,sheila
73134,sheila
73135,sheila
73136,sheila
73137,sheila
73161,sheila
73199,six
73200,six
73210,six
73217,six
73233,six
73234,six
73244,six
73249,six
73250,six
73278,six
73279,six
73290,six
73291,six
73292,six
73293,six
73294,six
73304,six
73334,six
73362,six
73363,six
73364,six
73365,six
73372,six
73373,six
73374,six
73375,six
73386,six
73415,six
73416,six
73417,six
73418,six
73419,six
73428,six
73443,six
73444,six
73458,six
73487,six
73491,six
73510,six
73511,six
73541,six
73542,six
73543,six
73544,six
73554,six
73614,six
73640,six
73641,six
73642,six
73643,six
73689,six
73690,six
73691,six
73706,six
73707,six
73708,six
73709,six
73710,six
73711,six
73712,six
73713,six
73729,six
73730,six
73731,six
73732,six
73733,six
73742,six
73743,six
73744,six
73780,six
73781,six
73782,six
73783,six
73784,six
73798,six
73799,six
73800,six
73801,six
73802,six
73825,six
73826,six
73827,six
73828,six
73829,six
73830,six
73831,six
73832,six
73833,six
73864,six
73865,six
73866,six
73867,six
73868,six
73885,six
73892,six
73893,six
73894,six
73895,six
73896,six
73905,six
73906,six
73907,six
73908,six
73909,six
73933,six
73934,six
73935,six
73936,six
73937,six
73981,six
73982,six
73983,six
74019,six
74050,six
74051,six
74060,six
74073,six
74074,six
74109,six
74110,six
74111,six
74112,six
74113,six
74134,six
74135,six
74137,six
74140,six
74141,six
74153,six
74154,six
74171,six
74172,six
74173,six
74174,six
74183,six
74187,six
74205,six
74206,six
74218,six
74231,six
74238,six
74241,six
74276,six
74277,six
74278,six
74279,six
74299,six
74378,six
74380,six
74399,six
74400,six
74401,six
74402,six
74403,six
74404,six
74423,six
74424,six
74508,six
74509,six
74510,six
74511,six
74512,six
74550,six
74551,six
74605,six
74610,six
74611,six
74612,six
74613,six
74614,six
74637,six
74638,six
74639,six
74640,six
74641,six
74665,six
74666,six
74667,six
74693,six
74702,six
74736,six
74738,six
74739,six
74740,six
74752,six
74753,six
74754,six
74755,six
74756,six
74773,six
74842,six
74843,six
74844,six
74872,six
74873,six
74882,six
74883,six
74985,six
75000,six
75003,six
75004,six
75005,six
75006,six
75036,six
75037,six
75110,six
75111,six
75112,six
75113,six
75114,six
75121,six
75122,six
75123,six
75158,six
75163,six
75173,six
75174,six
75194,six
75195,six
75196,six
75197,six
75224,six
75288,six
75335,six
75336,six
75337,six
75338,six
75339,six
75340,six
75341,six
75351,six
75352,six
75353,six
75354,six
75355,six
75377,six
75378,six
75404,six
75411,six
75429,six
75430,six
75431,six
75432,six
75433,six
75458,six
75476,six
75510,six
75511,six
75512,six
75513,six
75559,six
75560,six
75561,six
75562,six
75574,six
75575,six
75576,six
75577,six
75578,six
75579,six
75589,six
75590,six
75607,six
75608,six
75620,six
75682,six
75683,six
75684,six
75685,six
75686,six
75687,six
75688,six
75715,six
75724,six
75725,six
75762,six
75835,six
75844,six
75853,six
75855,six
75856,six
75891,six
75963,six
75964,six
76055,six
76056,six
76088,six
76151,six
76152,six
76153,six
76154,six
76155,six
76179,six
76220,six
76222,six
76252,six
76253,six
76254,six
76331,six
76332,six
76333,six
76334,six
76335,six
76336,six
76337,six
76338,six
76339,six
76340,six
76422,six
76423,six
76424,six
76425,six
76426,six
76442,six
76443,six
76444,six
76445,six
76446,six
76470,six
76471,six
76472,six
76473,six
76474,six
76483,six
76484,six
76522,six
76523,six
76524,six
76604,six
76605,six
76610,six
76611,six
76612,six
76613,six
76614,six
76615,six
76621,six
76656,six
76663,six
76664,six
76665,six
76666,six
76679,six
76680,six
76681,six
76708,six
76709,six
76710,six
76711,six
76730,six
76731,six
76790,six
76791,six
76792,six
76828,six
76862,six
76873,six
76874,six
76875,six
76876,six
76877,six
76893,six
76894,six
76895,six
76896,six
76897,six
76917,six
76918,six
76919,six
76949,six
76953,six
76954,six
76955,six
76956,six
76957,six
76984,six
76985,six
76986,six
76987,six
77024,six
77051,six
77052,six
77053,six
77054,six
77055,six
77074,stop
77075,stop
77082,stop
77083,stop
77105,stop
77132,stop
77137,stop
77138,stop
77139,stop
77140,stop
77141,stop
77155,stop
77156,stop
77157,stop
77168,stop
77186,stop
77203,stop
77209,stop
77210,stop
77216,stop
77217,stop
77218,stop
77219,stop
77232,stop
77238,stop
77270,stop
77271,stop
77272,stop
77273,stop
77274,stop
77283,stop
77284,stop
77305,stop
77324,stop
77347,stop
77367,stop
77368,stop
77369,stop
77370,stop
77371,stop
77402,stop
77403,stop
77417,stop
77471,stop
77472,stop
77473,stop
77501,stop
77502,stop
77503,stop
77504,stop
77505,stop
77545,stop
77560,stop
77561,stop
77562,stop
77563,stop
77564,stop
77565,stop
77566,stop
77567,stop
77568,stop
77584,stop
77585,stop
77586,stop
77587,stop
77588,stop
77598,stop
77599,stop
77600,stop
77601,stop
77602,stop
77641,stop
77642,stop
77643,stop
77644,stop
77645,stop
77659,stop
77660,stop
77661,stop
77662,stop
77663,stop
77685,stop
77686,stop
77687,stop
77688,stop
77689,stop
77690,stop
77691,stop
77692,stop
77693,stop
77694,stop
77729,stop
77730,stop
77731,stop
77757,stop
77758,stop
77759,stop
77760,stop
77761,stop
77769,stop
77770,stop
77771,stop
77772,stop
77806,stop
77807,stop
77808,stop
77809,stop
77810,stop
77823,stop
77824,stop
77825,stop
77826,stop
77861,stop
77862,stop
77863,stop
77875,stop
77886,stop
77899,stop
77916,stop
77917,stop
77918,stop
77942,stop
77943,stop
77954,stop
77992,stop
78004,stop
78005,stop
78006,stop
78007,stop
78038,stop
78039,stop
78067,stop
78068,stop
78098,stop
78099,stop
78100,stop
78111,stop
78112,stop
78118,stop
78119,stop
78120,stop
78124,stop
78125,stop
78126,stop
78168,stop
78169,stop
78170,stop
78171,stop
78172,stop
78189,stop
78193,stop
78194,stop
78227,stop
78240,stop
78241,stop
78255,stop
78284,stop
78285,stop
78286,stop
78287,stop
78288,stop
78358,stop
78359,stop
78360,stop
78374,stop
78388,stop
78389,stop
78390,stop
78478,stop
78485,stop
78486,stop
78487,stop
78488,stop
78493,stop
78494,stop
78495,stop
78496,stop
78519,stop
78520,stop
78521,stop
78522,stop
78523,stop
78524,stop
78538,stop
78543,stop
78551,stop
78552,stop
78553,stop
78580,stop
78592,stop
78624,stop
78632,stop
78633,stop
78634,stop
78637,stop
78638,stop
78639,stop
78653,stop
78654,stop
78655,stop
78656,stop
78657,stop
78678,stop
78737,stop
78738,stop
78741,stop
78742,stop
78748,stop
78749,stop
78750,stop
78751,stop
78785,stop
78786,stop
78798,stop
78799,stop
78800,stop
78801,stop
78911,stop
78918,stop
78920,stop
78921,stop
78922,stop
78923,stop
78924,stop
78941,stop
78953,stop
78984,stop
79034,stop
79035,stop
79036,stop
79037,stop
79038,stop
79039,stop
79043,stop
79044,stop
79045,stop
79046,stop
79065,stop
79075,stop
79087,stop
79088,stop
79089,stop
79090,stop
79127,stop
79134,stop
79152,stop
79153,stop
79194,stop
79248,stop
79255,stop
79256,stop
79257,stop
79270,stop
79271,stop
79272,stop
79273,stop
79274,stop
79297,stop
79347,stop
79348,stop
79349,stop
79350,stop
79351,stop
79354,stop
79355,stop
79356,stop
79390,stop
79391,stop
79408,stop
79421,stop
79422,stop
79423,stop
79424,stop
79425,stop
79466,stop
79467,stop
79468,stop
79469,stop
79478,stop
79479,stop
79480,stop
79481,stop
79482,stop
79483,stop
79497,stop
79532,stop
79588,stop
79589,stop
79590,stop
79591,stop
79624,stop
79627,stop
79628,stop
79629,stop
79630,stop
79728,stop
79787,stop
79788,stop
79869,stop
79870,stop
79871,stop
79872,stop
79967,stop
80034,stop
80036,stop
80037,stop
80038,stop
80039,stop
80040,stop
80095,stop
80096,stop
80124,stop
80125,stop
80209,stop
80210,stop
80211,stop
80212,stop
80217,stop
80218,stop
80219,stop
80220,stop
80222,stop
80251,stop
80295,stop
80296,stop
80297,stop
80298,stop
80299,stop
80315,stop
80316,stop
80317,stop
80318,stop
80335,stop
80336,stop
80337,stop
80338,stop
80339,stop
80384,stop
80385,stop
80386,stop
80480,stop
80481,stop
80482,stop
80483,stop
80484,stop
80486,stop
80487,stop
80488,stop
80489,stop
80525,stop
80537,stop
80552,stop
80553,stop
80583,stop
80584,stop
80590,stop
80591,stop
80592,stop
80676,stop
80741,stop
80742,stop
80752,stop
80753,stop
80754,stop
80755,stop
80756,stop
80773,stop
80774,stop
80775,stop
80776,stop
80777,stop
80831,stop
80841,stop
80842,stop
80843,stop
80844,stop
80845,stop
80851,stop
80852,stop
80872,stop
80873,stop
80900,stop
80901,stop
80923,stop
80924,stop
80925,stop
80926,stop
80930,three
80931,three
80932,three
80943,three
80950,three
80951,three
80961,three
80971,three
80972,three
81006,three
81007,three
81008,three
81022,three
81023,three
81063,three
81069,three
81070,three
81071,three
81072,three
81073,three
81077,three
81078,three
81079,three
81090,three
81091,three
81120,three
81121,three
81122,three
81123,three
81124,three
81142,three
81153,three
81187,three
81217,three
81218,three
81219,three
81250,three
81357,three
81358,three
81359,three
81360,three
81361,three
81373,three
81415,three
81416,three
81417,three
81418,three
81419,three
81420,three
81421,three
81422,three
81423,three
81424,three
81425,three
81426,three
81427,three
81428,three
81448,three
81449,three
81450,three
81451,three
81452,three
81461,three
81462,three
81463,three
81464,three
81465,three
81478,three
81503,three
81504,three
81505,three
81506,three
81507,three
81508,three
81509,three
81520,three
81521,three
81522,three
81545,three
81546,three
81547,three
81548,three
81549,three
81550,three
81551,three
81552,three
81553,three
81554,three
81555,three
81557,three
81585,three
81586,three
81587,three
81588,three
81607,three
81608,three
81609,three
81610,three
81611,three
81621,three
81622,three
81623,three
81658,three
81659,three
81660,three
81671,three
81702,three
81703,three
81714,three
81737,three
81738,three
81783,three
81790,three
81828,three
81836,three
81837,three
81838,three
81839,three
81868,three
81869,three
81888,three
81889,three
81890,three
81891,three
81911,three
81926,three
81941,three
81942,three
81956,three
81958,three
81959,three
81960,three
81965,three
81966,three
81999,three
82000,three
82001,three
82002,three
82003,three
82020,three
82057,three
82058,three
82065,three
82066,three
82067,three
82083,three
82084,three
82108,three
82109,three
82110,three
82111,three
82112,three
82113,three
82133,three
82188,three
82199,three
82208,three
82209,three
82210,three
82245,three
82285,three
82292,three
82297,three
82298,three
82299,three
82300,three
82301,three
82323,three
82324,three
82325,three
82326,three
82348,three
82368,three
82380,three
82381,three
82382,three
82420,three
82421,three
82422,three
82423,three
82435,three
82436,three
82437,three
82438,three
82460,three
82461,three
82526,three
82566,three
82683,three
82684,three
82694,three
82695,three
82696,three
82697,three
82698,three
82714,three
82715,three
82716,three
82717,three
82750,three
82793,three
82794,three
82795,three
82796,three
82801,three
82834,three
82864,three
82865,three
82890,three
82891,three
82930,three
82931,three
82932,three
82947,three
83006,three
83007,three
83009,three
83010,three
83011,three
83017,three
83018,three
83019,three
83020,three
83021,three
83081,three
83093,three
83094,three
83095,three
83096,three
83097,three
83148,three
83164,three
83165,three
83166,three
83167,three
83208,three
83209,three
83210,three
83211,three
83219,three
83220,three
83221,three
83222,three
83223,three
83266,three
83273,three
83328,three
83329,three
83330,three
83354,three
83358,three
83371,three
83373,three
83386,three
83387,three
83408,three
83409,three
83487,three
83494,three
83495,three
83507,three
83509,three
83548,three
83549,three
83616,three
83617,three
83618,three
83619,three
83620,three
83621,three
83654,three
83790,three
83794,three
83795,three
83796,three
83797,three
83798,three
83807,three
83808,three
83809,three
83819,three
83820,three
83852,three
83853,three
83855,three
83882,three
83968,three
83969,three
83970,three
83971,three
83972,three
83978,three
83979,three
83980,three
83981,three
83982,three
83987,three
84012,three
84042,three
84056,three
84057,three
84058,three
84059,three
84060,three
84064,three
84065,three
84079,three
84080,three
84081,three
84102,three
84103,three
84104,three
84105,three
84109,three
84114,three
84115,three
84116,three
84151,three
84152,three
84153,three
84154,three
84236,three
84240,three
84241,three
84242,three
84243,three
84246,three
84271,three
84284,three
84285,three
84290,three
84291,three
84292,three
84293,three
84294,three
84312,three
84313,three
84314,three
84339,three
84340,three
84357,three
84458,three
84498,three
84499,three
84500,three
84501,three
84502,three
84513,three
84514,three
84515,three
84516,three
84539,three
84540,three
84541,three
84542,three
84543,three
84566,three
84571,three
84572,three
84573,three
84574,three
84575,three
84581,three
84582,three
84610,three
84611,three
84612,three
84613,three
84650,three
84651,three
84652,three
84653,three
84656,tree
84663,tree
84664,tree
84674,tree
84677,tree
84682,tree
84683,tree
84684,tree
84685,tree
84686,tree
84697,tree
84698,tree
84699,tree
84702,tree
84703,tree
84715,tree
84736,tree
84739,tree
84761,tree
84775,tree
84776,tree
84795,tree
84796,tree
84797,tree
84798,tree
84813,tree
84815,tree
84816,tree
84843,tree
84844,tree
84865,tree
84866,tree
84881,tree
84910,tree
84939,tree
84943,tree
84955,tree
84995,tree
85038,tree
85067,tree
85070,tree
85080,tree
85083,tree
85088,tree
85089,tree
85090,tree
85113,tree
85114,tree
85115,tree
85122,tree
85123,tree
85140,tree
85142,tree
85143,tree
85180,tree
85194,tree
85197,tree
85203,tree
85215,tree
85216,tree
85224,tree
85225,tree
85264,tree
85265,tree
85266,tree
85268,tree
85283,tree
85284,tree
85285,tree
85305,tree
85327,tree
85331,tree
85332,tree
85333,tree
85340,tree
85345,tree
85346,tree
85361,tree
85364,tree
85365,tree
85379,tree
85380,tree
85381,tree
85382,tree
85384,tree
85385,tree
85413,tree
85445,tree
85449,tree
85461,tree
85466,tree
85467,tree
85521,tree
85522,tree
85523,tree
85528,tree
85530,tree
85541,tree
85552,tree
85553,tree
85554,tree
85578,tree
85579,tree
85580,tree
85597,tree
85602,tree
85613,tree
85614,tree
85618,tree
85625,tree
85637,tree
85659,tree
85680,tree
85686,tree
85700,tree
85701,tree
85714,tree
85715,tree
85721,tree
85722,tree
85726,tree
85728,tree
85729,tree
85744,tree
85745,tree
85794,tree
85800,tree
85815,tree
85838,tree
85843,tree
85844,tree
85845,tree
85846,tree
85847,tree
85850,tree
85860,tree
85893,tree
85901,tree
85902,tree
85919,tree
85964,tree
85978,tree
85999,tree
86004,tree
86009,tree
86010,tree
86013,tree
86025,tree
86026,tree
86027,tree
86030,tree
86040,tree
86041,tree
86144,tree
86145,tree
86146,tree
86164,tree
86165,tree
86166,tree
86219,tree
86232,tree
86256,tree
86257,tree
86258,tree
86263,tree
86264,tree
86292,tree
86293,tree
86294,tree
86324,tree
86325,tree
86356,tree
86357,tree
86358,tree
86371,tree
86415,two
86416,two
86417,two
86433,two
86434,two
86441,two
86450,two
86451,two
86463,two
86508,two
86509,two
86510,two
86511,two
86512,two
86525,two
86526,two
86527,two
86528,two
86529,two
86530,two
86558,two
86576,two
86582,two
86583,two
86584,two
86585,two
86586,two
86588,two
86589,two
86590,two
86603,two
86604,two
86610,two
86611,two
86612,two
86645,two
86646,two
86647,two
86648,two
86675,two
86728,two
86735,two
86797,two
86873,two
86874,two
86875,two
86876,two
86891,two
86892,two
86897,two
86898,two
86899,two
86925,two
86937,two
86938,two
86939,two
86940,two
86941,two
86942,two
86943,two
86944,two
86945,two
86946,two
86947,two
86948,two
86949,two
86950,two
86969,two
86970,two
86971,two
86972,two
86973,two
86982,two
86983,two
86984,two
86985,two
87018,two
87019,two
87020,two
87021,two
87035,two
87036,two
87037,two
87038,two
87039,two
87059,two
87060,two
87061,two
87062,two
87063,two
87064,two
87065,two
87066,two
87067,two
87068,two
87069,two
87070,two
87071,two
87102,two
87103,two
87104,two
87105,two
87106,two
87107,two
87128,two
87129,two
87130,two
87131,two
87144,two
87145,two
87146,two
87147,two
87148,two
87182,two
87183,two
87184,two
87185,two
87186,two
87226,two
87227,two
87243,two
87254,two
87306,two
87307,two
87308,two
87359,two
87360,two
87361,two
87362,two
87363,two
87416,two
87428,two
87452,two
87463,two
87474,two
87481,two
87500,two
87517,two
87518,two
87519,two
87520,two
87521,two
87537,two
87576,two
87577,two
87578,two
87594,two
87640,two
87641,two
87642,two
87643,two
87644,two
87645,two
87670,two
87671,two
87739,two
87740,two
87741,two
87742,two
87743,two
87744,two
87790,two
87846,two
87847,two
87848,two
87849,two
87850,two
87856,two
87857,two
87858,two
87859,two
87881,two
87882,two
87883,two
87884,two
87885,two
87897,two
87898,two
87901,two
87913,two
87914,two
87915,two
87940,two
87943,two
87944,two
87957,two
87962,two
87995,two
87996,two
87997,two
87998,two
87999,two
88012,two
88013,two
88014,two
88015,two
88016,two
88031,two
88079,two
88122,two
88133,two
88134,two
88251,two
88257,two
88258,two
88259,two
88261,two
88262,two
88263,two
88264,two
88265,two
88282,two
88300,two
88301,two
88324,two
88375,two
88376,two
88377,two
88378,two
88379,two
88380,two
88381,two
88387,two
88413,two
88420,two
88421,two
88422,two
88469,two
88473,two
88539,two
88540,two
88547,two
88548,two
88554,two
88591,two
88599,two
88600,two
88601,two
88604,two
88616,two
88617,two
88618,two
88619,two
88620,two
88689,two
88690,two
88691,two
88692,two
88694,two
88695,two
88751,two
88766,two
88767,two
88768,two
88769,two
88770,two
88811,two
88812,two
88813,two
88814,two
88815,two
88824,two
88825,two
88841,two
88842,two
88875,two
88876,two
88877,two
88907,two
88934,two
88935,two
88937,two
88938,two
88939,two
88940,two
88977,two
88978,two
88983,two
88984,two
88994,two
88995,two
88996,two
89013,two
89014,two
89032,two
89123,two
89134,two
89135,two
89136,two
89238,two
89239,two
89240,two
89432,two
89436,two
89437,two
89438,two
89439,two
89440,two
89493,two
89494,two
89496,two
89497,two
89605,two
89606,two
89607,two
89608,two
89609,two
89615,two
89616,two
89617,two
89618,two
89619,two
89623,two
89624,two
89625,two
89651,two
89652,two
89653,two
89711,two
89712,two
89713,two
89714,two
89720,two
89731,two
89732,two
89733,two
89734,two
89753,two
89754,two
89755,two
89756,two
89757,two
89772,two
89810,two
89811,two
89812,two
89883,two
89887,two
89888,two
89889,two
89890,two
89891,two
89932,two
89938,two
89939,two
89940,two
89941,two
89942,two
89953,two
89976,two
89977,two
89978,two
89979,two
89981,two
90063,two
90064,two
90139,two
90140,two
90141,two
90142,two
90143,two
90161,two
90162,two
90163,two
90164,two
90187,two
90188,two
90189,two
90190,two
90213,two
90214,two
90215,two
90216,two
90222,two
90223,two
90224,two
90225,two
90252,two
90253,two
90254,two
90279,two
90280,two
90290,two
90291,two
90292,two
90293,two
90296,up
90297,up
90310,up
90320,up
90321,up
90328,up
90338,up
90347,up
90376,up
90377,up
90378,up
90379,up
90391,up
90392,up
90399,up
90415,up
90437,up
90438,up
90439,up
90440,up
90446,up
90447,up
90448,up
90449,up
90459,up
90492,up
90493,up
90494,up
90495,up
90496,up
90513,up
90522,up
90566,up
90576,up
90594,up
90595,up
90692,up
90718,up
90719,up
90720,up
90721,up
90722,up
90734,up
90735,up
90740,up
90741,up
90769,up
90780,up
90781,up
90782,up
90783,up
90784,up
90785,up
90786,up
90787,up
90788,up
90809,up
90810,up
90811,up
90812,up
90813,up
90821,up
90822,up
90823,up
90824,up
90825,up
90834,up
90861,up
90862,up
90863,up
90864,up
90878,up
90879,up
90880,up
90904,up
90905,up
90906,up
90907,up
90908,up
90909,up
90910,up
90944,up
90945,up
90946,up
90947,up
90948,up
90949,up
90950,up
90971,up
90972,up
90973,up
90974,up
90975,up
90985,up
90986,up
90987,up
90988,up
91010,up
91011,up
91012,up
91013,up
91014,up
91028,up
91029,up
91071,up
91079,up
91080,up
91098,up
91099,up
91100,up
91101,up
91125,up
91126,up
91147,up
91185,up
91186,up
91187,up
91188,up
91189,up
91223,up
91229,up
91245,up
91269,up
91273,up
91293,up
91294,up
91302,up
91303,up
91304,up
91333,up
91334,up
91335,up
91368,up
91369,up
91370,up
91371,up
91372,up
91391,up
91443,up
91447,up
91448,up
91469,up
91470,up
91471,up
91472,up
91498,up
91499,up
91500,up
91501,up
91502,up
91503,up
91524,up
91582,up
91583,up
91604,up
91606,up
91607,up
91608,up
91609,up
91634,up
91654,up
91655,up
91695,up
91696,up
91699,up
91700,up
91701,up
91702,up
91725,up
91726,up
91727,up
91728,up
91735,up
91737,up
91738,up
91741,up
91750,up
91779,up
91794,up
91831,up
91832,up
91834,up
91835,up
91849,up
91850,up
91851,up
91852,up
91853,up
91956,up
91957,up
91958,up
91966,up
91967,up
91968,up
92078,up
92079,up
92087,up
92092,up
92093,up
92094,up
92095,up
92096,up
92111,up
92122,up
92193,up
92194,up
92195,up
92196,up
92197,up
92202,up
92203,up
92227,up
92228,up
92235,up
92236,up
92283,up
92288,up
92289,up
92290,up
92291,up
92414,up
92430,up
92431,up
92432,up
92455,up
92480,up
92481,up
92487,up
92505,up
92506,up
92507,up
92508,up
92509,up
92511,up
92559,up
92560,up
92573,up
92574,up
92575,up
92576,up
92577,up
92613,up
92614,up
92615,up
92619,up
92620,up
92621,up
92633,up
92652,up
92717,up
92720,up
92721,up
92722,up
92723,up
92749,up
92750,up
92755,up
92764,up
92767,up
92778,up
92796,up
92855,up
92856,up
92864,up
92865,up
92876,up
92918,up
92919,up
92920,up
92985,up
93072,up
93073,up
93158,up
93163,up
93164,up
93165,up
93166,up
93167,up
93181,up
93182,up
93194,up
93236,up
93237,up
93238,up
93241,up
93242,up
93274,up
93344,up
93345,up
93346,up
93347,up
93348,up
93351,up
93352,up
93353,up
93354,up
93355,up
93421,up
93422,up
93423,up
93424,up
93425,up
93442,up
93443,up
93444,up
93445,up
93446,up
93472,up
93473,up
93474,up
93475,up
93483,up
93484,up
93485,up
93486,up
93489,up
93505,up
93527,up
93528,up
93529,up
93530,up
93614,up
93615,up
93616,up
93617,up
93618,up
93619,up
93652,up
93661,up
93663,up
93664,up
93665,up
93666,up
93667,up
93681,up
93702,up
93703,up
93708,up
93709,up
93727,up
93728,up
93868,up
93869,up
93870,up
93871,up
93872,up
93886,up
93887,up
93888,up
93889,up
93890,up
93931,up
93937,up
93938,up
93939,up
93940,up
93941,up
93945,up
93946,up
93964,up
93965,up
93966,up
93967,up
93968,up
93990,up
93991,up
93992,up
93993,up
93994,up
94014,up
94015,up
94016,up
94017,up
94030,visual
94031,visual
94053,visual
94054,visual
94055,visual
94056,visual
94062,visual
94067,visual
94081,visual
94082,visual
94083,visual
94084,visual
94085,visual
94086,visual
94087,visual
94088,visual
94162,visual
94207,visual
94208,visual
94209,visual
94210,visual
94211,visual
94217,visual
94228,visual
94229,visual
94230,visual
94231,visual
94232,visual
94233,visual
94234,visual
94235,visual
94236,visual
94237,visual
94238,visual
94248,visual
94249,visual
94250,visual
94251,visual
94252,visual
94271,visual
94272,visual
94273,visual
94274,visual
94275,visual
94289,visual
94290,visual
94291,visual
94292,visual
94293,visual
94294,visual
94303,visual
94317,visual
94318,visual
94319,visual
94320,visual
94321,visual
94326,visual
94327,visual
94328,visual
94329,visual
94384,visual
94389,visual
94416,visual
94417,visual
94418,visual
94419,visual
94442,visual
94452,visual
94453,visual
94464,visual
94520,visual
94540,visual
94554,visual
94555,visual
94556,visual
94557,visual
94558,visual
94599,visual
94600,visual
94601,visual
94602,visual
94632,visual
94656,visual
94657,visual
94692,visual
94707,visual
94708,visual
94710,visual
94711,visual
94712,visual
94713,visual
94788,visual
94825,visual
94826,visual
94827,visual
94828,visual
94829,visual
94873,visual
94924,visual
94925,visual
94926,visual
94927,visual
94978,visual
94979,visual
94980,visual
94981,visual
95007,visual
95008,visual
95009,visual
95010,visual
95012,visual
95013,visual
95014,visual
95015,visual
95062,visual
95063,visual
95064,visual
95127,visual
95224,visual
95301,visual
95302,visual
95303,visual
95304,visual
95305,visual
95339,visual
95340,visual
95341,visual
95342,visual
95349,visual
95350,visual
95351,visual
95352,visual
95353,visual
95354,visual
95355,visual
95399,visual
95400,visual
95401,visual
95402,visual
95417,visual
95418,visual
95419,visual
95420,visual
95421,visual
95436,visual
95535,visual
95536,visual
95537,visual
95538,visual
95539,visual
95562,visual
95563,visual
95564,visual
95565,visual
95566,visual
95580,visual
95581,visual
95582,visual
95583,visual
95600,visual
95616,wow
95622,wow
95631,wow
95632,wow
95648,wow
95652,wow
95653,wow
95654,wow
95670,wow
95671,wow
95691,wow
95692,wow
95693,wow
95694,wow
95706,wow
95710,wow
95711,wow
95729,wow
95733,wow
95734,wow
95762,wow
95777,wow
95791,wow
95792,wow
95810,wow
95863,wow
95874,wow
95875,wow
95879,wow
95880,wow
95895,wow
95902,wow
95903,wow
95904,wow
95916,wow
95928,wow
95938,wow
95950,wow
95953,wow
95964,wow
95965,wow
95966,wow
95986,wow
95997,wow
96019,wow
96024,wow
96025,wow
96056,wow
96058,wow
96065,wow
96085,wow
96093,wow
96094,wow
96102,wow
96103,wow
96112,wow
96122,wow
96131,wow
96134,wow
96135,wow
96141,wow
96142,wow
96150,wow
96151,wow
96152,wow
96155,wow
96156,wow
96166,wow
96176,wow
96177,wow
96196,wow
96197,wow
96201,wow
96202,wow
96203,wow
96219,wow
96235,wow
96248,wow
96249,wow
96255,wow
96256,wow
96261,wow
96276,wow
96277,wow
96278,wow
96291,wow
96325,wow
96326,wow
96333,wow
96334,wow
96341,wow
96348,wow
96349,wow
96371,wow
96372,wow
96373,wow
96400,wow
96402,wow
96412,wow
96417,wow
96418,wow
96424,wow
96425,wow
96426,wow
96427,wow
96436,wow
96458,wow
96465,wow
96501,wow
96520,wow
96551,wow
96570,wow
96571,wow
96579,wow
96580,wow
96661,wow
96662,wow
96668,wow
96670,wow
96699,wow
96700,wow
96724,wow
96725,wow
96726,wow
96734,wow
96735,wow
96736,wow
96744,wow
96745,wow
96747,wow
96748,wow
96774,wow
96775,wow
96776,wow
96777,wow
96778,wow
96808,wow
96809,wow
96817,wow
96852,wow
96854,wow
96859,wow
96870,wow
96888,wow
96889,wow
96890,wow
96897,wow
96902,wow
96928,wow
96942,wow
96990,wow
97004,wow
97009,wow
97015,wow
97018,wow
97019,wow
97020,wow
97036,wow
97037,wow
97063,wow
97079,wow
97091,wow
97100,wow
97101,wow
97123,wow
97165,wow
97166,wow
97175,wow
97218,wow
97268,wow
97311,wow
97317,wow
97319,wow
97322,wow
97323,wow
97337,wow
97338,wow
97350,wow
97351,wow
97352,wow
97353,wow
97381,wow
97384,wow
97389,wow
97390,wow
97404,wow
97426,wow
97442,wow
97443,wow
97449,wow
97459,wow
97463,wow
97483,wow
97534,wow
97537,wow
97538,wow
97541,wow
97556,wow
97561,wow
97564,wow
97572,wow
97573,wow
97576,wow
97577,wow
97578,wow
97641,wow
97650,wow
97659,wow
97673,wow
97674,wow
97680,wow
97704,wow
97731,wow
97759,yes
97760,yes
97781,yes
97785,yes
97816,yes
97828,yes
97829,yes
97830,yes
97831,yes
97832,yes
97842,yes
97844,yes
97845,yes
97856,yes
97877,yes
97904,yes
97905,yes
97906,yes
97907,yes
97910,yes
97911,yes
97912,yes
97913,yes
97914,yes
97931,yes
97966,yes
97967,yes
97968,yes
97969,yes
97970,yes
97979,yes
98003,yes
98025,yes
98054,yes
98055,yes
98077,yes
98102,yes
98112,yes
98176,yes
98202,yes
98203,yes
98204,yes
98205,yes
98206,yes
98219,yes
98224,yes
98250,yes
98267,yes
98268,yes
98269,yes
98270,yes
98271,yes
98272,yes
98273,yes
98274,yes
98295,yes
98296,yes
98297,yes
98298,yes
98299,yes
98309,yes
98310,yes
98311,yes
98312,yes
98313,yes
98322,yes
98354,yes
98355,yes
98356,yes
98357,yes
98358,yes
98369,yes
98370,yes
98371,yes
98372,yes
98373,yes
98397,yes
98398,yes
98399,yes
98400,yes
98401,yes
98402,yes
98403,yes
98404,yes
98437,yes
98438,yes
98466,yes
98467,yes
98468,yes
98469,yes
98470,yes
98482,yes
98483,yes
98484,yes
98485,yes
98486,yes
98520,yes
98521,yes
98522,yes
98523,yes
98524,yes
98539,yes
98572,yes
98595,yes
98596,yes
98597,yes
98598,yes
98599,yes
98600,yes
98612,yes
98613,yes
98644,yes
98665,yes
98666,yes
98667,yes
98707,yes
98708,yes
98709,yes
98710,yes
98711,yes
98745,yes
98759,yes
98765,yes
98777,yes
98793,yes
98812,yes
98818,yes
98828,yes
98829,yes
98851,yes
98853,yes
98854,yes
98855,yes
98896,yes
98897,yes
98898,yes
98899,yes
98900,yes
98924,yes
98956,yes
98974,yes
98979,yes
98998,yes
98999,yes
99000,yes
99030,yes
99031,yes
99032,yes
99033,yes
99034,yes
99054,yes
99055,yes
99113,yes
99125,yes
99138,yes
99139,yes
99140,yes
99141,yes
99142,yes
99162,yes
99178,yes
99223,yes
99231,yes
99232,yes
99233,yes
99234,yes
99237,yes
99238,yes
99239,yes
99240,yes
99241,yes
99264,yes
99265,yes
99266,yes
99267,yes
99268,yes
99284,yes
99289,yes
99303,yes
99304,yes
99305,yes
99306,yes
99334,yes
99335,yes
99349,yes
99353,yes
99354,yes
99355,yes
99356,yes
99357,yes
99398,yes
99399,yes
99400,yes
99401,yes
99402,yes
99403,yes
99404,yes
99417,yes
99418,yes
99419,yes
99420,yes
99421,yes
99497,yes
99498,yes
99502,yes
99509,yes
99510,yes
99511,yes
99512,yes
99513,yes
99541,yes
99542,yes
99543,yes
99552,yes
99553,yes
99554,yes
99555,yes
99668,yes
99674,yes
99675,yes
99681,yes
99683,yes
99684,yes
99685,yes
99686,yes
99687,yes
99703,yes
99704,yes
99740,yes
99741,yes
99786,yes
99787,yes
99788,yes
99789,yes
99790,yes
99791,yes
99792,yes
99798,yes
99799,yes
99800,yes
99801,yes
99827,yes
99833,yes
99842,yes
99850,yes
99851,yes
99865,yes
99871,yes
99891,yes
99937,yes
99947,yes
100009,yes
100017,yes
100018,yes
100019,yes
100025,yes
100026,yes
100027,yes
100028,yes
100052,yes
100083,yes
100084,yes
100101,yes
100102,yes
100103,yes
100104,yes
100105,yes
100162,yes
100163,yes
100164,yes
100183,yes
100184,yes
100185,yes
100186,yes
100187,yes
100224,yes
100225,yes
100226,yes
100227,yes
100228,yes
100236,yes
100237,yes
100238,yes
100239,yes
100240,yes
100241,yes
100275,yes
100298,yes
100326,yes
100352,yes
100354,yes
100355,yes
100356,yes
100388,yes
100398,yes
100402,yes
100500,yes
100517,yes
100559,yes
100560,yes
100641,yes
100642,yes
100643,yes
100733,yes
100833,yes
100834,yes
100836,yes
100837,yes
100838,yes
100839,yes
100840,yes
100858,yes
100859,yes
100860,yes
100906,yes
100907,yes
100908,yes
100938,yes
101018,yes
101019,yes
101020,yes
101021,yes
101024,yes
101025,yes
101026,yes
101027,yes
101028,yes
101029,yes
101030,yes
101031,yes
101035,yes
101067,yes
101123,yes
101124,yes
101125,yes
101126,yes
101127,yes
101147,yes
101148,yes
101149,yes
101150,yes
101151,yes
101176,yes
101177,yes
101178,yes
101179,yes
101180,yes
101186,yes
101195,yes
101209,yes
101210,yes
101249,yes
101250,yes
101251,yes
101252,yes
101253,yes
101345,yes
101346,yes
101347,yes
101351,yes
101366,yes
101399,yes
101403,yes
101404,yes
101405,yes
101406,yes
101407,yes
101418,yes
101436,yes
101443,yes
101444,yes
101445,yes
101464,yes
101465,yes
101585,yes
101586,yes
101597,yes
101598,yes
101599,yes
101600,yes
101601,yes
101621,yes
101622,yes
101623,yes
101624,yes
101646,yes
101647,yes
101648,yes
101685,yes
101686,yes
101687,yes
101688,yes
101689,yes
101721,yes
101722,yes
101723,yes
101724,yes
101748,yes
101749,yes
101772,yes
101773,yes
101774,yes
101775,yes
101776,yes
101790,zero
101791,zero
101792,zero
101812,zero
101813,zero
101814,zero
101821,zero
101822,zero
101854,zero
101860,zero
101861,zero
101862,zero
101863,zero
101864,zero
101879,zero
101880,zero
101927,zero
101928,zero
101931,zero
101932,zero
101933,zero
101934,zero
101940,zero
101941,zero
101942,zero
101943,zero
101944,zero
101959,zero
101960,zero
101966,zero
101967,zero
102000,zero
102001,zero
102002,zero
102003,zero
102004,zero
102011,zero
102012,zero
102026,zero
102036,zero
102037,zero
102087,zero
102118,zero
102119,zero
102120,zero
102229,zero
102257,zero
102258,zero
102259,zero
102260,zero
102285,zero
102286,zero
102292,zero
102316,zero
102317,zero
102333,zero
102334,zero
102335,zero
102336,zero
102337,zero
102338,zero
102339,zero
102340,zero
102341,zero
102342,zero
102343,zero
102344,zero
102345,zero
102346,zero
102347,zero
102369,zero
102370,zero
102371,zero
102372,zero
102373,zero
102384,zero
102385,zero
102386,zero
102387,zero
102388,zero
102436,zero
102437,zero
102438,zero
102439,zero
102440,zero
102441,zero
102454,zero
102455,zero
102456,zero
102457,zero
102458,zero
102459,zero
102485,zero
102486,zero
102487,zero
102488,zero
102489,zero
102490,zero
102533,zero
102541,zero
102542,zero
102543,zero
102544,zero
102545,zero
102552,zero
102553,zero
102554,zero
102555,zero
102590,zero
102591,zero
102592,zero
102593,zero
102594,zero
102608,zero
102712,zero
102713,zero
102714,zero
102735,zero
102770,zero
102781,zero
102782,zero
102783,zero
102784,zero
102785,zero
102817,zero
102818,zero
102838,zero
102847,zero
102854,zero
102855,zero
102862,zero
102863,zero
102877,zero
102883,zero
102884,zero
102901,zero
102902,zero
102908,zero
102909,zero
102945,zero
102946,zero
102947,zero
102948,zero
102949,zero
103008,zero
103009,zero
103010,zero
103062,zero
103063,zero
103064,zero
103065,zero
103066,zero
103067,zero
103068,zero
103069,zero
103165,zero
103166,zero
103167,zero
103168,zero
103169,zero
103214,zero
103267,zero
103268,zero
103269,zero
103270,zero
103276,zero
103277,zero
103278,zero
103302,zero
103303,zero
103304,zero
103305,zero
103306,zero
103334,zero
103335,zero
103336,zero
103363,zero
103367,zero
103377,zero
103384,zero
103385,zero
103428,zero
103440,zero
103441,zero
103442,zero
103443,zero
103444,zero
103468,zero
103469,zero
103525,zero
103526,zero
103531,zero
103538,zero
103539,zero
103540,zero
103541,zero
103573,zero
103582,zero
103583,zero
103584,zero
103585,zero
103586,zero
103714,zero
103717,zero
103718,zero
103719,zero
103720,zero
103721,zero
103737,zero
103777,zero
103827,zero
103828,zero
103829,zero
103830,zero
103831,zero
103832,zero
103833,zero
103840,zero
103859,zero
103868,zero
103886,zero
103905,zero
103909,zero
103974,zero
103975,zero
104029,zero
104037,zero
104038,zero
104039,zero
104040,zero
104041,zero
104043,zero
104044,zero
104051,zero
104052,zero
104053,zero
104054,zero
104055,zero
104110,zero
104117,zero
104130,zero
104131,zero
104132,zero
104133,zero
104134,zero
104135,zero
104136,zero
104137,zero
104177,zero
104194,zero
104214,zero
104215,zero
104216,zero
104217,zero
104218,zero
104267,zero
104268,zero
104269,zero
104270,zero
104271,zero
104285,zero
104286,zero
104287,zero
104288,zero
104289,zero
104321,zero
104322,zero
104333,zero
104334,zero
104335,zero
104336,zero
104345,zero
104361,zero
104369,zero
104370,zero
104407,zero
104409,zero
104410,zero
104411,zero
104412,zero
104440,zero
104441,zero
104442,zero
104443,zero
104449,zero
104450,zero
104451,zero
104462,zero
104463,zero
104469,zero
104483,zero
104504,zero
104590,zero
104591,zero
104606,zero
104607,zero
104771,zero
104772,zero
104816,zero
104915,zero
104916,zero
104917,zero
104918,zero
104919,zero
104930,zero
104931,zero
104941,zero
104942,zero
104994,zero
104995,zero
104998,zero
105026,zero
105106,zero
105107,zero
105108,zero
105109,zero
105110,zero
105114,zero
105115,zero
105116,zero
105117,zero
105118,zero
105119,zero
105126,zero
105152,zero
105153,zero
105197,zero
105211,zero
105212,zero
105213,zero
105214,zero
105215,zero
105216,zero
105230,zero
105231,zero
105232,zero
105233,zero
105253,zero
105254,zero
105255,zero
105256,zero
105257,zero
105292,zero
105321,zero
105322,zero
105323,zero
105324,zero
105325,zero
105406,zero
105410,zero
105411,zero
105412,zero
105413,zero
105414,zero
105416,zero
105451,zero
105456,zero
105457,zero
105458,zero
105459,zero
105460,zero
105473,zero
105475,zero
105492,zero
105514,zero
105515,zero
105516,zero
105580,zero
105581,zero
105616,zero
105617,zero
105642,zero
105653,zero
105654,zero
105655,zero
105656,zero
105657,zero
105674,zero
105675,zero
105676,zero
105677,zero
105678,zero
105698,zero
105724,zero
105725,zero
105733,zero
105734,zero
105735,zero
105736,zero
105737,zero
105743,zero
105744,zero
105769,zero
105770,zero
105771,zero
105772,zero
105773,zero
105797,zero
105798,zero
105823,zero
105824,zero
105825,zero
105826,zero
105827,zero
13,backward
14,backward
15,backward
16,backward
27,backward
28,backward
29,backward
30,backward
31,backward
68,backward
69,backward
70,backward
71,backward
77,backward
78,backward
79,backward
80,backward
81,backward
82,backward
113,backward
114,backward
115,backward
116,backward
156,backward
157,backward
175,backward
187,backward
188,backward
189,backward
190,backward
191,backward
202,backward
327,backward
328,backward
329,backward
330,backward
335,backward
336,backward
337,backward
338,backward
339,backward
371,backward
372,backward
373,backward
374,backward
375,backward
392,backward
393,backward
394,backward
395,backward
396,backward
397,backward
438,backward
439,backward
440,backward
484,backward
485,backward
486,backward
596,backward
597,backward
598,backward
599,backward
617,backward
618,backward
619,backward
620,backward
621,backward
825,backward
841,backward
842,backward
843,backward
844,backward
845,backward
871,backward
872,backward
873,backward
915,backward
926,backward
927,backward
928,backward
929,backward
930,backward
931,backward
971,backward
972,backward
973,backward
974,backward
1052,backward
1053,backward
1059,backward
1060,backward
1061,backward
1062,backward
1063,backward
1099,backward
1129,backward
1130,backward
1131,backward
1132,backward
1133,backward
1134,backward
1135,backward
1136,backward
1137,backward
1138,backward
1189,backward
1190,backward
1191,backward
1192,backward
1193,backward
1227,backward
1228,backward
1237,backward
1238,backward
1239,backward
1240,backward
1241,backward
1269,backward
1335,backward
1336,backward
1337,backward
1338,backward
1381,backward
1382,backward
1412,backward
1413,backward
1414,backward
1415,backward
1416,backward
1417,backward
1426,backward
1427,backward
1428,backward
1429,backward
1430,backward
1447,backward
1448,backward
1449,backward
1450,backward
1451,backward
1496,backward
1497,backward
1498,backward
1499,backward
1589,backward
1590,backward
1591,backward
1592,backward
1593,backward
1599,backward
1600,backward
1601,backward
1602,backward
1603,backward
1626,backward
1627,backward
1628,backward
1629,backward
1630,backward
1650,backward
1651,backward
1652,backward
1653,backward
1659,backward
1660,backward
1661,backward
1662,backward
1665,bed
1666,bed
1681,bed
1682,bed
1689,bed
1690,bed
1709,bed
1747,bed
1759,bed
1764,bed
1778,bed
1785,bed
1786,bed
1791,bed
1797,bed
1798,bed
1816,bed
1817,bed
1821,bed
1832,bed
1833,bed
1834,bed
1835,bed
1836,bed
1856,bed
1857,bed
1863,bed
1864,bed
1867,bed
1868,bed
1870,bed
1871,bed
1888,bed
1895,bed
1898,bed
1932,bed
1979,bed
1984,bed
1985,bed
1986,bed
2013,bed
2019,bed
2039,bed
2048,bed
2059,bed
2089,bed
2106,bed
2111,bed
2112,bed
2134,bed
2165,bed
2177,bed
2178,bed
2179,bed
2224,bed
2225,bed
2227,bed
2271,bed
2280,bed
2284,bed
2285,bed
2290,bed
2291,bed
2292,bed
2293,bed
2294,bed
2316,bed
2322,bed
2329,bed
2339,bed
2353,bed
2375,bed
2386,bed
2387,bed
2388,bed
2389,bed
2421,bed
2422,bed
2423,bed
2440,bed
2476,bed
2482,bed
2486,bed
2487,bed
2488,bed
2499,bed
2500,bed
2507,bed
2508,bed
2516,bed
2517,bed
2518,bed
2519,bed
2520,bed
2530,bed
2532,bed
2533,bed
2536,bed
2537,bed
2538,bed
2557,bed
2594,bed
2599,bed
2643,bed
2672,bed
2673,bed
2689,bed
2690,bed
2728,bed
2729,bed
2751,bed
2752,bed
2753,bed
2754,bed
2755,bed
2759,bed
2760,bed
2772,bed
2793,bed
2797,bed
2815,bed
2826,bed
2868,bed
2876,bed
2898,bed
2899,bed
2984,bed
2992,bed
2993,bed
3004,bed
3017,bed
3053,bed
3063,bed
3064,bed
3068,bed
3069,bed
3102,bed
3108,bed
3112,bed
3135,bed
3136,bed
3138,bed
3139,bed
3140,bed
3141,bed
3142,bed
3143,bed
3144,bed
3145,bed
3149,bed
3164,bed
3165,bed
3173,bed
3194,bed
3216,bed
3237,bed
3247,bed
3248,bed
3261,bed
3262,bed
3265,bed
3266,bed
3267,bed
3268,bed
3272,bed
3280,bed
3281,bed
3282,bed
3283,bed
3285,bed
3286,bed
3305,bed
3312,bed
3322,bed
3335,bed
3343,bed
3348,bed
3349,bed
3356,bed
3379,bed
3380,bed
3398,bed
3407,bed
3418,bed
3419,bed
3455,bed
3483,bed
3531,bed
3539,bed
3579,bed
3580,bed
3582,bed
3601,bed
3602,bed
3603,bed
3645,bed
3652,bed
3663,bed
3664,bed
3669,bed
3670,bed
3672,bed
3703,bird
3711,bird
3719,bird
3720,bird
3722,bird
3723,bird
3753,bird
3767,bird
3768,bird
3769,bird
3777,bird
3793,bird
3794,bird
3800,bird
3801,bird
3805,bird
3807,bird
3808,bird
3826,bird
3827,bird
3831,bird
3857,bird
3861,bird
3862,bird
3863,bird
3864,bird
3866,bird
3867,bird
3868,bird
3873,bird
3874,bird
3875,bird
3876,bird
3889,bird
3890,bird
3891,bird
3899,bird
3994,bird
3995,bird
3998,bird
3999,bird
4015,bird
4028,bird
4031,bird
4032,bird
4033,bird
4049,bird
4056,bird
4073,bird
4074,bird
4118,bird
4130,bird
4147,bird
4149,bird
4165,bird
4182,bird
4208,bird
4232,bird
4233,bird
4261,bird
4265,bird
4266,bird
4279,bird
4314,bird
4315,bird
4332,bird
4333,bird
4340,bird
4341,bird
4342,bird
4343,bird
4360,bird
4370,bird
4378,bird
4382,bird
4394,bird
4395,bird
4405,bird
4425,bird
4436,bird
4452,bird
4461,bird
4477,bird
4478,bird
4479,bird
4524,bird
4532,bird
4542,bird
4549,bird
4552,bird
4553,bird
4560,bird
4567,bird
4568,bird
4569,bird
4579,bird
4582,bird
4583,bird
4586,bird
4588,bird
4629,bird
4639,bird
4640,bird
4644,bird
4652,bird
4705,bird
4732,bird
4741,bird
4742,bird
4743,bird
4744,bird
4782,bird
4806,bird
4812,bird
4818,bird
4839,bird
4859,bird
4908,bird
4921,bird
4966,bird
4996,bird
5001,bird
5060,bird
5077,bird
5078,bird
5079,bird
5080,bird
5081,bird
5103,bird
5104,bird
5120,bird
5122,bird
5123,bird
5147,bird
5149,bird
5150,bird
5163,bird
5169,bird
5173,bird
5180,bird
5187,bird
5193,bird
5194,bird
5195,bird
5199,bird
5200,bird
5201,bird
5202,bird
5203,bird
5205,bird
5221,bird
5232,bird
5250,bird
5303,bird
5308,bird
5309,bird
5310,bird
5315,bird
5320,bird
5321,bird
5327,bird
5333,bird
5334,bird
5338,bird
5339,bird
5340,bird
5362,bird
5363,bird
5364,bird
5373,bird
5381,bird
5382,bird
5383,bird
5384,bird
5404,bird
5405,bird
5414,bird
5434,bird
5436,bird
5451,bird
5452,bird
5453,bird
5462,bird
5463,bird
5472,bird
5483,bird
5504,bird
5522,bird
5523,bird
5544,bird
5545,bird
5587,bird
5658,bird
5659,bird
5660,bird
5664,bird
5665,bird
5671,bird
5682,bird
5710,bird
5722,bird
5728,bird
5729,bird
5732,bird
5733,bird
5735,bird
5742,cat
5743,cat
5755,cat
5759,cat
5760,cat
5761,cat
5778,cat
5794,cat
5796,cat
5816,cat
5818,cat
5822,cat
5835,cat
5840,cat
5843,cat
5864,cat
5865,cat
5876,cat
5882,cat
5883,cat
5900,cat
5901,cat
5915,cat
5933,cat
5935,cat
5937,cat
5952,cat
5953,cat
5962,cat
5963,cat
5966,cat
5967,cat
5981,cat
6002,cat
6003,cat
6012,cat
6017,cat
6062,cat
6063,cat
6067,cat
6069,cat
6083,cat
6095,cat
6099,cat
6100,cat
6124,cat
6136,cat
6146,cat
6160,cat
6182,cat
6206,cat
6207,cat
6217,cat
6232,cat
6233,cat
6234,cat
6249,cat
6251,cat
6261,cat
6284,cat
6285,cat
6328,cat
6331,cat
6332,cat
6342,cat
6343,cat
6372,cat
6387,cat
6391,cat
6392,cat
6393,cat
6394,cat
6395,cat
6421,cat
6422,cat
6423,cat
6443,cat
6459,cat
6465,cat
6487,cat
6538,cat
6544,cat
6549,cat
6550,cat
6551,cat
6554,cat
6555,cat
6559,cat
6560,cat
6566,cat
6567,cat
6569,cat
6576,cat
6583,cat
6596,cat
6604,cat
6606,cat
6607,cat
6644,cat
6667,cat
6751,cat
6756,cat
6766,cat
6767,cat
6769,cat
6791,cat
6808,cat
6811,cat
6828,cat
6832,cat
6842,cat
6853,cat
6870,cat
6874,cat
6901,cat
6904,cat
6905,cat
6906,cat
6941,cat
6955,cat
6957,cat
6965,cat
6974,cat
6975,cat
7002,cat
7030,cat
7031,cat
7040,cat
7062,cat
7082,cat
7098,cat
7099,cat
7100,cat
7104,cat
7109,cat
7110,cat
7149,cat
7150,cat
7164,cat
7165,cat
7167,cat
7168,cat
7169,cat
7192,cat
7206,cat
7209,cat
7213,cat
7214,cat
7215,cat
7226,cat
7243,cat
7249,cat
7250,cat
7271,cat
7283,cat
7284,cat
7301,cat
7315,cat
7329,cat
7355,cat
7356,cat
7357,cat
7358,cat
7359,cat
7380,cat
7381,cat
7387,cat
7393,cat
7395,cat
7426,cat
7427,cat
7428,cat
7429,cat
7430,cat
7462,cat
7463,cat
7464,cat
7465,cat
7481,cat
7482,cat
7493,cat
7508,cat
7550,cat
7569,cat
7570,cat
7606,cat
7673,cat
7676,cat
7677,cat
7678,cat
7691,cat
7692,cat
7695,cat
7696,cat
7702,cat
7712,cat
7733,cat
7734,cat
7741,cat
7755,cat
7760,cat
7761,cat
7768,cat
7792,dog
7804,dog
7820,dog
7822,dog
7823,dog
7824,dog
7841,dog
7842,dog
7843,dog
7844,dog
7864,dog
7865,dog
7867,dog
7873,dog
7885,dog
7886,dog
7892,dog
7897,dog
7932,dog
7935,dog
7962,dog
7988,dog
7990,dog
7991,dog
7992,dog
7998,dog
8014,dog
8015,dog
8016,dog
8017,dog
8021,dog
8022,dog
8024,dog
8025,dog
8026,dog
8036,dog
8073,dog
8125,dog
8126,dog
8127,dog
8129,dog
8131,dog
8133,dog
8151,dog
8166,dog
8167,dog
8168,dog
8180,dog
8187,dog
8225,dog
8247,dog
8262,dog
8263,dog
8275,dog
8282,dog
8283,dog
8284,dog
8285,dog
8297,dog
8298,dog
8300,dog
8301,dog
8311,dog
8390,dog
8394,dog
8406,dog
8421,dog
8437,dog
8448,dog
8460,dog
8486,dog
8496,dog
8499,dog
8511,dog
8530,dog
8543,dog
8561,dog
8562,dog
8613,dog
8614,dog
8615,dog
8628,dog
8631,dog
8642,dog
8646,dog
8648,dog
8653,dog
8656,dog
8672,dog
8673,dog
8677,dog
8679,dog
8681,dog
8683,dog
8710,dog
8721,dog
8732,dog
8737,dog
8738,dog
8739,dog
8748,dog
8754,dog
8755,dog
8809,dog
8843,dog
8858,dog
8859,dog
8860,dog
8885,dog
8898,dog
8914,dog
8919,dog
8925,dog
8929,dog
8941,dog
8960,dog
8980,dog
8990,dog
8991,dog
9031,dog
9036,dog
9037,dog
9041,dog
9091,dog
9092,dog
9120,dog
9155,dog
9168,dog
9181,dog
9193,dog
9194,dog
9195,dog
9196,dog
9198,dog
9225,dog
9234,dog
9238,dog
9239,dog
9240,dog
9241,dog
9242,dog
9265,dog
9275,dog
9276,dog
9279,dog
9283,dog
9288,dog
9300,dog
9314,dog
9315,dog
9316,dog
9318,dog
9321,dog
9322,dog
9325,dog
9338,dog
9348,dog
9364,dog
9388,dog
9406,dog
9414,dog
9423,dog
9424,dog
9440,dog
9454,dog
9455,dog
9456,dog
9457,dog
9482,dog
9483,dog
9484,dog
9496,dog
9509,dog
9510,dog
9511,dog
9518,dog
9536,dog
9542,dog
9543,dog
9554,dog
9577,dog
9580,dog
9595,dog
9596,dog
9605,dog
9606,dog
9617,dog
9649,dog
9662,dog
9663,dog
9693,dog
9698,dog
9740,dog
9754,dog
9791,dog
9792,dog
9800,dog
9825,dog
9826,dog
9829,dog
9832,dog
9840,dog
9858,dog
9864,dog
9875,dog
9876,dog
9880,dog
9881,dog
9889,dog
9890,dog
9891,dog
9892,dog
9894,dog
9902,down
9929,down
9940,down
9941,down
9948,down
9949,down
9950,down
9951,down
9974,down
9975,down
9976,down
9977,down
9980,down
10007,down
10008,down
10065,down
10066,down
10067,down
10068,down
10075,down
10076,down
10077,down
10078,down
10107,down
10116,down
10117,down
10118,down
10119,down
10120,down
10157,down
10161,down
10162,down
10163,down
10164,down
10170,down
10212,down
10259,down
10267,down
10275,down
10293,down
10311,down
10312,down
10318,down
10319,down
10328,down
10329,down
10330,down
10331,down
10332,down
10335,down
10336,down
10337,down
10387,down
10408,down
10438,down
10441,down
10442,down
10443,down
10551,down
10558,down
10564,down
10565,down
10587,down
10617,down
10618,down
10646,down
10647,down
10648,down
10649,down
10650,down
10670,down
10671,down
10672,down
10673,down
10699,down
10700,down
10701,down
10702,down
10716,down
10759,down
10760,down
10792,down
10793,down
10794,down
10795,down
10796,down
10816,down
10817,down
10818,down
10819,down
10820,down
10843,down
10871,down
10872,down
10873,down
10887,down
10888,down
10902,down
10913,down
10914,down
10915,down
10916,down
10918,down
10919,down
10960,down
11002,down
11003,down
11004,down
11005,down
11006,down
11055,down
11056,down
11061,down
11062,down
11063,down
11064,down
11065,down
11066,down
11089,down
11116,down
11117,down
11118,down
11174,down
11175,down
11190,down
11191,down
11192,down
11193,down
11194,down
11195,down
11225,down
11229,down
11230,down
11246,down
11247,down
11248,down
11249,down
11250,down
11255,down
11295,down
11296,down
11297,down
11298,down
11299,down
11337,down
11338,down
11339,down
11340,down
11341,down
11363,down
11378,down
11379,down
11389,down
11390,down
11475,down
11493,down
11494,down
11495,down
11496,down
11497,down
11505,down
11506,down
11521,down
11529,down
11530,down
11534,down
11535,down
11549,down
11570,down
11571,down
11572,down
11573,down
11584,down
11585,down
11587,down
11588,down
11589,down
11590,down
11591,down
11594,down
11596,down
11597,down
11598,down
11599,down
11600,down
11650,down
11691,down
11705,down
11706,down
11781,down
11782,down
11783,down
11784,down
11830,down
11838,down
11857,down
11858,down
11862,down
11863,down
11864,down
11865,down
11866,down
11876,down
11908,down
11909,down
11910,down
11911,down
11912,down
11936,down
11966,down
11976,down
11977,down
11978,down
11983,down
11984,down
11992,down
11993,down
11994,down
12013,down
12014,down
12015,down
12016,down
12017,down
12039,down
12087,down
12088,down
12089,down
12090,down
12091,down
12170,down
12187,down
12188,down
12189,down
12190,down
12222,down
12223,down
12306,down
12372,down
12377,down
12378,down
12379,down
12380,down
12447,down
12448,down
12449,down
12461,down
12502,down
12549,down
12550,down
12551,down
12552,down
12553,down
12554,down
12555,down
12556,down
12557,down
12558,down
12559,down
12560,down
12591,down
12592,down
12593,down
12594,down
12595,down
12596,down
12597,down
12598,down
12599,down
12600,down
12601,down
12622,down
12647,down
12648,down
12649,down
12650,down
12659,down
12682,down
12693,down
12694,down
12695,down
12696,down
12697,down
12746,down
12747,down
12748,down
12762,down
12763,down
12764,down
12765,down
12766,down
12767,down
12768,down
12769,down
12772,down
12773,down
12820,down
12833,down
12834,down
12835,down
12836,down
12837,down
12876,down
12914,down
12957,down
12958,down
12962,down
12968,down
12969,down
13002,down
13014,down
13029,down
13030,down
13049,down
13050,down
13056,down
13057,down
13058,down
13059,down
13060,down
13061,down
13064,down
13091,down
13114,down
13115,down
13116,down
13117,down
13118,down
13141,down
13142,down
13158,down
13173,down
13178,down
13179,down
13180,down
13181,down
13197,down
13198,down
13199,down
13200,down
13246,down
13247,down
13248,down
13249,down
13298,down
13299,down
13300,down
13301,down
13302,down
13303,down
13304,down
13323,down
13333,down
13372,down
13373,down
13374,down
13375,down
13376,down
13400,down
13511,down
13512,down
13513,down
13514,down
13515,down
13543,down
13660,down
13661,down
13662,down
13663,down
13678,down
13679,down
13680,down
13681,down
13682,down
13702,down
13703,down
13704,down
13705,down
13706,down
13756,down
13757,down
13758,down
13759,down
13760,down
13782,down
13788,down
13789,down
13797,down
13798,down
13804,down
13811,down
13812,down
13818,eight
13842,eight
13843,eight
13844,eight
13862,eight
13868,eight
13869,eight
13870,eight
13871,eight
13899,eight
13900,eight
13901,eight
13902,eight
13932,eight
13993,eight
13994,eight
14003,eight
14004,eight
14005,eight
14006,eight
14007,eight
14033,eight
14034,eight
14047,eight
14048,eight
14049,eight
14050,eight
14051,eight
14081,eight
14083,eight
14084,eight
14085,eight
14086,eight
14123,eight
14190,eight
14191,eight
14216,eight
14224,eight
14225,eight
14226,eight
14227,eight
14228,eight
14229,eight
14230,eight
14231,eight
14300,eight
14327,eight
14328,eight
14431,eight
14435,eight
14441,eight
14467,eight
14500,eight
14523,eight
14524,eight
14525,eight
14526,eight
14548,eight
14549,eight
14550,eight
14551,eight
14552,eight
14649,eight
14650,eight
14651,eight
14652,eight
14653,eight
14670,eight
14671,eight
14672,eight
14673,eight
14674,eight
14722,eight
14735,eight
14736,eight
14737,eight
14750,eight
14751,eight
14764,eight
14765,eight
14766,eight
14767,eight
14769,eight
14779,eight
14780,eight
14855,eight
14856,eight
14924,eight
14925,eight
14926,eight
14927,eight
14928,eight
14952,eight
14953,eight
14954,eight
14984,eight
14985,eight
14986,eight
14988,eight
15015,eight
15044,eight
15051,eight
15052,eight
15053,eight
15054,eight
15055,eight
15056,eight
15057,eight
15058,eight
15087,eight
15088,eight
15097,eight
15111,eight
15112,eight
15113,eight
15114,eight
15115,eight
15119,eight
15146,eight
15158,eight
15159,eight
15160,eight
15198,eight
15199,eight
15200,eight
15201,eight
15202,eight
15255,eight
15256,eight
15257,eight
15258,eight
15259,eight
15358,eight
15371,eight
15372,eight
15373,eight
15374,eight
15375,eight
15379,eight
15380,eight
15401,eight
15408,eight
15409,eight
15410,eight
15411,eight
15418,eight
15419,eight
15437,eight
15438,eight
15439,eight
15440,eight
15447,eight
15448,eight
15449,eight
15452,eight
15453,eight
15454,eight
15455,eight
15506,eight
15555,eight
15556,eight
15557,eight
15570,eight
15571,eight
15572,eight
15581,eight
15675,eight
15676,eight
15677,eight
15678,eight
15727,eight
15728,eight
15729,eight
15755,eight
15756,eight
15757,eight
15760,eight
15761,eight
15762,eight
15763,eight
15808,eight
15809,eight
15810,eight
15811,eight
15812,eight
15834,eight
15835,eight
15837,eight
15870,eight
15872,eight
15880,eight
15881,eight
15882,eight
15883,eight
15908,eight
15914,eight
15915,eight
15916,eight
15917,eight
15918,eight
15919,eight
15920,eight
15921,eight
15987,eight
15988,eight
15989,eight
15990,eight
15991,eight
16067,eight
16079,eight
16080,eight
16084,eight
16112,eight
16131,eight
16175,eight
16176,eight
16238,eight
16239,eight
16243,eight
16244,eight
16245,eight
16246,eight
16287,eight
16288,eight
16326,eight
16347,eight
16357,eight
16363,eight
16364,eight
16365,eight
16415,eight
16416,eight
16417,eight
16418,eight
16419,eight
16420,eight
16421,eight
16422,eight
16423,eight
16424,eight
16425,eight
16444,eight
16445,eight
16446,eight
16448,eight
16449,eight
16450,eight
16451,eight
16452,eight
16454,eight
16455,eight
16456,eight
16457,eight
16458,eight
16459,eight
16460,eight
16461,eight
16462,eight
16489,eight
16490,eight
16491,eight
16492,eight
16493,eight
16519,eight
16520,eight
16521,eight
16522,eight
16523,eight
16558,eight
16559,eight
16569,eight
16570,eight
16571,eight
16572,eight
16573,eight
16576,eight
16590,eight
16591,eight
16592,eight
16621,eight
16638,eight
16639,eight
16640,eight
16641,eight
16642,eight
16644,eight
16645,eight
16646,eight
16648,eight
16649,eight
16650,eight
16683,eight
16684,eight
16690,eight
16691,eight
16692,eight
16693,eight
16723,eight
16762,eight
16763,eight
16807,eight
16811,eight
16812,eight
16842,eight
16868,eight
16869,eight
16894,eight
16895,eight
16896,eight
16897,eight
16937,eight
16938,eight
16955,eight
16956,eight
16957,eight
16958,eight
16959,eight
16979,eight
16992,eight
17006,eight
17018,eight
17019,eight
17020,eight
17021,eight
17022,eight
17061,eight
17062,eight
17063,eight
17064,eight
17065,eight
17066,eight
17109,eight
17110,eight
17111,eight
17112,eight
17113,eight
17114,eight
17139,eight
17182,eight
17183,eight
17184,eight
17185,eight
17186,eight
17209,eight
17312,eight
17313,eight
17314,eight
17315,eight
17342,eight
17343,eight
17425,eight
17428,eight
17429,eight
17430,eight
17459,eight
17462,eight
17463,eight
17479,eight
17480,eight
17481,eight
17482,eight
17483,eight
17499,eight
17500,eight
17501,eight
17502,eight
17550,eight
17551,eight
17552,eight
17553,eight
17554,eight
17575,eight
17576,eight
17577,eight
17592,eight
17597,eight
17598,eight
17599,eight
17605,five
17640,five
17650,five
17656,five
17657,five
17658,five
17659,five
17660,five
17682,five
17683,five
17684,five
17685,five
17686,five
17713,five
17714,five
17715,five
17716,five
17772,five
17778,five
17779,five
17780,five
17781,five
17790,five
17791,five
17792,five
17793,five
17794,five
17832,five
17833,five
17834,five
17835,five
17836,five
17840,five
17879,five
17883,five
17884,five
17885,five
17886,five
17909,five
17930,five
17976,five
17977,five
17990,five
17996,five
18010,five
18011,five
18012,five
18013,five
18031,five
18032,five
18033,five
18034,five
18035,five
18044,five
18045,five
18046,five
18047,five
18048,five
18049,five
18050,five
18051,five
18070,five
18079,five
18145,five
18146,five
18147,five
18153,five
18267,five
18268,five
18270,five
18277,five
18278,five
18279,five
18318,five
18353,five
18364,five
18365,five
18386,five
18387,five
18388,five
18389,five
18390,five
18409,five
18410,five
18411,five
18412,five
18413,five
18443,five
18480,five
18512,five
18513,five
18514,five
18515,five
18516,five
18537,five
18538,five
18539,five
18540,five
18541,five
18565,five
18566,five
18593,five
18612,five
18626,five
18627,five
18636,five
18637,five
18638,five
18642,five
18651,five
18698,five
18744,five
18803,five
18806,five
18807,five
18808,five
18809,five
18810,five
18847,five
18848,five
18876,five
18912,five
18931,five
18932,five
18933,five
18949,five
18950,five
18951,five
18952,five
18953,five
18954,five
18955,five
18992,five
18993,five
18994,five
19015,five
19016,five
19017,five
19018,five
19019,five
19026,five
19027,five
19028,five
19057,five
19067,five
19068,five
19069,five
19070,five
19071,five
19113,five
19114,five
19115,five
19116,five
19117,five
19144,five
19175,five
19176,five
19197,five
19266,five
19267,five
19273,five
19274,five
19285,five
19286,five
19287,five
19288,five
19289,five
19290,five
19291,five
19296,five
19297,five
19331,five
19332,five
19333,five
19334,five
19341,five
19343,five
19347,five
19354,five
19358,five
19359,five
19374,five
19375,five
19376,five
19377,five
19378,five
19384,five
19387,five
19388,five
19389,five
19390,five
19391,five
19392,five
19393,five
19395,five
19397,five
19398,five
19399,five
19400,five
19401,five
19487,five
19488,five
19489,five
19491,five
19492,five
19510,five
19522,five
19523,five
19524,five
19525,five
19618,five
19619,five
19620,five
19621,five
19622,five
19677,five
19698,five
19699,five
19700,five
19703,five
19704,five
19705,five
19706,five
19707,five
19750,five
19751,five
19752,five
19753,five
19781,five
19805,five
19806,five
19814,five
19817,five
19830,five
19831,five
19853,five
19857,five
19858,five
19859,five
19860,five
19861,five
19862,five
19893,five
19894,five
19948,five
19949,five
19950,five
19951,five
19952,five
19965,five
19966,five
20062,five
20066,five
20067,five
20068,five
20069,five
20103,five
20104,five
20105,five
20162,five
20213,five
20224,five
20225,five
20226,five
20227,five
20228,five
20266,five
20267,five
20336,five
20349,five
20357,five
20404,five
20405,five
20406,five
20407,five
20408,five
20409,five
20410,five
20411,five
20412,five
20413,five
20414,five
20444,five
20447,five
20448,five
20449,five
20450,five
20451,five
20452,five
20453,five
20454,five
20455,five
20476,five
20477,five
20478,five
20479,five
20480,five
20510,five
20511,five
20518,five
20555,five
20556,five
20557,five
20558,five
20559,five
20564,five
20602,five
20608,five
20621,five
20622,five
20623,five
20624,five
20625,five
20626,five
20627,five
20668,five
20680,five
20681,five
20682,five
20683,five
20684,five
20732,five
20773,five
20774,five
20817,five
20818,five
20823,five
20824,five
20879,five
20880,five
20881,five
20903,five
20909,five
20910,five
20911,five
20912,five
20913,five
20914,five
20917,five
20949,five
20969,five
20970,five
20971,five
20972,five
20973,five
21001,five
21018,five
21030,five
21031,five
21032,five
21033,five
21034,five
21072,five
21073,five
21074,five
21075,five
21076,five
21078,five
21079,five
21102,five
21124,five
21125,five
21126,five
21127,five
21128,five
21129,five
21174,five
21213,five
21214,five
21215,five
21216,five
21217,five
21269,five
21270,five
21342,five
21343,five
21344,five
21345,five
21346,five
21456,five
21461,five
21462,five
21499,five
21500,five
21514,five
21515,five
21516,five
21517,five
21518,five
21536,five
21537,five
21538,five
21539,five
21540,five
21594,five
21595,five
21596,five
21597,five
21598,five
21625,five
21632,five
21637,five
21639,five
21646,five
21647,five
21648,five
21649,five
21650,five
21671,follow
21672,follow
21673,follow
21674,follow
21683,follow
21684,follow
21685,follow
21686,follow
21687,follow
21729,follow
21730,follow
21731,follow
21738,follow
21739,follow
21740,follow
21767,follow
21768,follow
21769,follow
21770,follow
21771,follow
21809,follow
21826,follow
21838,follow
21839,follow
21840,follow
21852,follow
21855,follow
21867,follow
21868,follow
21981,follow
21982,follow
21983,follow
21984,follow
21985,follow
21993,follow
21994,follow
21995,follow
22029,follow
22030,follow
22031,follow
22032,follow
22033,follow
22046,follow
22047,follow
22048,follow
22085,follow
22086,follow
22087,follow
22088,follow
22147,follow
22148,follow
22149,follow
22150,follow
22241,follow
22242,follow
22243,follow
22244,follow
22245,follow
22263,follow
22264,follow
22265,follow
22266,follow
22267,follow
22334,follow
22335,follow
22451,follow
22452,follow
22453,follow
22454,follow
22455,follow
22474,follow
22475,follow
22476,follow
22477,follow
22478,follow
22569,follow
22570,follow
22571,follow
22572,follow
22650,follow
22656,follow
22657,follow
22661,follow
22662,follow
22663,follow
22664,follow
22665,follow
22708,follow
22709,follow
22729,follow
22730,follow
22731,follow
22732,follow
22733,follow
22734,follow
22735,follow
22736,follow
22737,follow
22738,follow
22739,follow
22793,follow
22794,follow
22795,follow
22796,follow
22797,follow
22831,follow
22832,follow
22833,follow
22834,follow
22835,follow
22860,follow
22913,follow
22914,follow
22915,follow
22916,follow
22960,follow
22980,follow
22981,follow
22982,follow
22983,follow
22984,follow
22987,follow
23004,follow
23005,follow
23006,follow
23007,follow
23008,follow
23009,follow
23031,follow
23032,follow
23033,follow
23034,follow
23061,follow
23077,follow
23078,follow
23079,follow
23080,follow
23081,follow
23104,follow
23173,follow
23174,follow
23175,follow
23176,follow
23177,follow
23182,follow
23183,follow
23184,follow
23185,follow
23186,follow
23207,follow
23208,follow
23209,follow
23210,follow
23231,follow
23232,follow
23233,follow
23234,follow
23235,follow
23249,forward
23250,forward
23260,forward
23261,forward
23262,forward
23263,forward
23264,forward
23298,forward
23299,forward
23300,forward
23305,forward
23306,forward
23307,forward
23308,forward
23309,forward
23332,forward
23333,forward
23334,forward
23335,forward
23336,forward
23371,forward
23387,forward
23397,forward
23398,forward
23399,forward
23400,forward
23401,forward
23412,forward
23549,forward
23550,forward
23551,forward
23552,forward
23553,forward
23554,forward
23561,forward
23562,forward
23563,forward
23577,forward
23595,forward
23596,forward
23597,forward
23598,forward
23599,forward
23612,forward
23613,forward
23614,forward
23615,forward
23651,forward
23652,forward
23653,forward
23654,forward
23655,forward
23707,forward
23708,forward
23709,forward
23710,forward
23805,forward
23806,forward
23807,forward
23808,forward
23809,forward
23824,forward
23825,forward
23826,forward
23827,forward
24016,forward
24028,forward
24029,forward
24030,forward
24031,forward
24052,forward
24053,forward
24054,forward
24055,forward
24056,forward
24098,forward
24099,forward
24100,forward
24101,forward
24119,forward
24120,forward
24121,forward
24158,forward
24159,forward
24160,forward
24161,forward
24162,forward
24233,forward
24234,forward
24240,forward
24241,forward
24242,forward
24243,forward
24271,forward
24300,forward
24301,forward
24302,forward
24303,forward
24304,forward
24305,forward
24306,forward
24307,forward
24308,forward
24358,forward
24359,forward
24383,forward
24389,forward
24395,forward
24396,forward
24397,forward
24398,forward
24399,forward
24423,forward
24424,forward
24442,forward
24473,forward
24474,forward
24475,forward
24476,forward
24515,forward
24521,forward
24545,forward
24546,forward
24547,forward
24566,forward
24567,forward
24568,forward
24569,forward
24570,forward
24591,forward
24592,forward
24593,forward
24594,forward
24595,forward
24644,forward
24645,forward
24646,forward
24647,forward
24730,forward
24731,forward
24732,forward
24733,forward
24738,forward
24739,forward
24740,forward
24741,forward
24742,forward
24762,forward
24763,forward
24764,forward
24765,forward
24781,forward
24789,forward
24790,forward
24791,forward
24792,forward
24793,four
24820,four
24830,four
24836,four
24837,four
24838,four
24861,four
24862,four
24863,four
24864,four
24898,four
24899,four
24900,four
24951,four
24956,four
24957,four
24958,four
24968,four
24969,four
24970,four
25002,four
25003,four
25004,four
25005,four
25006,four
25011,four
25012,four
25013,four
25039,four
25042,four
25043,four
25044,four
25060,four
25089,four
25090,four
25091,four
25092,four
25126,four
25127,four
25128,four
25133,four
25134,four
25153,four
25157,four
25178,four
25179,four
25182,four
25192,four
25193,four
25194,four
25195,four
25196,four
25197,four
25200,four
25201,four
25222,four
25233,four
25237,four
25256,four
25286,four
25313,four
25425,four
25440,four
25478,four
25481,four
25482,four
25503,four
25504,four
25505,four
25506,four
25523,four
25524,four
25525,four
25526,four
25548,four
25566,four
25609,four
25610,four
25638,four
25660,four
25661,four
25683,four
25713,four
25726,four
25727,four
25728,four
25729,four
25737,four
25748,four
25749,four
25750,four
25751,four
25763,four
25764,four
25806,four
25807,four
25808,four
25809,four
25856,four
25857,four
25909,four
25911,four
25912,four
25914,four
25915,four
25916,four
25917,four
25938,four
25967,four
25968,four
25970,four
25971,four
25992,four
25993,four
25994,four
26013,four
26033,four
26034,four
26035,four
26036,four
26037,four
26038,four
26089,four
26090,four
26091,four
26092,four
26093,four
26098,four
26126,four
26127,four
26144,four
26145,four
26146,four
26147,four
26193,four
26194,four
26195,four
26196,four
26236,four
26250,four
26336,four
26337,four
26355,four
26356,four
26357,four
26358,four
26359,four
26360,four
26383,four
26384,four
26398,four
26401,four
26402,four
26403,four
26407,four
26410,four
26411,four
26418,four
26419,four
26420,four
26436,four
26437,four
26438,four
26439,four
26440,four
26450,four
26451,four
26452,four
26453,four
26454,four
26457,four
26462,four
26463,four
26464,four
26545,four
26546,four
26550,four
26566,four
26567,four
26572,four
26573,four
26574,four
26668,four
26669,four
26670,four
26671,four
26672,four
26723,four
26724,four
26745,four
26746,four
26747,four
26749,four
26750,four
26751,four
26752,four
26753,four
26799,four
26800,four
26801,four
26819,four
26823,four
26843,four
26844,four
26851,four
26852,four
26864,four
26865,four
26888,four
26894,four
26895,four
26896,four
26897,four
26898,four
26940,four
26941,four
26942,four
26943,four
26944,four
26945,four
26973,four
26974,four
26975,four
26976,four
26991,four
27055,four
27066,four
27068,four
27069,four
27070,four
27071,four
27099,four
27100,four
27146,four
27208,four
27217,four
27218,four
27219,four
27220,four
27246,four
27269,four
27270,four
27271,four
27284,four
27304,four
27317,four
27318,four
27367,four
27368,four
27369,four
27370,four
27371,four
27372,four
27373,four
27374,four
27375,four
27394,four
27395,four
27400,four
27404,four
27405,four
27406,four
27407,four
27408,four
27409,four
27410,four
27411,four
27412,four
27413,four
27434,four
27435,four
27436,four
27459,four
27460,four
27469,four
27497,four
27506,four
27507,four
27508,four
27509,four
27513,four
27530,four
27559,four
27574,four
27575,four
27576,four
27577,four
27581,four
27619,four
27627,four
27628,four
27629,four
27630,four
27631,four
27695,four
27760,four
27761,four
27780,four
27791,four
27804,four
27828,four
27829,four
27830,four
27831,four
27832,four
27834,four
27865,four
27883,four
27884,four
27885,four
27886,four
27887,four
27904,four
27905,four
27929,four
27930,four
27931,four
27932,four
27946,four
27947,four
27948,four
27949,four
27950,four
27985,four
27986,four
27987,four
27988,four
27989,four
27990,four
28010,four
28031,four
28032,four
28033,four
28034,four
28035,four
28036,four
28075,four
28076,four
28077,four
28118,four
28119,four
28120,four
28121,four
28122,four
28206,four
28257,four
28258,four
28259,four
28260,four
28261,four
28354,four
28358,four
28396,four
28399,four
28400,four
28412,four
28413,four
28414,four
28415,four
28416,four
28426,four
28427,four
28428,four
28452,four
28458,four
28459,four
28469,four
28470,four
28471,four
28472,four
28509,four
28510,four
28511,four
28521,go
28522,go
28572,go
28573,go
28578,go
28585,go
28586,go
28587,go
28588,go
28589,go
28606,go
28607,go
28608,go
28609,go
28610,go
28611,go
28612,go
28644,go
28645,go
28704,go
28705,go
28710,go
28711,go
28712,go
28713,go
28714,go
28720,go
28721,go
28722,go
28752,go
28761,go
28762,go
28763,go
28764,go
28765,go
28767,go
28768,go
28806,go
28810,go
28811,go
28812,go
28813,go
28814,go
28819,go
28852,go
28853,go
28872,go
28913,go
28922,go
28937,go
28939,go
28957,go
28958,go
28959,go
28960,go
28961,go
28969,go
28970,go
28971,go
28972,go
28973,go
28974,go
28975,go
28976,go
29015,go
29041,go
29059,go
29060,go
29071,go
29077,go
29207,go
29255,go
29256,go
29257,go
29265,go
29288,go
29289,go
29290,go
29291,go
29292,go
29293,go
29316,go
29317,go
29318,go
29342,go
29432,go
29433,go
29434,go
29435,go
29454,go
29455,go
29456,go
29457,go
29458,go
29481,go
29513,go
29514,go
29531,go
29532,go
29553,go
29556,go
29557,go
29558,go
29559,go
29560,go
29562,go
29563,go
29651,go
29652,go
29653,go
29654,go
29671,go
29723,go
29726,go
29727,go
29728,go
29729,go
29752,go
29753,go
29754,go
29781,go
29841,go
29856,go
29857,go
29858,go
29859,go
29860,go
29861,go
29862,go
29863,go
29890,go
29891,go
29898,go
29899,go
29915,go
29916,go
29917,go
29918,go
29926,go
29952,go
29953,go
29966,go
29967,go
29968,go
29969,go
29970,go
30014,go
30015,go
30016,go
30017,go
30018,go
30042,go
30043,go
30044,go
30073,go
30074,go
30075,go
30076,go
30093,go
30180,go
30181,go
30182,go
30183,go
30184,go
30193,go
30209,go
30210,go
30217,go
30218,go
30219,go
30221,go
30229,go
30230,go
30231,go
30237,go
30238,go
30241,go
30253,go
30254,go
30255,go
30256,go
30257,go
30264,go
30265,go
30266,go
30267,go
30268,go
30269,go
30272,go
30273,go
30274,go
30275,go
30330,go
30331,go
30332,go
30370,go
30371,go
30373,go
30387,go
30393,go
30394,go
30395,go
30477,go
30478,go
30479,go
30480,go
30481,go
30526,go
30542,go
30543,go
30544,go
30547,go
30548,go
30587,go
30588,go
30589,go
30590,go
30613,go
30654,go
30655,go
30684,go
30685,go
30686,go
30687,go
30711,go
30760,go
30761,go
30762,go
30763,go
30764,go
30781,go
30782,go
30851,go
30852,go
30859,go
30860,go
30861,go
30862,go
30893,go
30916,go
31006,go
31007,go
31014,go
31015,go
31016,go
31017,go
31044,go
31045,go
31110,go
31111,go
31112,go
31125,go
31131,go
31188,go
31189,go
31190,go
31191,go
31192,go
31193,go
31194,go
31195,go
31196,go
31197,go
31198,go
31199,go
31222,go
31225,go
31226,go
31227,go
31228,go
31229,go
31230,go
31231,go
31232,go
31233,go
31253,go
31254,go
31279,go
31280,go
31281,go
31282,go
31314,go
31325,go
31326,go
31327,go
31328,go
31329,go
31344,go
31345,go
31377,go
31391,go
31392,go
31393,go
31394,go
31395,go
31396,go
31400,go
31401,go
31402,go
31404,go
31452,go
31469,go
31470,go
31471,go
31472,go
31473,go
31510,go
31549,go
31588,go
31613,go
31614,go
31631,go
31632,go
31677,go
31678,go
31679,go
31685,go
31686,go
31687,go
31688,go
31689,go
31690,go
31741,go
31742,go
31743,go
31744,go
31745,go
31766,go
31768,go
31801,go
31802,go
31803,go
31816,go
31817,go
31818,go
31819,go
31820,go
31863,go
31864,go
31865,go
31866,go
31867,go
31868,go
31869,go
31870,go
31912,go
31913,go
31914,go
31915,go
31916,go
31917,go
31918,go
31934,go
31946,go
31947,go
31993,go
31994,go
31995,go
31996,go
32118,go
32119,go
32120,go
32121,go
32215,go
32258,go
32260,go
32269,go
32270,go
32271,go
32272,go
32273,go
32291,go
32292,go
32293,go
32294,go
32295,go
32333,go
32334,go
32351,go
32352,go
32353,go
32354,go
32355,go
32375,go
32387,go
32393,go
32394,go
32395,go
32414,happy
32415,happy
32425,happy
32426,happy
32444,happy
32465,happy
32466,happy
32467,happy
32495,happy
32498,happy
32513,happy
32524,happy
32525,happy
32536,happy
32538,happy
32539,happy
32545,happy
32558,happy
32569,happy
32595,happy
32596,happy
32600,happy
32602,happy
32603,happy
32609,happy
32620,happy
32621,happy
32626,happy
32627,happy
32628,happy
32630,happy
32631,happy
32670,happy
32725,happy
32726,happy
32727,happy
32749,happy
32750,happy
32760,happy
32777,happy
32787,happy
32798,happy
32856,happy
32868,happy
32889,happy
32890,happy
32893,happy
32911,happy
32918,happy
32919,happy
32925,happy
32970,happy
32980,happy
33002,happy
33006,happy
33043,happy
33044,happy
33047,happy
33048,happy
33079,happy
33088,happy
33094,happy
33095,happy
33111,happy
33112,happy
33122,happy
33129,happy
33132,happy
33133,happy
33134,happy
33146,happy
33147,happy
33148,happy
33154,happy
33172,happy
33179,happy
33190,happy
33207,happy
33231,happy
33248,happy
33251,happy
33259,happy
33260,happy
33262,happy
33269,happy
33276,happy
33281,happy
33287,happy
33292,happy
33296,happy
33297,happy
33300,happy
33301,happy
33302,happy
33315,happy
33325,happy
33326,happy
33327,happy
33328,happy
33329,happy
33330,happy
33333,happy
33374,happy
33460,happy
33466,happy
33479,happy
33480,happy
33481,happy
33482,happy
33484,happy
33523,happy
33541,happy
33542,happy
33544,happy
33551,happy
33552,happy
33553,happy
33568,happy
33582,happy
33583,happy
33602,happy
33606,happy
33607,happy
33659,happy
33669,happy
33670,happy
33730,happy
33733,happy
33734,happy
33737,happy
33756,happy
33766,happy
33767,happy
33776,happy
33777,happy
33795,happy
33796,happy
33801,happy
33802,happy
33805,happy
33806,happy
33843,happy
33844,happy
33845,happy
33855,happy
33861,happy
33862,happy
33863,happy
33864,happy
33873,happy
33889,happy
33890,happy
33903,happy
33908,happy
33912,happy
33919,happy
33920,happy
33936,happy
33937,happy
33942,happy
33964,happy
34021,happy
34022,happy
34025,happy
34034,happy
34040,happy
34046,happy
34048,happy
34049,happy
34050,happy
34068,happy
34078,happy
34095,happy
34106,happy
34118,happy
34132,happy
34147,happy
34148,happy
34149,happy
34150,happy
34161,happy
34162,happy
34169,happy
34177,happy
34178,happy
34188,happy
34207,happy
34218,happy
34219,happy
34247,happy
34248,happy
34283,happy
34298,happy
34374,happy
34375,happy
34377,happy
34378,happy
34385,happy
34401,happy
34420,happy
34433,happy
34434,happy
34440,happy
34441,happy
34450,happy
34478,house
34487,house
34500,house
34503,house
34515,house
34516,house
34517,house
34518,house
34519,house
34554,house
34560,house
34561,house
34579,house
34584,house
34603,house
34605,house
34608,house
34624,house
34625,house
34636,house
34667,house
34668,house
34687,house
34688,house
34692,house
34698,house
34699,house
34700,house
34702,house
34707,house
34708,house
34717,house
34743,house
34762,house
34810,house
34815,house
34826,house
34840,house
34841,house
34842,house
34855,house
34864,house
34876,house
34884,house
34911,house
34912,house
34937,house
34944,house
34959,house
34960,house
34969,house
34970,house
34971,house
34978,house
34979,house
34980,house
34981,house
35000,house
35002,house
35005,house
35016,house
35017,house
35085,house
35091,house
35092,house
35094,house
35113,house
35114,house
35128,house
35129,house
35144,house
35145,house
35153,house
35157,house
35161,house
35162,house
35163,house
35180,house
35184,house
35185,house
35195,house
35210,house
35217,house
35237,house
35261,house
35275,house
35315,house
35316,house
35322,house
35323,house
35324,house
35325,house
35332,house
35338,house
35339,house
35347,house
35351,house
35354,house
35355,house
35370,house
35376,house
35377,house
35378,house
35379,house
35381,house
35414,house
35416,house
35417,house
35449,house
35450,house
35465,house
35530,house
35559,house
35580,house
35581,house
35619,house
35622,house
35623,house
35647,house
35648,house
35649,house
35650,house
35654,house
35655,house
35656,house
35667,house
35669,house
35670,house
35687,house
35714,house
35765,house
35766,house
35767,house
35823,house
35824,house
35825,house
35857,house
35858,house
35860,house
35867,house
35889,house
35890,house
35902,house
35927,house
35928,house
35946,house
35947,house
35974,house
35975,house
35976,house
35987,house
35988,house
35990,house
35991,house
35992,house
36004,house
36020,house
36022,house
36023,house
36024,house
36040,house
36053,house
36054,house
36070,house
36075,house
36076,house
36077,house
36079,house
36080,house
36101,house
36110,house
36161,house
36177,house
36178,house
36187,house
36194,house
36200,house
36201,house
36202,house
36203,house
36207,house
36233,house
36244,house
36245,house
36263,house
36264,house
36275,house
36293,house
36294,house
36298,house
36314,house
36319,house
36335,house
36336,house
36360,house
36376,house
36403,house
36410,house
36434,house
36477,house
36478,house
36482,house
36502,house
36505,house
36510,house
36522,house
36538,house
36541,house
36549,house
36555,house
36560,house
36580,learn
36591,learn
36592,learn
36593,learn
36633,learn
36634,learn
36635,learn
36636,learn
36637,learn
36644,learn
36645,learn
36646,learn
36647,learn
36648,learn
36674,learn
36677,learn
36678,learn
36679,learn
36680,learn
36720,learn
36721,learn
36739,learn
36740,learn
36750,learn
36751,learn
36752,learn
36753,learn
36762,learn
36775,learn
36881,learn
36882,learn
36883,learn
36884,learn
36885,learn
36893,learn
36894,learn
36895,learn
36896,learn
36929,learn
36930,learn
36931,learn
36932,learn
36933,learn
36943,learn
36944,learn
36945,learn
36946,learn
36985,learn
36986,learn
36987,learn
36988,learn
36989,learn
37048,learn
37049,learn
37050,learn
37051,learn
37150,learn
37151,learn
37152,learn
37153,learn
37172,learn
37173,learn
37174,learn
37175,learn
37176,learn
37258,learn
37262,learn
37366,learn
37367,learn
37368,learn
37369,learn
37387,learn
37388,learn
37389,learn
37487,learn
37488,learn
37489,learn
37490,learn
37572,learn
37574,learn
37575,learn
37576,learn
37577,learn
37606,learn
37640,learn
37641,learn
37642,learn
37643,learn
37644,learn
37645,learn
37646,learn
37647,learn
37648,learn
37649,learn
37650,learn
37651,learn
37652,learn
37691,learn
37692,learn
37693,learn
37718,learn
37724,learn
37729,learn
37730,learn
37731,learn
37732,learn
37733,learn
37768,learn
37789,learn
37790,learn
37825,learn
37826,learn
37827,learn
37828,learn
37829,learn
37866,learn
37893,learn
37894,learn
37895,learn
37896,learn
37897,learn
37901,learn
37911,learn
37912,learn
37913,learn
37914,learn
37915,learn
37916,learn
37941,learn
37942,learn
37943,learn
37944,learn
37945,learn
37976,learn
37998,learn
37999,learn
38000,learn
38001,learn
38002,learn
38081,learn
38082,learn
38083,learn
38084,learn
38085,learn
38091,learn
38092,learn
38093,learn
38094,learn
38112,learn
38113,learn
38114,learn
38115,learn
38116,learn
38132,learn
38134,learn
38140,learn
38141,learn
38142,learn
38144,left
38170,left
38185,left
38196,left
38197,left
38198,left
38199,left
38222,left
38223,left
38224,left
38225,left
38229,left
38230,left
38251,left
38252,left
38253,left
38305,left
38306,left
38312,left
38313,left
38314,left
38315,left
38324,left
38325,left
38326,left
38327,left
38349,left
38361,left
38362,left
38363,left
38364,left
38365,left
38367,left
38405,left
38406,left
38407,left
38408,left
38409,left
38415,left
38430,left
38439,left
38440,left
38461,left
38493,left
38496,left
38497,left
38504,left
38522,left
38524,left
38539,left
38540,left
38541,left
38542,left
38546,left
38547,left
38555,left
38556,left
38557,left
38558,left
38559,left
38560,left
38561,left
38562,left
38583,left
38646,left
38647,left
38648,left
38654,left
38771,left
38773,left
38774,left
38785,left
38786,left
38793,left
38847,left
38874,left
38875,left
38876,left
38877,left
38878,left
38879,left
38898,left
38899,left
38900,left
38901,left
38902,left
38925,left
38926,left
38927,left
38928,left
39006,left
39007,left
39008,left
39009,left
39010,left
39031,left
39032,left
39033,left
39055,left
39056,left
39057,left
39088,left
39099,left
39100,left
39116,left
39117,left
39128,left
39129,left
39130,left
39134,left
39135,left
39146,left
39147,left
39148,left
39185,left
39186,left
39224,left
39287,left
39288,left
39289,left
39290,left
39291,left
39292,left
39293,left
39349,left
39405,left
39406,left
39412,left
39420,left
39421,left
39422,left
39423,left
39424,left
39425,left
39486,left
39487,left
39488,left
39489,left
39490,left
39492,left
39521,left
39534,left
39535,left
39536,left
39537,left
39582,left
39583,left
39584,left
39585,left
39698,left
39747,left
39748,left
39749,left
39750,left
39751,left
39752,left
39757,left
39773,left
39788,left
39789,left
39799,left
39813,left
39814,left
39815,left
39816,left
39817,left
39819,left
39822,left
39823,left
39824,left
39825,left
39826,left
39827,left
39828,left
39829,left
39830,left
39833,left
39834,left
39835,left
39836,left
39837,left
39884,left
39885,left
39929,left
39955,left
39956,left
39957,left
40035,left
40036,left
40037,left
40038,left
40090,left
40091,left
40094,left
40113,left
40114,left
40118,left
40119,left
40120,left
40121,left
40163,left
40164,left
40165,left
40166,left
40191,left
40218,left
40260,left
40261,left
40262,left
40263,left
40264,left
40265,left
40266,left
40289,left
40335,left
40336,left
40337,left
40338,left
40339,left
40427,left
40428,left
40438,left
40439,left
40446,left
40447,left
40448,left
40449,left
40481,left
40504,left
40505,left
40506,left
40581,left
40586,left
40590,left
40591,left
40592,left
40593,left
40627,left
40628,left
40653,left
40654,left
40668,left
40683,left
40696,left
40699,left
40757,left
40758,left
40759,left
40760,left
40761,left
40762,left
40763,left
40764,left
40765,left
40791,left
40792,left
40793,left
40794,left
40795,left
40796,left
40797,left
40798,left
40816,left
40817,left
40818,left
40819,left
40845,left
40846,left
40847,left
40883,left
40894,left
40895,left
40896,left
40897,left
40898,left
40901,left
40913,left
40914,left
40915,left
40940,left
40957,left
40958,left
40959,left
40960,left
40961,left
40962,left
40963,left
40966,left
41002,left
41003,left
41004,left
41014,left
41015,left
41016,left
41017,left
41018,left
41039,left
41040,left
41122,left
41161,left
41170,left
41181,left
41208,left
41209,left
41210,left
41211,left
41213,left
41255,left
41275,left
41276,left
41277,left
41278,left
41279,left
41295,left
41298,left
41299,left
41300,left
41330,left
41331,left
41332,left
41333,left
41342,left
41343,left
41344,left
41345,left
41346,left
41377,left
41378,left
41379,left
41380,left
41381,left
41407,left
41434,left
41435,left
41436,left
41437,left
41438,left
41439,left
41459,left
41460,left
41475,left
41514,left
41515,left
41516,left
41517,left
41573,left
41635,left
41636,left
41637,left
41739,left
41740,left
41741,left
41742,left
41748,left
41784,left
41785,left
41788,left
41789,left
41790,left
41802,left
41803,left
41804,left
41805,left
41806,left
41826,left
41827,left
41828,left
41829,left
41830,left
41882,left
41883,left
41884,left
41885,left
41886,left
41917,left
41918,left
41925,left
41926,left
41933,left
41934,left
41935,left
41959,marvin
41960,marvin
41961,marvin
41974,marvin
41975,marvin
41976,marvin
41987,marvin
41998,marvin
41999,marvin
42009,marvin
42010,marvin
42011,marvin
42013,marvin
42038,marvin
42039,marvin
42044,marvin
42048,marvin
42067,marvin
42072,marvin
42073,marvin
42078,marvin
42087,marvin
42098,marvin
42103,marvin
42104,marvin
42105,marvin
42112,marvin
42131,marvin
42132,marvin
42135,marvin
42146,marvin
42147,marvin
42163,marvin
42164,marvin
42165,marvin
42166,marvin
42167,marvin
42171,marvin
42176,marvin
42177,marvin
42178,marvin
42189,marvin
42199,marvin
42220,marvin
42233,marvin
42280,marvin
42281,marvin
42284,marvin
42299,marvin
42300,marvin
42301,marvin
42320,marvin
42321,marvin
42323,marvin
42337,marvin
42388,marvin
42389,marvin
42390,marvin
42404,marvin
42425,marvin
42444,marvin
42445,marvin
42462,marvin
42476,marvin
42501,marvin
42517,marvin
42518,marvin
42525,marvin
42553,marvin
42555,marvin
42556,marvin
42571,marvin
42583,marvin
42605,marvin
42606,marvin
42624,marvin
42625,marvin
42626,marvin
42631,marvin
42648,marvin
42663,marvin
42669,marvin
42692,marvin
42712,marvin
42729,marvin
42740,marvin
42741,marvin
42798,marvin
42802,marvin
42803,marvin
42804,marvin
42812,marvin
42818,marvin
42819,marvin
42830,marvin
42836,marvin
42840,marvin
42844,marvin
42855,marvin
42860,marvin
42862,marvin
42863,marvin
42865,marvin
42888,marvin
42889,marvin
42890,marvin
42891,marvin
42922,marvin
42923,marvin
42924,marvin
42931,marvin
42978,marvin
43017,marvin
43018,marvin
43019,marvin
43029,marvin
43030,marvin
43031,marvin
43032,marvin
43066,marvin
43067,marvin
43088,marvin
43089,marvin
43095,marvin
43104,marvin
43108,marvin
43119,marvin
43120,marvin
43141,marvin
43162,marvin
43168,marvin
43201,marvin
43213,marvin
43226,marvin
43227,marvin
43294,marvin
43297,marvin
43301,marvin
43316,marvin
43347,marvin
43348,marvin
43365,marvin
43390,marvin
43391,marvin
43392,marvin
43407,marvin
43408,marvin
43409,marvin
43410,marvin
43450,marvin
43459,marvin
43471,marvin
43472,marvin
43473,marvin
43480,marvin
43481,marvin
43492,marvin
43493,marvin
43495,marvin
43522,marvin
43523,marvin
43524,marvin
43532,marvin
43546,marvin
43551,marvin
43568,marvin
43589,marvin
43601,marvin
43602,marvin
43613,marvin
43614,marvin
43625,marvin
43626,marvin
43628,marvin
43629,marvin
43651,marvin
43671,marvin
43673,marvin
43674,marvin
43696,marvin
43697,marvin
43698,marvin
43699,marvin
43703,marvin
43711,marvin
43728,marvin
43729,marvin
43730,marvin
43751,marvin
43752,marvin
43753,marvin
43760,marvin
43771,marvin
43807,marvin
43847,marvin
43885,marvin
43935,marvin
43938,marvin
43957,marvin
43958,marvin
43959,marvin
43961,marvin
43963,marvin
43964,marvin
43969,marvin
43981,marvin
44002,marvin
44010,marvin
44025,marvin
44037,marvin
44073,nine
44089,nine
44096,nine
44097,nine
44098,nine
44121,nine
44122,nine
44123,nine
44126,nine
44155,nine
44156,nine
44157,nine
44158,nine
44159,nine
44160,nine
44213,nine
44219,nine
44220,nine
44221,nine
44222,nine
44232,nine
44233,nine
44234,nine
44235,nine
44236,nine
44237,nine
44269,nine
44277,nine
44278,nine
44279,nine
44280,nine
44281,nine
44283,nine
44303,nine
44304,nine
44325,nine
44326,nine
44328,nine
44329,nine
44330,nine
44331,nine
44337,nine
44350,nine
44367,nine
44395,nine
44396,nine
44434,nine
44435,nine
44439,nine
44448,nine
44469,nine
44470,nine
44471,nine
44485,nine
44487,nine
44494,nine
44495,nine
44496,nine
44497,nine
44498,nine
44499,nine
44502,nine
44522,nine
44614,nine
44620,nine
44621,nine
44622,nine
44740,nine
44741,nine
44746,nine
44754,nine
44755,nine
44756,nine
44838,nine
44839,nine
44840,nine
44841,nine
44842,nine
44858,nine
44859,nine
44860,nine
44861,nine
44862,nine
44894,nine
44895,nine
44896,nine
44935,nine
44965,nine
44966,nine
44967,nine
44968,nine
44969,nine
44975,nine
44990,nine
44991,nine
44992,nine
44993,nine
45046,nine
45059,nine
45060,nine
45072,nine
45082,nine
45083,nine
45084,nine
45085,nine
45086,nine
45087,nine
45089,nine
45090,nine
45091,nine
45175,nine
45176,nine
45236,nine
45237,nine
45238,nine
45239,nine
45240,nine
45271,nine
45272,nine
45299,nine
45300,nine
45301,nine
45359,nine
45374,nine
45375,nine
45376,nine
45377,nine
45378,nine
45379,nine
45380,nine
45381,nine
45382,nine
45403,nine
45404,nine
45410,nine
45422,nine
45423,nine
45424,nine
45425,nine
45426,nine
45460,nine
45461,nine
45462,nine
45463,nine
45475,nine
45476,nine
45477,nine
45478,nine
45479,nine
45533,nine
45534,nine
45535,nine
45536,nine
45537,nine
45561,nine
45562,nine
45580,nine
45581,nine
45593,nine
45594,nine
45613,nine
45712,nine
45713,nine
45714,nine
45715,nine
45716,nine
45746,nine
45747,nine
45748,nine
45754,nine
45755,nine
45766,nine
45767,nine
45770,nine
45789,nine
45790,nine
45791,nine
45792,nine
45793,nine
45798,nine
45799,nine
45804,nine
45805,nine
45806,nine
45807,nine
45808,nine
45809,nine
45810,nine
45811,nine
45812,nine
45813,nine
45814,nine
45815,nine
45868,nine
45869,nine
45870,nine
45911,nine
45913,nine
45914,nine
45915,nine
45916,nine
45926,nine
45936,nine
45937,nine
46017,nine
46018,nine
46019,nine
46020,nine
46021,nine
46068,nine
46069,nine
46078,nine
46079,nine
46100,nine
46103,nine
46104,nine
46105,nine
46106,nine
46107,nine
46148,nine
46149,nine
46150,nine
46151,nine
46152,nine
46171,nine
46174,nine
46175,nine
46201,nine
46211,nine
46227,nine
46247,nine
46248,nine
46249,nine
46250,nine
46251,nine
46275,nine
46323,nine
46324,nine
46325,nine
46326,nine
46327,nine
46341,nine
46411,nine
46412,nine
46413,nine
46422,nine
46426,nine
46427,nine
46428,nine
46429,nine
46461,nine
46462,nine
46463,nine
46597,nine
46609,nine
46610,nine
46611,nine
46612,nine
46613,nine
46682,nine
46694,nine
46696,nine
46781,nine
46782,nine
46783,nine
46784,nine
46785,nine
46786,nine
46787,nine
46788,nine
46789,nine
46790,nine
46791,nine
46817,nine
46818,nine
46819,nine
46820,nine
46821,nine
46822,nine
46823,nine
46824,nine
46825,nine
46826,nine
46827,nine
46845,nine
46846,nine
46847,nine
46848,nine
46849,nine
46877,nine
46878,nine
46879,nine
46886,nine
46887,nine
46888,nine
46889,nine
46911,nine
46921,nine
46922,nine
46923,nine
46927,nine
46969,nine
46974,nine
46978,nine
46985,nine
46986,nine
46987,nine
46990,nine
46992,nine
46993,nine
46994,nine
47000,nine
47001,nine
47002,nine
47048,nine
47058,nine
47059,nine
47060,nine
47061,nine
47131,nine
47173,nine
47178,nine
47195,nine
47212,nine
47253,nine
47254,nine
47255,nine
47262,nine
47263,nine
47264,nine
47265,nine
47319,nine
47320,nine
47321,nine
47322,nine
47343,nine
47346,nine
47353,nine
47366,nine
47381,nine
47382,nine
47383,nine
47384,nine
47423,nine
47424,nine
47425,nine
47426,nine
47450,nine
47451,nine
47452,nine
47453,nine
47467,nine
47468,nine
47469,nine
47470,nine
47471,nine
47472,nine
47503,nine
47548,nine
47549,nine
47550,nine
47551,nine
47606,nine
47682,nine
47683,nine
47684,nine
47685,nine
47686,nine
47714,nine
47794,nine
47828,nine
47829,nine
47842,nine
47843,nine
47844,nine
47845,nine
47859,nine
47860,nine
47861,nine
47862,nine
47916,nine
47917,nine
47918,nine
47919,nine
47920,nine
47938,nine
47946,nine
47953,nine
47960,nine
47961,nine
47962,nine
47963,nine
47964,nine
48015,no
48016,no
48017,no
48018,no
48019,no
48026,no
48027,no
48028,no
48029,no
48044,no
48045,no
48046,no
48047,no
48048,no
48049,no
48050,no
48051,no
48052,no
48079,no
48080,no
48081,no
48082,no
48140,no
48141,no
48142,no
48143,no
48144,no
48155,no
48156,no
48157,no
48158,no
48159,no
48160,no
48198,no
48199,no
48200,no
48201,no
48202,no
48237,no
48238,no
48239,no
48240,no
48248,no
48260,no
48261,no
48283,no
48293,no
48294,no
48314,no
48315,no
48369,no
48375,no
48388,no
48406,no
48407,no
48408,no
48419,no
48420,no
48421,no
48422,no
48423,no
48424,no
48448,no
48449,no
48450,no
48509,no
48656,no
48663,no
48684,no
48685,no
48686,no
48744,no
48745,no
48746,no
48747,no
48748,no
48765,no
48766,no
48767,no
48768,no
48791,no
48836,no
48867,no
48868,no
48869,no
48870,no
48892,no
48893,no
48894,no
48895,no
48896,no
48897,no
48949,no
48963,no
48964,no
48973,no
48975,no
48976,no
48989,no
48990,no
48993,no
48994,no
49005,no
49041,no
49079,no
49136,no
49138,no
49139,no
49140,no
49141,no
49164,no
49192,no
49193,no
49223,no
49224,no
49263,no
49264,no
49278,no
49279,no
49280,no
49281,no
49282,no
49283,no
49284,no
49285,no
49315,no
49316,no
49317,no
49320,no
49321,no
49336,no
49337,no
49338,no
49339,no
49340,no
49342,no
49345,no
49385,no
49386,no
49387,no
49388,no
49438,no
49439,no
49440,no
49441,no
49442,no
49514,no
49591,no
49592,no
49610,no
49611,no
49612,no
49613,no
49614,no
49618,no
49641,no
49642,no
49651,no
49652,no
49653,no
49655,no
49656,no
49657,no
49667,no
49668,no
49681,no
49682,no
49683,no
49684,no
49692,no
49695,no
49696,no
49697,no
49698,no
49699,no
49700,no
49701,no
49702,no
49704,no
49705,no
49706,no
49707,no
49708,no
49800,no
49804,no
49824,no
49825,no
49826,no
49899,no
49900,no
49901,no
49902,no
49903,no
49967,no
49968,no
49994,no
49998,no
49999,no
50000,no
50047,no
50048,no
50049,no
50050,no
50051,no
50075,no
50080,no
50108,no
50113,no
50114,no
50115,no
50118,no
50128,no
50129,no
50130,no
50137,no
50156,no
50159,no
50160,no
50161,no
50162,no
50195,no
50196,no
50197,no
50198,no
50199,no
50200,no
50237,no
50238,no
50239,no
50240,no
50241,no
50338,no
50339,no
50340,no
50366,no
50393,no
50394,no
50395,no
50434,no
50435,no
50436,no
50437,no
50494,no
50495,no
50496,no
50507,no
50508,no
50509,no
50510,no
50511,no
50544,no
50575,no
50586,no
50614,no
50632,no
50633,no
50636,no
50686,no
50687,no
50688,no
50689,no
50690,no
50691,no
50692,no
50693,no
50694,no
50695,no
50696,no
50715,no
50718,no
50721,no
50722,no
50723,no
50724,no
50725,no
50726,no
50727,no
50728,no
50729,no
50745,no
50746,no
50776,no
50777,no
50778,no
50779,no
50813,no
50814,no
50823,no
50824,no
50825,no
50826,no
50827,no
50832,no
50844,no
50845,no
50877,no
50898,no
50899,no
50900,no
50901,no
50902,no
50903,no
50904,no
50905,no
50906,no
50914,no
50954,no
50966,no
50967,no
50968,no
50969,no
50970,no
51062,no
51108,no
51117,no
51136,no
51155,no
51156,no
51157,no
51158,no
51170,no
51171,no
51201,no
51210,no
51211,no
51212,no
51213,no
51266,no
51267,no
51268,no
51269,no
51270,no
51298,no
51308,no
51313,no
51314,no
51315,no
51332,no
51333,no
51334,no
51335,no
51371,no
51372,no
51373,no
51374,no
51375,no
51395,no
51418,no
51419,no
51420,no
51421,no
51422,no
51437,no
51445,no
51492,no
51493,no
51494,no
51495,no
51560,no
51627,no
51628,no
51629,no
51630,no
51631,no
51658,no
51728,no
51768,no
51771,no
51772,no
51775,no
51776,no
51787,no
51788,no
51789,no
51790,no
51804,no
51805,no
51806,no
51807,no
51847,no
51857,no
51858,no
51859,no
51860,no
51861,no
51883,no
51884,no
51890,no
51894,no
51895,no
51905,no
51906,no
51907,no
51908,no
51920,off
51921,off
51942,off
51959,off
51969,off
51970,off
51971,off
51972,off
51973,off
51989,off
51990,off
51991,off
51992,off
51993,off
52017,off
52018,off
52074,off
52075,off
52076,off
52082,off
52083,off
52084,off
52085,off
52086,off
52093,off
52094,off
52095,off
52096,off
52121,off
52122,off
52130,off
52131,off
52132,off
52133,off
52136,off
52170,off
52171,off
52172,off
52176,off
52177,off
52178,off
52179,off
52185,off
52186,off
52211,off
52212,off
52213,off
52214,off
52224,off
52286,off
52287,off
52299,off
52321,off
52322,off
52323,off
52324,off
52336,off
52337,off
52338,off
52341,off
52363,off
52364,off
52365,off
52429,off
52430,off
52539,off
52541,off
52542,off
52550,off
52554,off
52555,off
52601,off
52602,off
52631,off
52632,off
52633,off
52634,off
52635,off
52663,off
52664,off
52665,off
52666,off
52667,off
52694,off
52703,off
52704,off
52705,off
52743,off
52772,off
52773,off
52774,off
52775,off
52776,off
52798,off
52799,off
52800,off
52801,off
52802,off
52832,off
52858,off
52881,off
52893,off
52894,off
52895,off
52897,off
52898,off
52899,off
52901,off
52948,off
52949,off
52999,off
53000,off
53049,off
53052,off
53053,off
53054,off
53055,off
53056,off
53057,off
53058,off
53080,off
53112,off
53143,off
53165,off
53170,off
53171,off
53181,off
53182,off
53183,off
53184,off
53185,off
53186,off
53212,off
53213,off
53219,off
53236,off
53237,off
53238,off
53239,off
53240,off
53246,off
53289,off
53290,off
53291,off
53292,off
53293,off
53336,off
53337,off
53338,off
53339,off
53363,off
53364,off
53365,off
53382,off
53396,off
53397,off
53398,off
53419,off
53420,off
53421,off
53487,off
53508,off
53509,off
53510,off
53511,off
53518,off
53537,off
53550,off
53553,off
53563,off
53564,off
53565,off
53585,off
53586,off
53587,off
53588,off
53592,off
53595,off
53598,off
53599,off
53600,off
53601,off
53602,off
53604,off
53605,off
53606,off
53607,off
53662,off
53702,off
53703,off
53722,off
53723,off
53724,off
53736,off
53815,off
53816,off
53817,off
53818,off
53819,off
53864,off
53865,off
53875,off
53900,off
53901,off
53902,off
53903,off
53943,off
53944,off
53945,off
53968,off
53972,off
54007,off
54024,off
54025,off
54026,off
54048,off
54049,off
54051,off
54052,off
54053,off
54054,off
54076,off
54077,off
54086,off
54087,off
54088,off
54121,off
54122,off
54123,off
54124,off
54125,off
54143,off
54222,off
54223,off
54224,off
54270,off
54306,off
54373,off
54374,off
54375,off
54376,off
54421,off
54434,off
54435,off
54473,off
54476,off
54530,off
54531,off
54532,off
54533,off
54534,off
54535,off
54536,off
54537,off
54538,off
54559,off
54560,off
54561,off
54562,off
54563,off
54564,off
54565,off
54566,off
54567,off
54568,off
54590,off
54591,off
54592,off
54593,off
54614,off
54615,off
54616,off
54617,off
54626,off
54627,off
54659,off
54660,off
54661,off
54662,off
54665,off
54712,off
54726,off
54727,off
54728,off
54729,off
54730,off
54731,off
54733,off
54787,off
54788,off
54789,off
54790,off
54791,off
54811,off
54894,off
54895,off
54903,off
54915,off
54934,off
54943,off
54977,off
54984,off
54985,off
54986,off
54987,off
54988,off
55018,off
55036,off
55037,off
55038,off
55039,off
55054,off
55055,off
55094,off
55095,off
55096,off
55097,off
55098,off
55136,off
55137,off
55138,off
55139,off
55140,off
55163,off
55164,off
55181,off
55182,off
55183,off
55184,off
55185,off
55186,off
55206,off
55253,off
55254,off
55255,off
55256,off
55257,off
55280,off
55281,off
55282,off
55316,off
55317,off
55379,off
55380,off
55381,off
55382,off
55477,off
55480,off
55481,off
55482,off
55534,off
55535,off
55536,off
55537,off
55538,off
55557,off
55558,off
55559,off
55560,off
55561,off
55594,off
55605,off
55606,off
55607,off
55608,off
55609,off
55625,off
55626,off
55627,off
55628,off
55638,off
55647,off
55648,off
55649,off
55650,off
55664,on
55665,on
55686,on
55710,on
55711,on
55712,on
55713,on
55714,on
55736,on
55737,on
55738,on
55739,on
55770,on
55771,on
55826,on
55827,on
55828,on
55829,on
55838,on
55839,on
55840,on
55841,on
55865,on
55873,on
55874,on
55875,on
55876,on
55878,on
55895,on
55896,on
55897,on
55898,on
55899,on
55910,on
55911,on
55917,on
55918,on
55919,on
55920,on
55953,on
55972,on
56011,on
56023,on
56027,on
56028,on
56046,on
56052,on
56053,on
56054,on
56064,on
56065,on
56066,on
56067,on
56070,on
56079,on
56080,on
56081,on
56082,on
56083,on
56084,on
56102,on
56103,on
56177,on
56183,on
56184,on
56285,on
56287,on
56299,on
56322,on
56323,on
56324,on
56356,on
56362,on
56379,on
56380,on
56381,on
56382,on
56403,on
56404,on
56405,on
56406,on
56407,on
56428,on
56429,on
56430,on
56432,on
56481,on
56515,on
56516,on
56517,on
56518,on
56543,on
56544,on
56545,on
56546,on
56547,on
56572,on
56612,on
56613,on
56625,on
56626,on
56635,on
56637,on
56638,on
56639,on
56640,on
56647,on
56648,on
56779,on
56785,on
56786,on
56787,on
56788,on
56847,on
56848,on
56881,on
56903,on
56908,on
56909,on
56919,on
56920,on
56921,on
56922,on
56923,on
56924,on
56925,on
56954,on
56965,on
56984,on
56985,on
56986,on
56987,on
56988,on
56995,on
56996,on
57028,on
57029,on
57047,on
57048,on
57049,on
57050,on
57101,on
57102,on
57103,on
57104,on
57105,on
57148,on
57149,on
57150,on
57160,on
57161,on
57181,on
57217,on
57245,on
57246,on
57247,on
57257,on
57274,on
57275,on
57276,on
57277,on
57301,on
57302,on
57309,on
57310,on
57311,on
57317,on
57318,on
57322,on
57323,on
57324,on
57334,on
57335,on
57336,on
57337,on
57338,on
57344,on
57345,on
57347,on
57348,on
57349,on
57350,on
57351,on
57353,on
57354,on
57355,on
57412,on
57413,on
57417,on
57481,on
57482,on
57483,on
57484,on
57494,on
57577,on
57578,on
57579,on
57580,on
57622,on
57623,on
57633,on
57635,on
57657,on
57660,on
57661,on
57662,on
57663,on
57664,on
57708,on
57709,on
57710,on
57733,on
57767,on
57775,on
57801,on
57803,on
57804,on
57805,on
57806,on
57831,on
57832,on
57882,on
57883,on
57884,on
57885,on
57886,on
57906,on
57907,on
57908,on
57974,on
57975,on
57982,on
57983,on
57986,on
57987,on
57988,on
57989,on
57990,on
58118,on
58129,on
58130,on
58131,on
58132,on
58133,on
58166,on
58231,on
58251,on
58304,on
58305,on
58306,on
58307,on
58308,on
58309,on
58310,on
58311,on
58312,on
58313,on
58314,on
58315,on
58338,on
58343,on
58345,on
58346,on
58347,on
58348,on
58349,on
58350,on
58351,on
58352,on
58353,on
58354,on
58355,on
58371,on
58372,on
58373,on
58374,on
58375,on
58404,on
58405,on
58406,on
58407,on
58416,on
58417,on
58439,on
58448,on
58449,on
58450,on
58451,on
58452,on
58456,on
58457,on
58472,on
58507,on
58508,on
58509,on
58510,on
58511,on
58513,on
58519,on
58520,on
58521,on
58522,on
58573,on
58574,on
58583,on
58584,on
58621,on
58719,on
58720,on
58743,on
58744,on
58780,on
58786,on
58787,on
58788,on
58789,on
58790,on
58791,on
58844,on
58845,on
58846,on
58847,on
58848,on
58866,on
58867,on
58889,on
58906,on
58907,on
58908,on
58953,on
58954,on
58955,on
58956,on
58957,on
58959,on
58979,on
58980,on
59008,on
59009,on
59010,on
59011,on
59012,on
59028,on
59042,on
59087,on
59088,on
59089,on
59090,on
59091,on
59220,on
59221,on
59222,on
59223,on
59224,on
59323,on
59324,on
59325,on
59326,on
59328,on
59329,on
59365,on
59369,on
59380,on
59381,on
59382,on
59396,on
59397,on
59398,on
59399,on
59400,on
59438,on
59450,on
59451,on
59452,on
59453,on
59454,on
59477,on
59487,on
59491,on
59497,on
59498,on
59499,on
59500,on
59501,on
59510,one
59531,one
59538,one
59550,one
59558,one
59559,one
59560,one
59569,one
59583,one
59584,one
59585,one
59586,one
59587,one
59589,one
59620,one
59621,one
59624,one
59672,one
59678,one
59679,one
59680,one
59681,one
59689,one
59690,one
59691,one
59692,one
59725,one
59726,one
59727,one
59728,one
59729,one
59735,one
59736,one
59758,one
59759,one
59760,one
59778,one
59779,one
59780,one
59781,one
59787,one
59803,one
59815,one
59825,one
59826,one
59837,one
59867,one
59881,one
59900,one
59902,one
59920,one
59921,one
59922,one
59935,one
59936,one
59937,one
59938,one
59939,one
59963,one
59964,one
60047,one
60164,one
60165,one
60166,one
60167,one
60174,one
60179,one
60180,one
60205,one
60244,one
60263,one
60264,one
60265,one
60266,one
60267,one
60286,one
60287,one
60288,one
60289,one
60290,one
60317,one
60328,one
60329,one
60330,one
60364,one
60365,one
60402,one
60403,one
60404,one
60405,one
60406,one
60425,one
60426,one
60427,one
60428,one
60451,one
60452,one
60500,one
60501,one
60510,one
60511,one
60515,one
60532,one
60533,one
60534,one
60545,one
60673,one
60674,one
60678,one
60679,one
60680,one
60681,one
60682,one
60703,one
60728,one
60731,one
60732,one
60733,one
60734,one
60735,one
60798,one
60799,one
60800,one
60801,one
60802,one
60803,one
60804,one
60805,one
60829,one
60844,one
60845,one
60846,one
60847,one
60848,one
60894,one
60895,one
60896,one
60941,one
60942,one
60943,one
60944,one
60945,one
60970,one
60971,one
60985,one
60996,one
61020,one
61021,one
61022,one
61023,one
61111,one
61112,one
61113,one
61114,one
61115,one
61153,one
61154,one
61164,one
61179,one
61180,one
61181,one
61182,one
61183,one
61187,one
61188,one
61194,one
61195,one
61197,one
61198,one
61199,one
61200,one
61201,one
61205,one
61206,one
61207,one
61208,one
61209,one
61315,one
61322,one
61323,one
61324,one
61407,one
61408,one
61409,one
61410,one
61411,one
61464,one
61466,one
61485,one
61488,one
61489,one
61490,one
61491,one
61530,one
61531,one
61532,one
61533,one
61560,one
61590,one
61591,one
61592,one
61600,one
61612,one
61638,one
61639,one
61640,one
61641,one
61642,one
61643,one
61667,one
61714,one
61715,one
61716,one
61717,one
61718,one
61737,one
61804,one
61816,one
61817,one
61821,one
61822,one
61823,one
61876,one
61877,one
61878,one
61879,one
61944,one
61945,one
61956,one
61957,one
61958,one
61959,one
61960,one
62022,one
62039,one
62077,one
62136,one
62137,one
62138,one
62139,one
62140,one
62141,one
62142,one
62143,one
62144,one
62145,one
62146,one
62147,one
62148,one
62149,one
62173,one
62177,one
62178,one
62179,one
62180,one
62181,one
62182,one
62183,one
62184,one
62185,one
62205,one
62235,one
62236,one
62237,one
62238,one
62248,one
62273,one
62274,one
62285,one
62286,one
62287,one
62288,one
62292,one
62306,one
62335,one
62341,one
62358,one
62359,one
62360,one
62361,one
62362,one
62363,one
62364,one
62367,one
62368,one
62374,one
62416,one
62428,one
62429,one
62430,one
62431,one
62432,one
62505,one
62553,one
62558,one
62559,one
62575,one
62603,one
62604,one
62605,one
62619,one
62638,one
62644,one
62645,one
62646,one
62647,one
62648,one
62652,one
62653,one
62688,one
62710,one
62711,one
62712,one
62713,one
62714,one
62749,one
62758,one
62759,one
62762,one
62763,one
62776,one
62777,one
62778,one
62779,one
62780,one
62827,one
62828,one
62829,one
62830,one
62831,one
62832,one
62857,one
62858,one
62859,one
62880,one
62881,one
62882,one
62883,one
62884,one
62885,one
62906,one
62907,one
62908,one
62909,one
62917,one
62918,one
62919,one
62966,one
62967,one
62968,one
62969,one
62970,one
62992,one
63029,one
63030,one
63104,one
63105,one
63106,one
63107,one
63108,one
63132,one
63216,one
63251,one
63252,one
63263,one
63264,one
63265,one
63266,one
63285,one
63286,one
63287,one
63288,one
63321,one
63322,one
63336,one
63337,one
63338,one
63339,one
63340,one
63361,one
63367,one
63379,one
63380,one
63381,one
63387,one
63388,one
63389,one
63436,right
63437,right
63443,right
63444,right
63469,right
63470,right
63471,right
63472,right
63473,right
63477,right
63478,right
63506,right
63507,right
63508,right
63509,right
63561,right
63567,right
63568,right
63569,right
63570,right
63580,right
63581,right
63582,right
63583,right
63611,right
63616,right
63617,right
63618,right
63619,right
63625,right
63626,right
63627,right
63647,right
63660,right
63661,right
63662,right
63663,right
63669,right
63684,right
63703,right
63755,right
63760,right
63761,right
63762,right
63779,right
63789,right
63790,right
63793,right
63800,right
63801,right
63802,right
63803,right
63824,right
63881,right
63882,right
63908,right
63909,right
63910,right
63916,right
63917,right
64015,right
64022,right
64029,right
64030,right
64078,right
64103,right
64104,right
64105,right
64106,right
64126,right
64127,right
64128,right
64129,right
64153,right
64154,right
64155,right
64170,right
64219,right
64242,right
64243,right
64244,right
64262,right
64263,right
64264,right
64265,right
64266,right
64290,right
64319,right
64334,right
64335,right
64344,right
64345,right
64346,right
64358,right
64359,right
64360,right
64364,right
64380,right
64381,right
64411,right
64450,right
64451,right
64452,right
64495,right
64496,right
64497,right
64498,right
64499,right
64556,right
64557,right
64585,right
64586,right
64619,right
64620,right
64621,right
64622,right
64623,right
64624,right
64625,right
64656,right
64670,right
64671,right
64672,right
64673,right
64674,right
64680,right
64681,right
64707,right
64716,right
64717,right
64718,right
64719,right
64761,right
64762,right
64763,right
64764,right
64765,right
64814,right
64827,right
64848,right
64909,right
64910,right
64920,right
64921,right
64928,right
64929,right
64930,right
64931,right
64932,right
64933,right
64934,right
64940,right
64958,right
64959,right
64969,right
64972,right
64973,right
64977,right
64978,right
64979,right
65000,right
65001,right
65002,right
65003,right
65004,right
65010,right
65011,right
65012,right
65022,right
65023,right
65024,right
65025,right
65026,right
65028,right
65030,right
65031,right
65032,right
65033,right
65034,right
65092,right
65131,right
65138,right
65153,right
65164,right
65165,right
65166,right
65167,right
65238,right
65239,right
65240,right
65241,right
65280,right
65281,right
65291,right
65293,right
65312,right
65313,right
65314,right
65315,right
65354,right
65355,right
65356,right
65357,right
65358,right
65379,right
65411,right
65419,right
65427,right
65428,right
65459,right
65460,right
65461,right
65462,right
65463,right
65464,right
65491,right
65492,right
65544,right
65545,right
65546,right
65547,right
65632,right
65633,right
65634,right
65638,right
65639,right
65640,right
65641,right
65642,right
65674,right
65697,right
65739,right
65784,right
65785,right
65791,right
65792,right
65796,right
65799,right
65800,right
65801,right
65802,right
65840,right
65877,right
65878,right
65881,right
65917,right
65918,right
65926,right
65974,right
65975,right
65976,right
65977,right
65978,right
65979,right
65980,right
65981,right
65982,right
65983,right
65984,right
66010,right
66018,right
66019,right
66020,right
66021,right
66022,right
66023,right
66024,right
66025,right
66026,right
66027,right
66052,right
66053,right
66054,right
66079,right
66080,right
66081,right
66109,right
66110,right
66120,right
66121,right
66122,right
66125,right
66126,right
66127,right
66128,right
66168,right
66182,right
66183,right
66184,right
66185,right
66186,right
66189,right
66190,right
66242,right
66243,right
66244,right
66245,right
66280,right
66365,right
66387,right
66388,right
66389,right
66390,right
66405,right
66414,right
66432,right
66451,right
66456,right
66457,right
66458,right
66459,right
66460,right
66520,right
66521,right
66522,right
66523,right
66538,right
66541,right
66560,right
66562,right
66563,right
66573,right
66574,right
66575,right
66576,right
66577,right
66620,right
66621,right
66622,right
66623,right
66624,right
66650,right
66668,right
66669,right
66670,right
66671,right
66672,right
66673,right
66674,right
66698,right
66706,right
66747,right
66748,right
66749,right
66750,right
66751,right
66768,right
66769,right
66805,right
66821,right
66869,right
66870,right
66871,right
66872,right
66984,right
67018,right
67019,right
67020,right
67023,right
67041,right
67042,right
67043,right
67044,right
67045,right
67063,right
67064,right
67065,right
67103,right
67116,right
67117,right
67118,right
67119,right
67152,right
67156,right
67162,right
67163,right
67164,right
67165,right
67166,right
67177,seven
67178,seven
67179,seven
67204,seven
67225,seven
67226,seven
67229,seven
67230,seven
67231,seven
67232,seven
67252,seven
67253,seven
67254,seven
67255,seven
67256,seven
67259,seven
67260,seven
67288,seven
67342,seven
67343,seven
67344,seven
67355,seven
67356,seven
67357,seven
67381,seven
67388,seven
67389,seven
67390,seven
67391,seven
67394,seven
67428,seven
67429,seven
67435,seven
67436,seven
67437,seven
67443,seven
67444,seven
67475,seven
67476,seven
67485,seven
67546,seven
67566,seven
67567,seven
67568,seven
67588,seven
67589,seven
67590,seven
67591,seven
67594,seven
67604,seven
67605,seven
67606,seven
67607,seven
67608,seven
67609,seven
67610,seven
67629,seven
67683,seven
67710,seven
67711,seven
67824,seven
67825,seven
67830,seven
67853,seven
67888,seven
67913,seven
67914,seven
67915,seven
67916,seven
67917,seven
67933,seven
67934,seven
67935,seven
67936,seven
67937,seven
67962,seven
67977,seven
68021,seven
68022,seven
68058,seven
68059,seven
68060,seven
68061,seven
68082,seven
68083,seven
68084,seven
68085,seven
68086,seven
68108,seven
68134,seven
68135,seven
68136,seven
68150,seven
68151,seven
68165,seven
68166,seven
68178,seven
68180,seven
68181,seven
68182,seven
68183,seven
68184,seven
68188,seven
68200,seven
68236,seven
68237,seven
68238,seven
68239,seven
68280,seven
68354,seven
68355,seven
68357,seven
68358,seven
68359,seven
68360,seven
68361,seven
68414,seven
68415,seven
68464,seven
68465,seven
68474,seven
68475,seven
68487,seven
68488,seven
68489,seven
68490,seven
68491,seven
68492,seven
68520,seven
68548,seven
68549,seven
68550,seven
68551,seven
68552,seven
68560,seven
68561,seven
68562,seven
68593,seven
68607,seven
68608,seven
68609,seven
68610,seven
68656,seven
68657,seven
68658,seven
68659,seven
68660,seven
68701,seven
68795,seven
68802,seven
68803,seven
68817,seven
68818,seven
68819,seven
68820,seven
68827,seven
68846,seven
68862,seven
68867,seven
68869,seven
68870,seven
68871,seven
68880,seven
68893,seven
68894,seven
68895,seven
68896,seven
68897,seven
68909,seven
68910,seven
68911,seven
68912,seven
68913,seven
68914,seven
68915,seven
68917,seven
68919,seven
68920,seven
68921,seven
68922,seven
68923,seven
68972,seven
68973,seven
69014,seven
69015,seven
69023,seven
69024,seven
69036,seven
69037,seven
69038,seven
69039,seven
69040,seven
69135,seven
69136,seven
69137,seven
69138,seven
69139,seven
69184,seven
69213,seven
69214,seven
69215,seven
69216,seven
69217,seven
69258,seven
69259,seven
69260,seven
69261,seven
69262,seven
69290,seven
69294,seven
69319,seven
69326,seven
69328,seven
69329,seven
69338,seven
69339,seven
69366,seven
69369,seven
69370,seven
69371,seven
69372,seven
69373,seven
69374,seven
69375,seven
69402,seven
69452,seven
69453,seven
69454,seven
69455,seven
69473,seven
69474,seven
69475,seven
69476,seven
69558,seven
69569,seven
69570,seven
69574,seven
69575,seven
69576,seven
69577,seven
69583,seven
69611,seven
69640,seven
69680,seven
69681,seven
69730,seven
69735,seven
69740,seven
69741,seven
69742,seven
69743,seven
69744,seven
69819,seven
69820,seven
69843,seven
69858,seven
69866,seven
69867,seven
69868,seven
69922,seven
69923,seven
69924,seven
69925,seven
69926,seven
69927,seven
69928,seven
69929,seven
69930,seven
69931,seven
69957,seven
69961,seven
69962,seven
69963,seven
69964,seven
69965,seven
69966,seven
69967,seven
69968,seven
69969,seven
69970,seven
69994,seven
69995,seven
69996,seven
69997,seven
69998,seven
70024,seven
70025,seven
70026,seven
70027,seven
70028,seven
70036,seven
70060,seven
70071,seven
70072,seven
70073,seven
70074,seven
70075,seven
70128,seven
70129,seven
70130,seven
70131,seven
70134,seven
70146,seven
70147,seven
70148,seven
70149,seven
70150,seven
70152,seven
70154,seven
70155,seven
70196,seven
70212,seven
70213,seven
70214,seven
70215,seven
70216,seven
70244,seven
70245,seven
70246,seven
70247,seven
70285,seven
70327,seven
70328,seven
70330,seven
70337,seven
70375,seven
70386,seven
70399,seven
70421,seven
70422,seven
70431,seven
70432,seven
70433,seven
70434,seven
70435,seven
70436,seven
70472,seven
70496,seven
70497,seven
70498,seven
70499,seven
70500,seven
70535,seven
70565,seven
70566,seven
70567,seven
70568,seven
70569,seven
70606,seven
70607,seven
70608,seven
70609,seven
70610,seven
70611,seven
70656,seven
70657,seven
70658,seven
70659,seven
70660,seven
70661,seven
70683,seven
70684,seven
70685,seven
70686,seven
70742,seven
70743,seven
70744,seven
70745,seven
70746,seven
70770,seven
70771,seven
70836,seven
70837,seven
70881,seven
70882,seven
70883,seven
70884,seven
70908,seven
70983,seven
71021,seven
71023,seven
71036,seven
71037,seven
71038,seven
71039,seven
71059,seven
71060,seven
71061,seven
71062,seven
71101,seven
71116,seven
71117,seven
71118,seven
71119,seven
71120,seven
71121,seven
71162,seven
71163,seven
71164,seven
71165,seven
71175,sheila
71192,sheila
71193,sheila
71194,sheila
71203,sheila
71215,sheila
71232,sheila
71233,sheila
71245,sheila
71246,sheila
71247,sheila
71272,sheila
71273,sheila
71288,sheila
71333,sheila
71341,sheila
71348,sheila
71354,sheila
71381,sheila
71384,sheila
71385,sheila
71387,sheila
71395,sheila
71398,sheila
71399,sheila
71408,sheila
71409,sheila
71410,sheila
71411,sheila
71414,sheila
71415,sheila
71418,sheila
71419,sheila
71420,sheila
71429,sheila
71458,sheila
71459,sheila
71472,sheila
71473,sheila
71518,sheila
71520,sheila
71523,sheila
71536,sheila
71541,sheila
71555,sheila
71568,sheila
71581,sheila
71582,sheila
71599,sheila
71616,sheila
71641,sheila
71648,sheila
71649,sheila
71657,sheila
71662,sheila
71671,sheila
71672,sheila
71673,sheila
71674,sheila
71675,sheila
71692,sheila
71693,sheila
71716,sheila
71730,sheila
71731,sheila
71768,sheila
71772,sheila
71773,sheila
71774,sheila
71775,sheila
71776,sheila
71777,sheila
71799,sheila
71800,sheila
71801,sheila
71811,sheila
71845,sheila
71852,sheila
71853,sheila
71854,sheila
71855,sheila
71887,sheila
71895,sheila
71915,sheila
71923,sheila
71952,sheila
71964,sheila
71977,sheila
72018,sheila
72019,sheila
72032,sheila
72037,sheila
72038,sheila
72043,sheila
72049,sheila
72065,sheila
72066,sheila
72080,sheila
72085,sheila
72091,sheila
72118,sheila
72119,sheila
72122,sheila
72142,sheila
72150,sheila
72153,sheila
72206,sheila
72228,sheila
72229,sheila
72230,sheila
72237,sheila
72239,sheila
72240,sheila
72255,sheila
72256,sheila
72257,sheila
72298,sheila
72323,sheila
72327,sheila
72333,sheila
72339,sheila
72345,sheila
72346,sheila
72349,sheila
72356,sheila
72376,sheila
72384,sheila
72436,sheila
72437,sheila
72439,sheila
72447,sheila
72458,sheila
72459,sheila
72460,sheila
72469,sheila
72514,sheila
72515,sheila
72516,sheila
72517,sheila
72524,sheila
72554,sheila
72555,sheila
72612,sheila
72614,sheila
72615,sheila
72616,sheila
72617,sheila
72647,sheila
72649,sheila
72678,sheila
72689,sheila
72690,sheila
72692,sheila
72694,sheila
72705,sheila
72708,sheila
72718,sheila
72719,sheila
72720,sheila
72725,sheila
72745,sheila
72766,sheila
72767,sheila
72794,sheila
72795,sheila
72807,sheila
72811,sheila
72816,sheila
72824,sheila
72826,sheila
72827,sheila
72828,sheila
72839,sheila
72840,sheila
72851,sheila
72861,sheila
72862,sheila
72886,sheila
72889,sheila
72890,sheila
72896,sheila
72914,sheila
72942,sheila
72943,sheila
72949,sheila
72950,sheila
72955,sheila
72980,sheila
73028,sheila
73108,sheila
73110,sheila
73111,sheila
73143,sheila
73153,sheila
73154,sheila
73159,sheila
73175,sheila
73176,sheila
73181,sheila
73182,sheila
73186,sheila
73189,sheila
73197,six
73198,six
73229,six
73242,six
73243,six
73246,six
73255,six
73256,six
73257,six
73258,six
73259,six
73280,six
73281,six
73282,six
73283,six
73288,six
73289,six
73314,six
73315,six
73316,six
73369,six
73370,six
73371,six
73376,six
73377,six
73378,six
73379,six
73387,six
73388,six
73389,six
73390,six
73420,six
73421,six
73422,six
73423,six
73425,six
73426,six
73427,six
73445,six
73446,six
73447,six
73448,six
73459,six
73460,six
73461,six
73462,six
73463,six
73469,six
73488,six
73509,six
73553,six
73558,six
73559,six
73560,six
73588,six
73589,six
73590,six
73610,six
73611,six
73623,six
73624,six
73625,six
73626,six
73627,six
73628,six
73650,six
73673,six
73700,six
73722,six
73834,six
73835,six
73836,six
73837,six
73871,six
73872,six
73911,six
73929,six
73930,six
73931,six
73952,six
73953,six
73954,six
73977,six
74030,six
74056,six
74057,six
74058,six
74059,six
74080,six
74081,six
74082,six
74083,six
74102,six
74103,six
74138,six
74139,six
74151,six
74152,six
74166,six
74167,six
74168,six
74169,six
74170,six
74186,six
74258,six
74268,six
74322,six
74326,six
74327,six
74329,six
74330,six
74331,six
74332,six
74333,six
74395,six
74421,six
74422,six
74449,six
74450,six
74460,six
74468,six
74469,six
74470,six
74471,six
74472,six
74473,six
74474,six
74475,six
74501,six
74519,six
74520,six
74521,six
74522,six
74523,six
74567,six
74568,six
74569,six
74570,six
74571,six
74621,six
74622,six
74623,six
74624,six
74625,six
74647,six
74648,six
74662,six
74663,six
74675,six
74676,six
74694,six
74767,six
74768,six
74769,six
74770,six
74771,six
74772,six
74774,six
74790,six
74806,six
74810,six
74811,six
74821,six
74822,six
74823,six
74837,six
74838,six
74839,six
74840,six
74846,six
74847,six
74848,six
74849,six
74850,six
74851,six
74854,six
74857,six
74858,six
74859,six
74860,six
74908,six
74930,six
74944,six
74947,six
74948,six
74968,six
74969,six
74970,six
75061,six
75062,six
75063,six
75064,six
75065,six
75108,six
75116,six
75117,six
75118,six
75119,six
75153,six
75154,six
75155,six
75156,six
75157,six
75187,six
75188,six
75189,six
75211,six
75216,six
75217,six
75253,six
75254,six
75263,six
75264,six
75277,six
75278,six
75279,six
75280,six
75302,six
75304,six
75305,six
75306,six
75307,six
75308,six
75309,six
75310,six
75311,six
75342,six
75343,six
75344,six
75379,six
75380,six
75381,six
75382,six
75383,six
75479,six
75480,six
75495,six
75496,six
75497,six
75498,six
75499,six
75528,six
75557,six
75591,six
75652,six
75653,six
75654,six
75655,six
75656,six
75716,six
75754,six
75771,six
75772,six
75824,six
75825,six
75826,six
75827,six
75828,six
75829,six
75830,six
75831,six
75832,six
75833,six
75834,six
75852,six
75859,six
75860,six
75861,six
75862,six
75863,six
75864,six
75865,six
75866,six
75885,six
75886,six
75887,six
75888,six
75889,six
75915,six
75916,six
75917,six
75923,six
75946,six
75947,six
75958,six
75959,six
75960,six
75961,six
75962,six
75966,six
76012,six
76036,six
76037,six
76038,six
76039,six
76042,six
76043,six
76044,six
76084,six
76094,six
76095,six
76096,six
76097,six
76098,six
76132,six
76133,six
76134,six
76168,six
76216,six
76221,six
76267,six
76268,six
76282,six
76283,six
76309,six
76310,six
76311,six
76312,six
76313,six
76364,six
76365,six
76366,six
76367,six
76368,six
76386,six
76415,six
76416,six
76427,six
76428,six
76429,six
76430,six
76477,six
76478,six
76479,six
76480,six
76481,six
76482,six
76515,six
76516,six
76517,six
76518,six
76519,six
76520,six
76521,six
76540,six
76585,six
76586,six
76587,six
76588,six
76589,six
76620,six
76736,six
76737,six
76738,six
76739,six
76844,six
76845,six
76850,six
76889,six
76890,six
76905,six
76906,six
76907,six
76928,six
76929,six
76930,six
76931,six
76932,six
76966,six
76978,six
76979,six
76980,six
76981,six
76982,six
77007,six
77019,six
77020,six
77026,six
77027,six
77028,six
77029,six
77038,six
77039,six
77040,six
77041,six
77042,six
77057,stop
77084,stop
77085,stop
77086,stop
77107,stop
77108,stop
77110,stop
77115,stop
77133,stop
77134,stop
77135,stop
77136,stop
77165,stop
77166,stop
77167,stop
77169,stop
77170,stop
77211,stop
77220,stop
77221,stop
77222,stop
77223,stop
77233,stop
77234,stop
77235,stop
77236,stop
77237,stop
77265,stop
77275,stop
77276,stop
77277,stop
77278,stop
77282,stop
77321,stop
77322,stop
77325,stop
77326,stop
77327,stop
77328,stop
77329,stop
77335,stop
77348,stop
77365,stop
77366,stop
77416,stop
77426,stop
77427,stop
77433,stop
77447,stop
77450,stop
77451,stop
77468,stop
77469,stop
77470,stop
77481,stop
77482,stop
77483,stop
77484,stop
77485,stop
77486,stop
77487,stop
77488,stop
77489,stop
77508,stop
77555,stop
77577,stop
77578,stop
77695,stop
77696,stop
77697,stop
77705,stop
77735,stop
77736,stop
77777,stop
77778,stop
77799,stop
77800,stop
77801,stop
77802,stop
77803,stop
77827,stop
77828,stop
77829,stop
77830,stop
77831,stop
77859,stop
77860,stop
77869,stop
77919,stop
77950,stop
77951,stop
77952,stop
77953,stop
77973,stop
77974,stop
77975,stop
77976,stop
77998,stop
77999,stop
78040,stop
78041,stop
78042,stop
78051,stop
78057,stop
78058,stop
78059,stop
78060,stop
78061,stop
78144,stop
78145,stop
78159,stop
78217,stop
78218,stop
78219,stop
78220,stop
78221,stop
78222,stop
78223,stop
78224,stop
78247,stop
78271,stop
78272,stop
78273,stop
78274,stop
78275,stop
78307,stop
78328,stop
78329,stop
78330,stop
78331,stop
78335,stop
78345,stop
78346,stop
78347,stop
78348,stop
78349,stop
78350,stop
78351,stop
78379,stop
78387,stop
78402,stop
78403,stop
78404,stop
78405,stop
78406,stop
78436,stop
78450,stop
78451,stop
78452,stop
78453,stop
78454,stop
78503,stop
78504,stop
78505,stop
78506,stop
78507,stop
78549,stop
78561,stop
78562,stop
78563,stop
78583,stop
78650,stop
78672,stop
78673,stop
78674,stop
78675,stop
78676,stop
78695,stop
78696,stop
78706,stop
78707,stop
78708,stop
78721,stop
78722,stop
78725,stop
78743,stop
78744,stop
78745,stop
78746,stop
78747,stop
78752,stop
78753,stop
78759,stop
78760,stop
78761,stop
78762,stop
78763,stop
78768,stop
78769,stop
78770,stop
78771,stop
78772,stop
78773,stop
78774,stop
78825,stop
78826,stop
78878,stop
78887,stop
78888,stop
78889,stop
78890,stop
78891,stop
78978,stop
78979,stop
78980,stop
78981,stop
79032,stop
79042,stop
79061,stop
79062,stop
79063,stop
79064,stop
79120,stop
79121,stop
79122,stop
79123,stop
79143,stop
79186,stop
79187,stop
79188,stop
79200,stop
79201,stop
79219,stop
79220,stop
79221,stop
79222,stop
79223,stop
79260,stop
79261,stop
79262,stop
79264,stop
79300,stop
79301,stop
79302,stop
79303,stop
79304,stop
79393,stop
79401,stop
79402,stop
79411,stop
79412,stop
79436,stop
79437,stop
79461,stop
79462,stop
79463,stop
79551,stop
79552,stop
79557,stop
79558,stop
79559,stop
79560,stop
79561,stop
79594,stop
79595,stop
79619,stop
79631,stop
79660,stop
79664,stop
79665,stop
79716,stop
79717,stop
79718,stop
79719,stop
79720,stop
79721,stop
79722,stop
79723,stop
79724,stop
79725,stop
79726,stop
79727,stop
79747,stop
79750,stop
79751,stop
79752,stop
79753,stop
79754,stop
79755,stop
79756,stop
79757,stop
79758,stop
79759,stop
79782,stop
79783,stop
79784,stop
79785,stop
79786,stop
79813,stop
79814,stop
79815,stop
79816,stop
79854,stop
79865,stop
79866,stop
79867,stop
79868,stop
79885,stop
79886,stop
79922,stop
79923,stop
79924,stop
79925,stop
79977,stop
79978,stop
79979,stop
79980,stop
79981,stop
80089,stop
80090,stop
80097,stop
80098,stop
80131,stop
80132,stop
80142,stop
80170,stop
80176,stop
80177,stop
80178,stop
80179,stop
80180,stop
80181,stop
80185,stop
80186,stop
80242,stop
80243,stop
80244,stop
80245,stop
80246,stop
80262,stop
80263,stop
80266,stop
80288,stop
80300,stop
80301,stop
80302,stop
80303,stop
80341,stop
80342,stop
80343,stop
80344,stop
80345,stop
80346,stop
80347,stop
80362,stop
80379,stop
80380,stop
80381,stop
80382,stop
80383,stop
80463,stop
80464,stop
80465,stop
80466,stop
80616,stop
80617,stop
80618,stop
80619,stop
80722,stop
80723,stop
80727,stop
80728,stop
80771,stop
80772,stop
80787,stop
80788,stop
80789,stop
80790,stop
80791,stop
80807,stop
80808,stop
80809,stop
80810,stop
80811,stop
80856,stop
80868,stop
80869,stop
80870,stop
80871,stop
80890,stop
80891,stop
80904,stop
80907,stop
80911,stop
80912,stop
80913,stop
80914,stop
80969,three
80970,three
80979,three
80980,three
80981,three
80997,three
80998,three
80999,three
81000,three
81001,three
81024,three
81029,three
81030,three
81031,three
81032,three
81076,three
81080,three
81081,three
81082,three
81092,three
81093,three
81094,three
81095,three
81096,three
81116,three
81125,three
81126,three
81127,three
81128,three
81166,three
81167,three
81168,three
81169,three
81170,three
81176,three
81188,three
81189,three
81206,three
81207,three
81216,three
81232,three
81264,three
81268,three
81275,three
81276,three
81300,three
81301,three
81302,three
81303,three
81322,three
81323,three
81324,three
81325,three
81326,three
81339,three
81340,three
81341,three
81342,three
81343,three
81345,three
81364,three
81365,three
81409,three
81410,three
81447,three
81558,three
81564,three
81565,three
81591,three
81592,three
81620,three
81626,three
81651,three
81652,three
81653,three
81654,three
81655,three
81672,three
81673,three
81674,three
81675,three
81676,three
81699,three
81752,three
81753,three
81785,three
81786,three
81787,three
81788,three
81789,three
81807,three
81808,three
81809,three
81810,three
81811,three
81859,three
81871,three
81872,three
81879,three
81880,three
81896,three
81897,three
81899,three
81900,three
81901,three
81902,three
81903,three
81995,three
82040,three
82041,three
82044,three
82045,three
82046,three
82047,three
82048,three
82071,three
82072,three
82132,three
82169,three
82170,three
82171,three
82172,three
82173,three
82174,three
82175,three
82176,three
82203,three
82207,three
82217,three
82218,three
82219,three
82220,three
82221,three
82249,three
82262,three
82263,three
82264,three
82265,three
82266,three
82308,three
82309,three
82310,three
82311,three
82331,three
82353,three
82354,three
82440,three
82441,three
82453,three
82454,three
82455,three
82456,three
82457,three
82462,three
82479,three
82492,three
82493,three
82494,three
82495,three
82497,three
82506,three
82507,three
82510,three
82511,three
82520,three
82521,three
82522,three
82523,three
82524,three
82532,three
82535,three
82536,three
82537,three
82538,three
82539,three
82540,three
82542,three
82543,three
82544,three
82545,three
82546,three
82589,three
82590,three
82626,three
82627,three
82628,three
82633,three
82657,three
82658,three
82659,three
82660,three
82744,three
82745,three
82746,three
82747,three
82798,three
82820,three
82822,three
82823,three
82824,three
82856,three
82916,three
82917,three
82918,three
82926,three
82938,three
82963,three
82965,three
82966,three
82967,three
82968,three
83051,three
83052,three
83053,three
83054,three
83055,three
83070,three
83143,three
83144,three
83145,three
83150,three
83151,three
83152,three
83153,three
83205,three
83238,three
83239,three
83289,three
83290,three
83295,three
83300,three
83301,three
83302,three
83303,three
83304,three
83331,three
83359,three
83360,three
83362,three
83374,three
83399,three
83400,three
83416,three
83417,three
83420,three
83421,three
83476,three
83477,three
83478,three
83479,three
83480,three
83481,three
83482,three
83483,three
83484,three
83485,three
83486,three
83506,three
83510,three
83511,three
83513,three
83514,three
83515,three
83516,three
83517,three
83518,three
83519,three
83520,three
83541,three
83542,three
83543,three
83544,three
83571,three
83572,three
83573,three
83612,three
83613,three
83614,three
83615,three
83623,three
83624,three
83637,three
83680,three
83681,three
83682,three
83683,three
83684,three
83694,three
83695,three
83696,three
83735,three
83736,three
83746,three
83747,three
83748,three
83749,three
83750,three
83775,three
83850,three
83854,three
83897,three
83907,three
83928,three
83929,three
83935,three
83936,three
83937,three
83938,three
83939,three
83940,three
83941,three
83942,three
83945,three
83946,three
83986,three
84002,three
84003,three
84004,three
84005,three
84006,three
84028,three
84029,three
84044,three
84047,three
84048,three
84049,three
84061,three
84062,three
84063,three
84107,three
84108,three
84129,three
84130,three
84147,three
84148,three
84149,three
84150,three
84224,three
84225,three
84226,three
84227,three
84228,three
84245,three
84286,three
84311,three
84361,three
84362,three
84363,three
84364,three
84365,three
84511,three
84512,three
84523,three
84524,three
84525,three
84526,three
84527,three
84546,three
84547,three
84548,three
84549,three
84590,three
84602,three
84603,three
84604,three
84605,three
84625,three
84632,three
84644,three
84645,three
84646,three
84647,three
84665,tree
84676,tree
84678,tree
84679,tree
84680,tree
84681,tree
84689,tree
84693,tree
84695,tree
84706,tree
84707,tree
84735,tree
84748,tree
84749,tree
84758,tree
84769,tree
84777,tree
84778,tree
84779,tree
84780,tree
84781,tree
84794,tree
84808,tree
84809,tree
84826,tree
84828,tree
84832,tree
84841,tree
84842,tree
84849,tree
84851,tree
84852,tree
84858,tree
84867,tree
84886,tree
84904,tree
84905,tree
84909,tree
84944,tree
84945,tree
84946,tree
84950,tree
84952,tree
84953,tree
84971,tree
84980,tree
85014,tree
85015,tree
85068,tree
85079,tree
85081,tree
85082,tree
85095,tree
85116,tree
85136,tree
85185,tree
85186,tree
85187,tree
85189,tree
85190,tree
85191,tree
85192,tree
85248,tree
85252,tree
85253,tree
85257,tree
85258,tree
85291,tree
85343,tree
85357,tree
85358,tree
85359,tree
85375,tree
85391,tree
85394,tree
85395,tree
85396,tree
85411,tree
85417,tree
85424,tree
85425,tree
85426,tree
85428,tree
85433,tree
85442,tree
85450,tree
85452,tree
85453,tree
85454,tree
85491,tree
85494,tree
85505,tree
85506,tree
85507,tree
85594,tree
85595,tree
85596,tree
85628,tree
85629,tree
85652,tree
85653,tree
85655,tree
85656,tree
85657,tree
85681,tree
85704,tree
85754,tree
85758,tree
85769,tree
85791,tree
85809,tree
85810,tree
85813,tree
85831,tree
85832,tree
85839,tree
85868,tree
85869,tree
85905,tree
85906,tree
85907,tree
85912,tree
85927,tree
85934,tree
85935,tree
85936,tree
85938,tree
85939,tree
85946,tree
85953,tree
85955,tree
85959,tree
85975,tree
85991,tree
85992,tree
86011,tree
86022,tree
86028,tree
86029,tree
86032,tree
86043,tree
86045,tree
86046,tree
86047,tree
86057,tree
86058,tree
86072,tree
86082,tree
86089,tree
86104,tree
86105,tree
86109,tree
86110,tree
86118,tree
86142,tree
86143,tree
86147,tree
86182,tree
86190,tree
86191,tree
86224,tree
86243,tree
86244,tree
86273,tree
86337,tree
86338,tree
86344,tree
86363,tree
86375,tree
86376,tree
86395,tree
86398,tree
86402,tree
86403,tree
86406,tree
86409,tree
86442,two
86443,two
86460,two
86461,two
86462,two
86467,two
86468,two
86477,two
86478,two
86479,two
86480,two
86501,two
86502,two
86503,two
86504,two
86505,two
86538,two
86539,two
86540,two
86591,two
86592,two
86593,two
86594,two
86595,two
86605,two
86606,two
86607,two
86608,two
86609,two
86636,two
86637,two
86638,two
86639,two
86650,two
86651,two
86652,two
86653,two
86654,two
86656,two
86676,two
86693,two
86696,two
86697,two
86698,two
86699,two
86706,two
86707,two
86708,two
86747,two
86764,two
86794,two
86795,two
86796,two
86800,two
86801,two
86826,two
86827,two
86828,two
86829,two
86830,two
86843,two
86844,two
86845,two
86846,two
86848,two
86849,two
86850,two
86857,two
86858,two
86859,two
86860,two
86863,two
86883,two
86884,two
86959,two
86960,two
86961,two
86968,two
87072,two
87175,two
87176,two
87177,two
87178,two
87179,two
87198,two
87199,two
87200,two
87201,two
87202,two
87235,two
87278,two
87279,two
87312,two
87313,two
87314,two
87315,two
87332,two
87333,two
87402,two
87403,two
87410,two
87411,two
87467,two
87498,two
87499,two
87507,two
87566,two
87569,two
87570,two
87571,two
87572,two
87573,two
87574,two
87629,two
87630,two
87668,two
87669,two
87700,two
87701,two
87702,two
87703,two
87704,two
87705,two
87731,two
87732,two
87737,two
87738,two
87756,two
87757,two
87758,two
87759,two
87760,two
87794,two
87795,two
87807,two
87808,two
87809,two
87810,two
87864,two
87865,two
87866,two
87867,two
87868,two
87946,two
87947,two
88010,two
88019,two
88020,two
88027,two
88028,two
88029,two
88030,two
88054,two
88055,two
88057,two
88058,two
88066,two
88069,two
88070,two
88082,two
88083,two
88084,two
88085,two
88086,two
88088,two
88089,two
88090,two
88098,two
88099,two
88101,two
88102,two
88103,two
88104,two
88107,two
88108,two
88109,two
88110,two
88201,two
88202,two
88224,two
88225,two
88226,two
88227,two
88319,two
88320,two
88321,two
88322,two
88323,two
88374,two
88384,two
88402,two
88403,two
88404,two
88409,two
88410,two
88411,two
88412,two
88460,two
88461,two
88462,two
88463,two
88484,two
88485,two
88486,two
88490,two
88513,two
88514,two
88522,two
88523,two
88529,two
88530,two
88546,two
88564,two
88565,two
88566,two
88605,two
88606,two
88607,two
88608,two
88643,two
88644,two
88645,two
88646,two
88647,two
88663,two
88664,two
88734,two
88752,two
88753,two
88754,two
88783,two
88808,two
88809,two
88894,two
88902,two
88903,two
88904,two
88905,two
88945,two
88985,two
88997,two
89000,two
89040,two
89101,two
89102,two
89103,two
89104,two
89105,two
89106,two
89107,two
89108,two
89109,two
89110,two
89111,two
89112,two
89137,two
89138,two
89141,two
89142,two
89143,two
89144,two
89145,two
89146,two
89147,two
89148,two
89149,two
89165,two
89166,two
89167,two
89168,two
89190,two
89191,two
89192,two
89193,two
89200,two
89201,two
89234,two
89235,two
89236,two
89237,two
89242,two
89255,two
89256,two
89284,two
89291,two
89301,two
89302,two
89303,two
89304,two
89305,two
89306,two
89310,two
89311,two
89315,two
89316,two
89373,two
89374,two
89375,two
89376,two
89377,two
89415,two
89495,two
89516,two
89529,two
89558,two
89581,two
89582,two
89583,two
89584,two
89585,two
89586,two
89587,two
89590,two
89622,two
89643,two
89644,two
89645,two
89646,two
89647,two
89663,two
89664,two
89665,two
89666,two
89667,two
89668,two
89696,two
89700,two
89701,two
89715,two
89716,two
89717,two
89718,two
89719,two
89758,two
89759,two
89760,two
89761,two
89762,two
89763,two
89788,two
89789,two
89804,two
89805,two
89806,two
89807,two
89808,two
89809,two
89831,two
89832,two
89868,two
89869,two
89870,two
89871,two
89872,two
89892,two
89893,two
89933,two
90003,two
90004,two
90005,two
90006,two
90007,two
90117,two
90156,two
90158,two
90160,two
90174,two
90175,two
90176,two
90177,two
90178,two
90194,two
90195,two
90196,two
90197,two
90198,two
90245,two
90246,two
90247,two
90248,two
90249,two
90277,two
90278,two
90281,two
90283,two
90288,two
90295,up
90322,up
90323,up
90326,up
90336,up
90337,up
90369,up
90370,up
90371,up
90372,up
90373,up
90398,up
90400,up
90444,up
90445,up
90450,up
90451,up
90452,up
90460,up
90461,up
90462,up
90463,up
90497,up
90498,up
90499,up
90500,up
90501,up
90504,up
90505,up
90523,up
90524,up
90525,up
90540,up
90544,up
90545,up
90546,up
90547,up
90548,up
90554,up
90567,up
90585,up
90586,up
90593,up
90609,up
90648,up
90654,up
90666,up
90667,up
90668,up
90671,up
90688,up
90689,up
90690,up
90691,up
90701,up
90702,up
90703,up
90704,up
90705,up
90706,up
90707,up
90919,up
90920,up
90921,up
90927,up
90953,up
90984,up
91004,up
91005,up
91006,up
91007,up
91008,up
91030,up
91031,up
91032,up
91033,up
91063,up
91064,up
91102,up
91131,up
91132,up
91133,up
91134,up
91135,up
91153,up
91154,up
91155,up
91156,up
91180,up
91214,up
91230,up
91238,up
91243,up
91244,up
91259,up
91260,up
91261,up
91262,up
91270,up
91271,up
91272,up
91313,up
91314,up
91347,up
91348,up
91358,up
91414,up
91425,up
91426,up
91427,up
91428,up
91429,up
91488,up
91490,up
91491,up
91492,up
91522,up
91523,up
91545,up
91546,up
91554,up
91568,up
91569,up
91570,up
91571,up
91572,up
91573,up
91602,up
91603,up
91619,up
91620,up
91621,up
91622,up
91623,up
91628,up
91670,up
91671,up
91672,up
91708,up
91709,up
91710,up
91711,up
91712,up
91747,up
91762,up
91782,up
91783,up
91861,up
91862,up
91863,up
91864,up
91865,up
91866,up
91892,up
91893,up
91896,up
91903,up
91906,up
91907,up
91919,up
91920,up
91921,up
91922,up
91923,up
91925,up
91926,up
91931,up
91932,up
91933,up
91934,up
91935,up
91937,up
91938,up
91939,up
91940,up
91941,up
91942,up
91993,up
91994,up
91996,up
92039,up
92051,up
92061,up
92062,up
92146,up
92147,up
92148,up
92149,up
92191,up
92222,up
92223,up
92224,up
92225,up
92226,up
92275,up
92276,up
92277,up
92278,up
92279,up
92302,up
92303,up
92307,up
92328,up
92335,up
92336,up
92337,up
92350,up
92369,up
92374,up
92375,up
92376,up
92377,up
92378,up
92407,up
92408,up
92419,up
92420,up
92421,up
92422,up
92423,up
92424,up
92457,up
92458,up
92459,up
92460,up
92461,up
92544,up
92555,up
92556,up
92593,up
92634,up
92676,up
92684,up
92685,up
92686,up
92687,up
92688,up
92756,up
92768,up
92769,up
92790,up
92845,up
92846,up
92847,up
92848,up
92849,up
92850,up
92851,up
92852,up
92853,up
92854,up
92875,up
92877,up
92878,up
92882,up
92883,up
92884,up
92885,up
92886,up
92887,up
92910,up
92911,up
92912,up
92913,up
92942,up
92943,up
92944,up
92950,up
92980,up
92981,up
92982,up
92983,up
92984,up
92995,up
92996,up
93027,up
93031,up
93042,up
93043,up
93044,up
93045,up
93046,up
93049,up
93050,up
93051,up
93053,up
93054,up
93055,up
93058,up
93110,up
93111,up
93112,up
93113,up
93114,up
93144,up
93233,up
93239,up
93240,up
93257,up
93278,up
93279,up
93317,up
93318,up
93322,up
93323,up
93324,up
93325,up
93326,up
93327,up
93379,up
93380,up
93381,up
93382,up
93395,up
93396,up
93413,up
93426,up
93427,up
93428,up
93429,up
93477,up
93478,up
93479,up
93480,up
93481,up
93482,up
93504,up
93521,up
93522,up
93523,up
93524,up
93525,up
93526,up
93543,up
93544,up
93592,up
93593,up
93594,up
93595,up
93622,up
93731,up
93732,up
93733,up
93734,up
93735,up
93841,up
93848,up
93882,up
93884,up
93885,up
93898,up
93899,up
93900,up
93901,up
93902,up
93913,up
93914,up
93915,up
93916,up
93917,up
93951,up
93959,up
93960,up
93961,up
93962,up
93986,up
93987,up
93996,up
93997,up
93998,up
93999,up
94002,up
94009,up
94010,up
94033,visual
94034,visual
94035,visual
94036,visual
94042,visual
94048,visual
94049,visual
94050,visual
94051,visual
94052,visual
94089,visual
94090,visual
94091,visual
94092,visual
94099,visual
94100,visual
94101,visual
94102,visual
94103,visual
94128,visual
94130,visual
94131,visual
94132,visual
94165,visual
94187,visual
94188,visual
94198,visual
94199,visual
94200,visual
94201,visual
94227,visual
94341,visual
94342,visual
94343,visual
94344,visual
94345,visual
94352,visual
94353,visual
94354,visual
94355,visual
94385,visual
94386,visual
94387,visual
94388,visual
94403,visual
94404,visual
94405,visual
94406,visual
94407,visual
94448,visual
94449,visual
94450,visual
94451,visual
94512,visual
94513,visual
94514,visual
94515,visual
94516,visual
94622,visual
94623,visual
94624,visual
94625,visual
94639,visual
94640,visual
94641,visual
94642,visual
94643,visual
94704,visual
94723,visual
94831,visual
94842,visual
94843,visual
94844,visual
94845,visual
94860,visual
94861,visual
94862,visual
94863,visual
94906,visual
94907,visual
94928,visual
94929,visual
94970,visual
94971,visual
94972,visual
94973,visual
95043,visual
95049,visual
95050,visual
95051,visual
95052,visual
95082,visual
95095,visual
95109,visual
95110,visual
95111,visual
95112,visual
95113,visual
95114,visual
95115,visual
95116,visual
95117,visual
95118,visual
95119,visual
95167,visual
95168,visual
95169,visual
95170,visual
95171,visual
95199,visual
95200,visual
95206,visual
95214,visual
95215,visual
95216,visual
95252,visual
95290,visual
95291,visual
95333,visual
95356,visual
95357,visual
95358,visual
95359,visual
95368,visual
95369,visual
95370,visual
95371,visual
95372,visual
95373,visual
95394,visual
95395,visual
95396,visual
95397,visual
95398,visual
95430,visual
95450,visual
95451,visual
95452,visual
95453,visual
95545,visual
95546,visual
95547,visual
95548,visual
95554,visual
95555,visual
95556,visual
95557,visual
95558,visual
95575,visual
95576,visual
95577,visual
95578,visual
95579,visual
95598,visual
95599,visual
95602,visual
95608,visual
95609,visual
95610,wow
95635,wow
95647,wow
95658,wow
95659,wow
95660,wow
95661,wow
95705,wow
95707,wow
95730,wow
95746,wow
95757,wow
95758,wow
95773,wow
95804,wow
95805,wow
95820,wow
95823,wow
95824,wow
95834,wow
95850,wow
95851,wow
95852,wow
95854,wow
95855,wow
95857,wow
95858,wow
95859,wow
95876,wow
95877,wow
95913,wow
95914,wow
95915,wow
95967,wow
95968,wow
95971,wow
95972,wow
95975,wow
95988,wow
96000,wow
96001,wow
96018,wow
96036,wow
96037,wow
96052,wow
96092,wow
96109,wow
96110,wow
96118,wow
96119,wow
96124,wow
96125,wow
96128,wow
96140,wow
96153,wow
96154,wow
96189,wow
96242,wow
96245,wow
96271,wow
96273,wow
96288,wow
96289,wow
96301,wow
96303,wow
96306,wow
96315,wow
96316,wow
96340,wow
96354,wow
96357,wow
96375,wow
96385,wow
96407,wow
96419,wow
96420,wow
96434,wow
96444,wow
96445,wow
96446,wow
96447,wow
96455,wow
96498,wow
96503,wow
96504,wow
96505,wow
96517,wow
96518,wow
96521,wow
96526,wow
96535,wow
96536,wow
96537,wow
96538,wow
96543,wow
96546,wow
96555,wow
96557,wow
96558,wow
96560,wow
96561,wow
96563,wow
96564,wow
96566,wow
96598,wow
96622,wow
96623,wow
96630,wow
96646,wow
96697,wow
96722,wow
96723,wow
96727,wow
96728,wow
96731,wow
96732,wow
96743,wow
96782,wow
96802,wow
96804,wow
96811,wow
96812,wow
96813,wow
96814,wow
96815,wow
96816,wow
96818,wow
96826,wow
96830,wow
96855,wow
96856,wow
96874,wow
96884,wow
96930,wow
96943,wow
96946,wow
96947,wow
96969,wow
96970,wow
97005,wow
97029,wow
97030,wow
97035,wow
97065,wow
97092,wow
97093,wow
97096,wow
97118,wow
97119,wow
97127,wow
97129,wow
97162,wow
97163,wow
97164,wow
97183,wow
97193,wow
97204,wow
97217,wow
97222,wow
97240,wow
97241,wow
97257,wow
97258,wow
97261,wow
97262,wow
97263,wow
97277,wow
97286,wow
97302,wow
97304,wow
97354,wow
97355,wow
97370,wow
97371,wow
97372,wow
97373,wow
97374,wow
97388,wow
97398,wow
97411,wow
97427,wow
97432,wow
97433,wow
97434,wow
97461,wow
97462,wow
97464,wow
97481,wow
97482,wow
97493,wow
97503,wow
97526,wow
97539,wow
97540,wow
97557,wow
97558,wow
97631,wow
97647,wow
97648,wow
97649,wow
97653,wow
97668,wow
97693,wow
97694,wow
97695,wow
97702,wow
97711,wow
97712,wow
97714,wow
97718,wow
97719,wow
97720,wow
97733,yes
97734,yes
97770,yes
97784,yes
97793,yes
97794,yes
97795,yes
97796,yes
97817,yes
97818,yes
97819,yes
97820,yes
97825,yes
97826,yes
97827,yes
97854,yes
97855,yes
97908,yes
97915,yes
97916,yes
97917,yes
97918,yes
97925,yes
97926,yes
97927,yes
97928,yes
97929,yes
97930,yes
97972,yes
97973,yes
97974,yes
97975,yes
97976,yes
97978,yes
98005,yes
98006,yes
98020,yes
98026,yes
98027,yes
98028,yes
98029,yes
98030,yes
98036,yes
98037,yes
98056,yes
98083,yes
98084,yes
98126,yes
98132,yes
98150,yes
98151,yes
98173,yes
98174,yes
98175,yes
98186,yes
98187,yes
98188,yes
98189,yes
98190,yes
98191,yes
98212,yes
98213,yes
98260,yes
98286,yes
98287,yes
98294,yes
98406,yes
98419,yes
98420,yes
98443,yes
98479,yes
98480,yes
98481,yes
98488,yes
98489,yes
98511,yes
98512,yes
98513,yes
98514,yes
98515,yes
98540,yes
98541,yes
98542,yes
98543,yes
98544,yes
98567,yes
98579,yes
98622,yes
98648,yes
98649,yes
98650,yes
98651,yes
98652,yes
98674,yes
98675,yes
98676,yes
98677,yes
98678,yes
98679,yes
98700,yes
98701,yes
98746,yes
98747,yes
98756,yes
98757,yes
98758,yes
98767,yes
98772,yes
98773,yes
98774,yes
98775,yes
98776,yes
98794,yes
98834,yes
98875,yes
98886,yes
98887,yes
98948,yes
98949,yes
98950,yes
98951,yes
98952,yes
98953,yes
99017,yes
99018,yes
99020,yes
99021,yes
99073,yes
99074,yes
99075,yes
99078,yes
99084,yes
99085,yes
99096,yes
99097,yes
99098,yes
99099,yes
99100,yes
99101,yes
99102,yes
99131,yes
99132,yes
99149,yes
99150,yes
99151,yes
99152,yes
99184,yes
99185,yes
99194,yes
99195,yes
99196,yes
99197,yes
99198,yes
99246,yes
99247,yes
99248,yes
99249,yes
99250,yes
99277,yes
99278,yes
99279,yes
99299,yes
99339,yes
99415,yes
99416,yes
99435,yes
99436,yes
99437,yes
99438,yes
99442,yes
99459,yes
99471,yes
99472,yes
99480,yes
99487,yes
99503,yes
99504,yes
99505,yes
99506,yes
99514,yes
99517,yes
99518,yes
99519,yes
99520,yes
99522,yes
99523,yes
99524,yes
99525,yes
99526,yes
99527,yes
99625,yes
99627,yes
99638,yes
99651,yes
99652,yes
99737,yes
99738,yes
99739,yes
99794,yes
99795,yes
99796,yes
99822,yes
99823,yes
99824,yes
99825,yes
99826,yes
99860,yes
99861,yes
99862,yes
99887,yes
99917,yes
99925,yes
99927,yes
99943,yes
99944,yes
99968,yes
99971,yes
99972,yes
99973,yes
99974,yes
99976,yes
99977,yes
99978,yes
99979,yes
99980,yes
100010,yes
100053,yes
100054,yes
100055,yes
100056,yes
100057,yes
100161,yes
100166,yes
100167,yes
100168,yes
100169,yes
100252,yes
100253,yes
100254,yes
100309,yes
100315,yes
100318,yes
100319,yes
100320,yes
100321,yes
100322,yes
100323,yes
100359,yes
100360,yes
100389,yes
100390,yes
100391,yes
100427,yes
100441,yes
100488,yes
100489,yes
100490,yes
100491,yes
100492,yes
100493,yes
100494,yes
100495,yes
100496,yes
100497,yes
100498,yes
100499,yes
100519,yes
100521,yes
100522,yes
100523,yes
100524,yes
100525,yes
100526,yes
100527,yes
100528,yes
100529,yes
100530,yes
100552,yes
100553,yes
100554,yes
100555,yes
100556,yes
100584,yes
100585,yes
100586,yes
100587,yes
100588,yes
100596,yes
100597,yes
100625,yes
100636,yes
100637,yes
100638,yes
100639,yes
100640,yes
100661,yes
100704,yes
100705,yes
100706,yes
100707,yes
100708,yes
100711,yes
100712,yes
100713,yes
100715,yes
100718,yes
100761,yes
100776,yes
100777,yes
100778,yes
100779,yes
100780,yes
100853,yes
100904,yes
100927,yes
100944,yes
100956,yes
100969,yes
100992,yes
100993,yes
100994,yes
100995,yes
100996,yes
100997,yes
100998,yes
100999,yes
101000,yes
101034,yes
101054,yes
101055,yes
101056,yes
101057,yes
101058,yes
101107,yes
101108,yes
101109,yes
101112,yes
101113,yes
101114,yes
101115,yes
101128,yes
101129,yes
101130,yes
101131,yes
101132,yes
101181,yes
101182,yes
101183,yes
101184,yes
101185,yes
101187,yes
101241,yes
101242,yes
101243,yes
101244,yes
101245,yes
101246,yes
101247,yes
101248,yes
101269,yes
101281,yes
101328,yes
101329,yes
101330,yes
101331,yes
101350,yes
101400,yes
101401,yes
101417,yes
101467,yes
101468,yes
101469,yes
101470,yes
101576,yes
101612,yes
101613,yes
101616,yes
101617,yes
101618,yes
101619,yes
101620,yes
101634,yes
101635,yes
101636,yes
101637,yes
101638,yes
101654,yes
101655,yes
101656,yes
101657,yes
101658,yes
101716,yes
101717,yes
101718,yes
101719,yes
101720,yes
101740,yes
101755,yes
101756,yes
101758,yes
101764,yes
101765,yes
101766,yes
101767,yes
101777,zero
101778,zero
101800,zero
101820,zero
101826,zero
101827,zero
101828,zero
101832,zero
101833,zero
101834,zero
101855,zero
101856,zero
101857,zero
101858,zero
101859,zero
101887,zero
101888,zero
101889,zero
101939,zero
101945,zero
101946,zero
101947,zero
101948,zero
101949,zero
101961,zero
101962,zero
101963,zero
101964,zero
101965,zero
102005,zero
102006,zero
102007,zero
102008,zero
102009,zero
102054,zero
102055,zero
102057,zero
102058,zero
102059,zero
102060,zero
102061,zero
102066,zero
102067,zero
102088,zero
102089,zero
102105,zero
102116,zero
102117,zero
102128,zero
102129,zero
102130,zero
102131,zero
102172,zero
102173,zero
102174,zero
102180,zero
102181,zero
102202,zero
102203,zero
102206,zero
102224,zero
102225,zero
102226,zero
102230,zero
102239,zero
102240,zero
102241,zero
102242,zero
102243,zero
102267,zero
102268,zero
102363,zero
102491,zero
102492,zero
102493,zero
102494,zero
102495,zero
102496,zero
102551,zero
102585,zero
102586,zero
102587,zero
102588,zero
102589,zero
102609,zero
102610,zero
102611,zero
102612,zero
102613,zero
102649,zero
102717,zero
102718,zero
102719,zero
102720,zero
102721,zero
102744,zero
102745,zero
102746,zero
102747,zero
102832,zero
102842,zero
102843,zero
102844,zero
102845,zero
102846,zero
102894,zero
102928,zero
102929,zero
102930,zero
102931,zero
102938,zero
102939,zero
102997,zero
102999,zero
103000,zero
103001,zero
103002,zero
103003,zero
103004,zero
103005,zero
103032,zero
103033,zero
103054,zero
103109,zero
103111,zero
103118,zero
103119,zero
103127,zero
103128,zero
103129,zero
103130,zero
103131,zero
103132,zero
103133,zero
103164,zero
103181,zero
103182,zero
103183,zero
103184,zero
103185,zero
103192,zero
103234,zero
103235,zero
103236,zero
103237,zero
103238,zero
103284,zero
103285,zero
103286,zero
103287,zero
103288,zero
103347,zero
103446,zero
103461,zero
103462,zero
103463,zero
103464,zero
103465,zero
103496,zero
103497,zero
103498,zero
103504,zero
103509,zero
103518,zero
103520,zero
103532,zero
103533,zero
103534,zero
103535,zero
103536,zero
103546,zero
103547,zero
103548,zero
103549,zero
103552,zero
103555,zero
103556,zero
103557,zero
103558,zero
103559,zero
103614,zero
103659,zero
103660,zero
103683,zero
103684,zero
103685,zero
103772,zero
103773,zero
103774,zero
103775,zero
103776,zero
103824,zero
103825,zero
103826,zero
103834,zero
103854,zero
103855,zero
103856,zero
103857,zero
103858,zero
103898,zero
103899,zero
103900,zero
103922,zero
103926,zero
103927,zero
103957,zero
103971,zero
104000,zero
104001,zero
104002,zero
104003,zero
104004,zero
104005,zero
104030,zero
104031,zero
104080,zero
104081,zero
104082,zero
104083,zero
104084,zero
104106,zero
104178,zero
104179,zero
104190,zero
104195,zero
104196,zero
104197,zero
104198,zero
104199,zero
104205,zero
104206,zero
104207,zero
104302,zero
104353,zero
104354,zero
104364,zero
104365,zero
104366,zero
104367,zero
104368,zero
104418,zero
104419,zero
104452,zero
104453,zero
104454,zero
104494,zero
104495,zero
104496,zero
104497,zero
104513,zero
104516,zero
104517,zero
104566,zero
104567,zero
104568,zero
104569,zero
104570,zero
104571,zero
104572,zero
104573,zero
104574,zero
104575,zero
104576,zero
104604,zero
104605,zero
104608,zero
104611,zero
104612,zero
104613,zero
104614,zero
104615,zero
104616,zero
104617,zero
104618,zero
104619,zero
104639,zero
104640,zero
104641,zero
104642,zero
104643,zero
104674,zero
104675,zero
104676,zero
104677,zero
104678,zero
104688,zero
104689,zero
104714,zero
104715,zero
104716,zero
104717,zero
104728,zero
104729,zero
104730,zero
104731,zero
104732,zero
104736,zero
104751,zero
104752,zero
104795,zero
104796,zero
104797,zero
104798,zero
104799,zero
104800,zero
104802,zero
104803,zero
104804,zero
104847,zero
104857,zero
104858,zero
104859,zero
104860,zero
104861,zero
104987,zero
104996,zero
104997,zero
105030,zero
105031,zero
105051,zero
105052,zero
105053,zero
105070,zero
105076,zero
105077,zero
105078,zero
105079,zero
105080,zero
105081,zero
105082,zero
105086,zero
105124,zero
105125,zero
105146,zero
105147,zero
105148,zero
105149,zero
105150,zero
105170,zero
105200,zero
105217,zero
105218,zero
105219,zero
105220,zero
105221,zero
105260,zero
105261,zero
105262,zero
105263,zero
105264,zero
105265,zero
105266,zero
105287,zero
105288,zero
105289,zero
105290,zero
105291,zero
105316,zero
105317,zero
105318,zero
105319,zero
105320,zero
105339,zero
105390,zero
105391,zero
105392,zero
105393,zero
105394,zero
105415,zero
105452,zero
105453,zero
105521,zero
105522,zero
105523,zero
105524,zero
105525,zero
105526,zero
105670,zero
105673,zero
105686,zero
105687,zero
105688,zero
105689,zero
105690,zero
105705,zero
105706,zero
105707,zero
105708,zero
105709,zero
105751,zero
105763,zero
105764,zero
105765,zero
105766,zero
105767,zero
105768,zero
105789,zero
105796,zero
105802,zero
105803,zero
105806,zero
105812,zero
105813,zero
105814,zero
